Dataset,Model,Attack,Partition,Aggregator,Iteration,Metric,Mean,CI
CIFAR-10,softmax,static,iid,Mean,0,accs,0.10555,0.014209999999999999
CIFAR-10,softmax,static,iid,Mean,1,accs,0.10555,0.014209999999999999
CIFAR-10,softmax,static,iid,Mean,2,accs,0.10555,0.014209999999999999
CIFAR-10,softmax,static,iid,Mean,3,accs,0.10555,0.014209999999999999
CIFAR-10,softmax,static,iid,Mean,4,accs,0.10555,0.014209999999999999
CIFAR-10,softmax,static,iid,Mean,5,accs,0.10555,0.014209999999999999
CIFAR-10,softmax,static,iid,Mean,6,accs,0.10555,0.014209999999999999
CIFAR-10,softmax,static,iid,Mean,7,accs,0.10555,0.014209999999999999
CIFAR-10,softmax,static,iid,Mean,8,accs,0.10555,0.014209999999999999
CIFAR-10,softmax,static,iid,Mean,9,accs,0.15865,0.013426000000000016
CIFAR-10,softmax,static,iid,Mean,0,losses,2.3003929513931274,0.0032975831375124183
CIFAR-10,softmax,static,iid,Mean,1,losses,2.3003929513931274,0.0032975831375124183
CIFAR-10,softmax,static,iid,Mean,2,losses,2.3003929513931274,0.0032975831375124183
CIFAR-10,softmax,static,iid,Mean,3,losses,2.3003929513931274,0.0032975831375124183
CIFAR-10,softmax,static,iid,Mean,4,losses,2.3003929513931274,0.0032975831375124183
CIFAR-10,softmax,static,iid,Mean,5,losses,2.3003929513931274,0.0032975831375124183
CIFAR-10,softmax,static,iid,Mean,6,losses,2.3003929513931274,0.0032975831375124183
CIFAR-10,softmax,static,iid,Mean,7,losses,2.3003929513931274,0.0032975831375124183
CIFAR-10,softmax,static,iid,Mean,8,losses,2.3003929513931274,0.0032975831375124183
CIFAR-10,softmax,static,iid,Mean,9,losses,2.3449805255889893,0.06467880744934103
CIFAR-10,softmax,static,iid,Mean,0,xi,3.817603588104248,0.28913024067878723
CIFAR-10,softmax,static,iid,Mean,1,xi,3.3202805519104004,0.06679802387952805
CIFAR-10,softmax,static,iid,Mean,2,xi,2.9815988540649414,0.040887150913476944
CIFAR-10,softmax,static,iid,Mean,3,xi,2.7563347816467285,0.04832611232995987
CIFAR-10,softmax,static,iid,Mean,4,xi,2.488550901412964,0.04405942186713219
CIFAR-10,softmax,static,iid,Mean,5,xi,2.3468499183654785,0.2301536351442337
CIFAR-10,softmax,static,iid,Mean,6,xi,2.129408836364746,0.24718299508094788
CIFAR-10,softmax,static,iid,Mean,7,xi,1.881353735923767,0.2213132530450821
CIFAR-10,softmax,static,iid,Mean,8,xi,1.7789000272750854,0.19983378052711487
CIFAR-10,softmax,static,iid,Mean,9,xi,1.6682686805725098,0.33192896842956543
CIFAR-10,softmax,static,iid,Mean,0,A,4.124630928039551,0.3063502311706543
CIFAR-10,softmax,static,iid,Mean,1,A,3.814730167388916,0.17484816908836365
CIFAR-10,softmax,static,iid,Mean,2,A,3.5189995765686035,0.010525241494178772
CIFAR-10,softmax,static,iid,Mean,3,A,3.117567539215088,0.09823636710643768
CIFAR-10,softmax,static,iid,Mean,4,A,2.754438877105713,0.2229609340429306
CIFAR-10,softmax,static,iid,Mean,5,A,2.518341302871704,0.24291633069515228
CIFAR-10,softmax,static,iid,Mean,6,A,2.3686790466308594,0.579383373260498
CIFAR-10,softmax,static,iid,Mean,7,A,2.270016670227051,0.6552872061729431
CIFAR-10,softmax,static,iid,Mean,8,A,2.044377565383911,0.2512281835079193
CIFAR-10,softmax,static,iid,Mean,9,A,1.9696738719940186,0.3374931216239929
CIFAR-10,softmax,static,iid,Mean,0,variance,0.0003607867984101176,2.0717488951049745e-05
CIFAR-10,softmax,static,iid,Mean,1,variance,0.0002927921013906598,1.3490820016670568e-08
CIFAR-10,softmax,static,iid,Mean,2,variance,0.00023939760285429657,2.2654401163890725e-06
CIFAR-10,softmax,static,iid,Mean,3,variance,0.00019372101814951748,7.029186122053943e-07
CIFAR-10,softmax,static,iid,Mean,4,variance,0.00015937871648930013,2.8169795314170187e-06
CIFAR-10,softmax,static,iid,Mean,5,variance,0.00013019180914852768,7.513571290473919e-06
CIFAR-10,softmax,static,iid,Mean,6,variance,0.00010833897977136075,4.795791141987138e-07
CIFAR-10,softmax,static,iid,Mean,7,variance,8.933971548685804e-05,9.202687465403869e-07
CIFAR-10,softmax,static,iid,Mean,8,variance,7.412205741275102e-05,1.2418799997249153e-06
CIFAR-10,softmax,static,iid,Mean,9,variance,6.481396849267185e-05,1.1740481795641244e-06
CIFAR-10,softmax,static,iid,Mean,0,per_class_accs_class_0,0.20700000000000002,0.11760000000000002
CIFAR-10,softmax,static,iid,Mean,1,per_class_accs_class_0,0.20700000000000002,0.11760000000000002
CIFAR-10,softmax,static,iid,Mean,2,per_class_accs_class_0,0.20700000000000002,0.11760000000000002
CIFAR-10,softmax,static,iid,Mean,3,per_class_accs_class_0,0.20700000000000002,0.11760000000000002
CIFAR-10,softmax,static,iid,Mean,4,per_class_accs_class_0,0.20700000000000002,0.11760000000000002
CIFAR-10,softmax,static,iid,Mean,5,per_class_accs_class_0,0.20700000000000002,0.11760000000000002
CIFAR-10,softmax,static,iid,Mean,6,per_class_accs_class_0,0.20700000000000002,0.11760000000000002
CIFAR-10,softmax,static,iid,Mean,7,per_class_accs_class_0,0.20700000000000002,0.11760000000000002
CIFAR-10,softmax,static,iid,Mean,8,per_class_accs_class_0,0.20700000000000002,0.11760000000000002
CIFAR-10,softmax,static,iid,Mean,9,per_class_accs_class_0,0.2605,0.42238
CIFAR-10,softmax,static,iid,Mean,0,per_class_accs_class_1,0.0675,0.02646
CIFAR-10,softmax,static,iid,Mean,1,per_class_accs_class_1,0.0675,0.02646
CIFAR-10,softmax,static,iid,Mean,2,per_class_accs_class_1,0.0675,0.02646
CIFAR-10,softmax,static,iid,Mean,3,per_class_accs_class_1,0.0675,0.02646
CIFAR-10,softmax,static,iid,Mean,4,per_class_accs_class_1,0.0675,0.02646
CIFAR-10,softmax,static,iid,Mean,5,per_class_accs_class_1,0.0675,0.02646
CIFAR-10,softmax,static,iid,Mean,6,per_class_accs_class_1,0.0675,0.02646
CIFAR-10,softmax,static,iid,Mean,7,per_class_accs_class_1,0.0675,0.02646
CIFAR-10,softmax,static,iid,Mean,8,per_class_accs_class_1,0.0675,0.02646
CIFAR-10,softmax,static,iid,Mean,9,per_class_accs_class_1,0.001,0.00196
CIFAR-10,softmax,static,iid,Mean,0,per_class_accs_class_2,0.06849999999999999,0.09701999999999998
CIFAR-10,softmax,static,iid,Mean,1,per_class_accs_class_2,0.06849999999999999,0.09701999999999998
CIFAR-10,softmax,static,iid,Mean,2,per_class_accs_class_2,0.06849999999999999,0.09701999999999998
CIFAR-10,softmax,static,iid,Mean,3,per_class_accs_class_2,0.06849999999999999,0.09701999999999998
CIFAR-10,softmax,static,iid,Mean,4,per_class_accs_class_2,0.06849999999999999,0.09701999999999998
CIFAR-10,softmax,static,iid,Mean,5,per_class_accs_class_2,0.06849999999999999,0.09701999999999998
CIFAR-10,softmax,static,iid,Mean,6,per_class_accs_class_2,0.06849999999999999,0.09701999999999998
CIFAR-10,softmax,static,iid,Mean,7,per_class_accs_class_2,0.06849999999999999,0.09701999999999998
CIFAR-10,softmax,static,iid,Mean,8,per_class_accs_class_2,0.06849999999999999,0.09701999999999998
CIFAR-10,softmax,static,iid,Mean,9,per_class_accs_class_2,0.0025,0.0049
CIFAR-10,softmax,static,iid,Mean,0,per_class_accs_class_3,0.0045,0.00882
CIFAR-10,softmax,static,iid,Mean,1,per_class_accs_class_3,0.0045,0.00882
CIFAR-10,softmax,static,iid,Mean,2,per_class_accs_class_3,0.0045,0.00882
CIFAR-10,softmax,static,iid,Mean,3,per_class_accs_class_3,0.0045,0.00882
CIFAR-10,softmax,static,iid,Mean,4,per_class_accs_class_3,0.0045,0.00882
CIFAR-10,softmax,static,iid,Mean,5,per_class_accs_class_3,0.0045,0.00882
CIFAR-10,softmax,static,iid,Mean,6,per_class_accs_class_3,0.0045,0.00882
CIFAR-10,softmax,static,iid,Mean,7,per_class_accs_class_3,0.0045,0.00882
CIFAR-10,softmax,static,iid,Mean,8,per_class_accs_class_3,0.0045,0.00882
CIFAR-10,softmax,static,iid,Mean,9,per_class_accs_class_3,0.1565,0.30673999999999996
CIFAR-10,softmax,static,iid,Mean,0,per_class_accs_class_4,0.032,0.0058800000000000015
CIFAR-10,softmax,static,iid,Mean,1,per_class_accs_class_4,0.032,0.0058800000000000015
CIFAR-10,softmax,static,iid,Mean,2,per_class_accs_class_4,0.032,0.0058800000000000015
CIFAR-10,softmax,static,iid,Mean,3,per_class_accs_class_4,0.032,0.0058800000000000015
CIFAR-10,softmax,static,iid,Mean,4,per_class_accs_class_4,0.032,0.0058800000000000015
CIFAR-10,softmax,static,iid,Mean,5,per_class_accs_class_4,0.032,0.0058800000000000015
CIFAR-10,softmax,static,iid,Mean,6,per_class_accs_class_4,0.032,0.0058800000000000015
CIFAR-10,softmax,static,iid,Mean,7,per_class_accs_class_4,0.032,0.0058800000000000015
CIFAR-10,softmax,static,iid,Mean,8,per_class_accs_class_4,0.032,0.0058800000000000015
CIFAR-10,softmax,static,iid,Mean,9,per_class_accs_class_4,0.152,0.29203999999999997
CIFAR-10,softmax,static,iid,Mean,0,per_class_accs_class_5,0.0385,0.04802
CIFAR-10,softmax,static,iid,Mean,1,per_class_accs_class_5,0.0385,0.04802
CIFAR-10,softmax,static,iid,Mean,2,per_class_accs_class_5,0.0385,0.04802
CIFAR-10,softmax,static,iid,Mean,3,per_class_accs_class_5,0.0385,0.04802
CIFAR-10,softmax,static,iid,Mean,4,per_class_accs_class_5,0.0385,0.04802
CIFAR-10,softmax,static,iid,Mean,5,per_class_accs_class_5,0.0385,0.04802
CIFAR-10,softmax,static,iid,Mean,6,per_class_accs_class_5,0.0385,0.04802
CIFAR-10,softmax,static,iid,Mean,7,per_class_accs_class_5,0.0385,0.04802
CIFAR-10,softmax,static,iid,Mean,8,per_class_accs_class_5,0.0385,0.04802
CIFAR-10,softmax,static,iid,Mean,9,per_class_accs_class_5,0.1705,0.11074
CIFAR-10,softmax,static,iid,Mean,0,per_class_accs_class_6,0.001,0.0
CIFAR-10,softmax,static,iid,Mean,1,per_class_accs_class_6,0.001,0.0
CIFAR-10,softmax,static,iid,Mean,2,per_class_accs_class_6,0.001,0.0
CIFAR-10,softmax,static,iid,Mean,3,per_class_accs_class_6,0.001,0.0
CIFAR-10,softmax,static,iid,Mean,4,per_class_accs_class_6,0.001,0.0
CIFAR-10,softmax,static,iid,Mean,5,per_class_accs_class_6,0.001,0.0
CIFAR-10,softmax,static,iid,Mean,6,per_class_accs_class_6,0.001,0.0
CIFAR-10,softmax,static,iid,Mean,7,per_class_accs_class_6,0.001,0.0
CIFAR-10,softmax,static,iid,Mean,8,per_class_accs_class_6,0.001,0.0
CIFAR-10,softmax,static,iid,Mean,9,per_class_accs_class_6,0.313,0.16072
CIFAR-10,softmax,static,iid,Mean,0,per_class_accs_class_7,0.038000000000000006,0.06272
CIFAR-10,softmax,static,iid,Mean,1,per_class_accs_class_7,0.038000000000000006,0.06272
CIFAR-10,softmax,static,iid,Mean,2,per_class_accs_class_7,0.038000000000000006,0.06272
CIFAR-10,softmax,static,iid,Mean,3,per_class_accs_class_7,0.038000000000000006,0.06272
CIFAR-10,softmax,static,iid,Mean,4,per_class_accs_class_7,0.038000000000000006,0.06272
CIFAR-10,softmax,static,iid,Mean,5,per_class_accs_class_7,0.038000000000000006,0.06272
CIFAR-10,softmax,static,iid,Mean,6,per_class_accs_class_7,0.038000000000000006,0.06272
CIFAR-10,softmax,static,iid,Mean,7,per_class_accs_class_7,0.038000000000000006,0.06272
CIFAR-10,softmax,static,iid,Mean,8,per_class_accs_class_7,0.038000000000000006,0.06272
CIFAR-10,softmax,static,iid,Mean,9,per_class_accs_class_7,0.0,0.0
CIFAR-10,softmax,static,iid,Mean,0,per_class_accs_class_8,0.3775,0.44197999999999993
CIFAR-10,softmax,static,iid,Mean,1,per_class_accs_class_8,0.3775,0.44197999999999993
CIFAR-10,softmax,static,iid,Mean,2,per_class_accs_class_8,0.3775,0.44197999999999993
CIFAR-10,softmax,static,iid,Mean,3,per_class_accs_class_8,0.3775,0.44197999999999993
CIFAR-10,softmax,static,iid,Mean,4,per_class_accs_class_8,0.3775,0.44197999999999993
CIFAR-10,softmax,static,iid,Mean,5,per_class_accs_class_8,0.3775,0.44197999999999993
CIFAR-10,softmax,static,iid,Mean,6,per_class_accs_class_8,0.3775,0.44197999999999993
CIFAR-10,softmax,static,iid,Mean,7,per_class_accs_class_8,0.3775,0.44197999999999993
CIFAR-10,softmax,static,iid,Mean,8,per_class_accs_class_8,0.3775,0.44197999999999993
CIFAR-10,softmax,static,iid,Mean,9,per_class_accs_class_8,0.1255,0.24598
CIFAR-10,softmax,static,iid,Mean,0,per_class_accs_class_9,0.221,0.40179999999999993
CIFAR-10,softmax,static,iid,Mean,1,per_class_accs_class_9,0.221,0.40179999999999993
CIFAR-10,softmax,static,iid,Mean,2,per_class_accs_class_9,0.221,0.40179999999999993
CIFAR-10,softmax,static,iid,Mean,3,per_class_accs_class_9,0.221,0.40179999999999993
CIFAR-10,softmax,static,iid,Mean,4,per_class_accs_class_9,0.221,0.40179999999999993
CIFAR-10,softmax,static,iid,Mean,5,per_class_accs_class_9,0.221,0.40179999999999993
CIFAR-10,softmax,static,iid,Mean,6,per_class_accs_class_9,0.221,0.40179999999999993
CIFAR-10,softmax,static,iid,Mean,7,per_class_accs_class_9,0.221,0.40179999999999993
CIFAR-10,softmax,static,iid,Mean,8,per_class_accs_class_9,0.221,0.40179999999999993
CIFAR-10,softmax,static,iid,Mean,9,per_class_accs_class_9,0.405,0.7938
CIFAR-10,softmax,static,iid,TriMean,0,accs,0.11330000000000001,0.0050959999999999955
CIFAR-10,softmax,static,iid,TriMean,1,accs,0.11330000000000001,0.0050959999999999955
CIFAR-10,softmax,static,iid,TriMean,2,accs,0.11330000000000001,0.0050959999999999955
CIFAR-10,softmax,static,iid,TriMean,3,accs,0.11330000000000001,0.0050959999999999955
CIFAR-10,softmax,static,iid,TriMean,4,accs,0.11330000000000001,0.0050959999999999955
CIFAR-10,softmax,static,iid,TriMean,5,accs,0.11330000000000001,0.0050959999999999955
CIFAR-10,softmax,static,iid,TriMean,6,accs,0.11330000000000001,0.0050959999999999955
CIFAR-10,softmax,static,iid,TriMean,7,accs,0.11330000000000001,0.0050959999999999955
CIFAR-10,softmax,static,iid,TriMean,8,accs,0.11330000000000001,0.0050959999999999955
CIFAR-10,softmax,static,iid,TriMean,9,accs,0.15685,0.006957999999999995
CIFAR-10,softmax,static,iid,TriMean,0,losses,2.301886220359802,0.017800504981994692
CIFAR-10,softmax,static,iid,TriMean,1,losses,2.301886220359802,0.017800504981994692
CIFAR-10,softmax,static,iid,TriMean,2,losses,2.301886220359802,0.017800504981994692
CIFAR-10,softmax,static,iid,TriMean,3,losses,2.301886220359802,0.017800504981994692
CIFAR-10,softmax,static,iid,TriMean,4,losses,2.301886220359802,0.017800504981994692
CIFAR-10,softmax,static,iid,TriMean,5,losses,2.301886220359802,0.017800504981994692
CIFAR-10,softmax,static,iid,TriMean,6,losses,2.301886220359802,0.017800504981994692
CIFAR-10,softmax,static,iid,TriMean,7,losses,2.301886220359802,0.017800504981994692
CIFAR-10,softmax,static,iid,TriMean,8,losses,2.301886220359802,0.017800504981994692
CIFAR-10,softmax,static,iid,TriMean,9,losses,2.303505277442932,0.01743282030487059
CIFAR-10,softmax,static,iid,TriMean,0,xi,4.5187177658081055,0.21265675127506256
CIFAR-10,softmax,static,iid,TriMean,1,xi,3.9986016750335693,0.17931020259857178
CIFAR-10,softmax,static,iid,TriMean,2,xi,3.669546127319336,0.3848426938056946
CIFAR-10,softmax,static,iid,TriMean,3,xi,3.354060173034668,0.45751070976257324
CIFAR-10,softmax,static,iid,TriMean,4,xi,2.952045440673828,0.44724318385124207
CIFAR-10,softmax,static,iid,TriMean,5,xi,2.707242012023926,0.30315810441970825
CIFAR-10,softmax,static,iid,TriMean,6,xi,2.422135353088379,0.36678993701934814
CIFAR-10,softmax,static,iid,TriMean,7,xi,2.2564163208007812,0.45020657777786255
CIFAR-10,softmax,static,iid,TriMean,8,xi,2.1526877880096436,0.5775880217552185
CIFAR-10,softmax,static,iid,TriMean,9,xi,2.0290303230285645,0.46879181265830994
CIFAR-10,softmax,static,iid,TriMean,0,A,3.437594175338745,0.6680107116699219
CIFAR-10,softmax,static,iid,TriMean,1,A,3.048280954360962,0.6753752827644348
CIFAR-10,softmax,static,iid,TriMean,2,A,2.8241121768951416,0.630735456943512
CIFAR-10,softmax,static,iid,TriMean,3,A,2.527581214904785,0.6985713243484497
CIFAR-10,softmax,static,iid,TriMean,4,A,2.395606517791748,0.5964795351028442
CIFAR-10,softmax,static,iid,TriMean,5,A,2.2724878787994385,0.7322863340377808
CIFAR-10,softmax,static,iid,TriMean,6,A,2.1012349128723145,0.5407967567443848
CIFAR-10,softmax,static,iid,TriMean,7,A,1.8745126724243164,0.6422324776649475
CIFAR-10,softmax,static,iid,TriMean,8,A,1.8132905960083008,0.579750657081604
CIFAR-10,softmax,static,iid,TriMean,9,A,1.7435067892074585,0.4943751096725464
CIFAR-10,softmax,static,iid,TriMean,0,variance,0.00034665470593608916,8.706664630153682e-06
CIFAR-10,softmax,static,iid,TriMean,1,variance,0.0002789228456094861,6.854604635009309e-06
CIFAR-10,softmax,static,iid,TriMean,2,variance,0.00023156317183747888,1.4448265574174002e-05
CIFAR-10,softmax,static,iid,TriMean,3,variance,0.0001922001101775095,7.1393660618923604e-06
CIFAR-10,softmax,static,iid,TriMean,4,variance,0.00016051711281761527,1.6704336758266436e-06
CIFAR-10,softmax,static,iid,TriMean,5,variance,0.00013471048441715539,5.729236363549717e-06
CIFAR-10,softmax,static,iid,TriMean,6,variance,0.00011249024828430265,2.1678674499980843e-07
CIFAR-10,softmax,static,iid,TriMean,7,variance,9.611048153601587e-05,1.975466602743836e-06
CIFAR-10,softmax,static,iid,TriMean,8,variance,8.965698361862451e-05,1.8151959579881805e-07
CIFAR-10,softmax,static,iid,TriMean,9,variance,7.629398896824569e-05,2.944193511211779e-06
CIFAR-10,softmax,static,iid,TriMean,0,per_class_accs_class_0,0.8009999999999999,0.19012000000000004
CIFAR-10,softmax,static,iid,TriMean,1,per_class_accs_class_0,0.8009999999999999,0.19012000000000004
CIFAR-10,softmax,static,iid,TriMean,2,per_class_accs_class_0,0.8009999999999999,0.19012000000000004
CIFAR-10,softmax,static,iid,TriMean,3,per_class_accs_class_0,0.8009999999999999,0.19012000000000004
CIFAR-10,softmax,static,iid,TriMean,4,per_class_accs_class_0,0.8009999999999999,0.19012000000000004
CIFAR-10,softmax,static,iid,TriMean,5,per_class_accs_class_0,0.8009999999999999,0.19012000000000004
CIFAR-10,softmax,static,iid,TriMean,6,per_class_accs_class_0,0.8009999999999999,0.19012000000000004
CIFAR-10,softmax,static,iid,TriMean,7,per_class_accs_class_0,0.8009999999999999,0.19012000000000004
CIFAR-10,softmax,static,iid,TriMean,8,per_class_accs_class_0,0.8009999999999999,0.19012000000000004
CIFAR-10,softmax,static,iid,TriMean,9,per_class_accs_class_0,0.226,0.41159999999999997
CIFAR-10,softmax,static,iid,TriMean,0,per_class_accs_class_1,0.0105,0.02058
CIFAR-10,softmax,static,iid,TriMean,1,per_class_accs_class_1,0.0105,0.02058
CIFAR-10,softmax,static,iid,TriMean,2,per_class_accs_class_1,0.0105,0.02058
CIFAR-10,softmax,static,iid,TriMean,3,per_class_accs_class_1,0.0105,0.02058
CIFAR-10,softmax,static,iid,TriMean,4,per_class_accs_class_1,0.0105,0.02058
CIFAR-10,softmax,static,iid,TriMean,5,per_class_accs_class_1,0.0105,0.02058
CIFAR-10,softmax,static,iid,TriMean,6,per_class_accs_class_1,0.0105,0.02058
CIFAR-10,softmax,static,iid,TriMean,7,per_class_accs_class_1,0.0105,0.02058
CIFAR-10,softmax,static,iid,TriMean,8,per_class_accs_class_1,0.0105,0.02058
CIFAR-10,softmax,static,iid,TriMean,9,per_class_accs_class_1,0.0025,0.0049
CIFAR-10,softmax,static,iid,TriMean,0,per_class_accs_class_2,0.0085,0.004899999999999998
CIFAR-10,softmax,static,iid,TriMean,1,per_class_accs_class_2,0.0085,0.004899999999999998
CIFAR-10,softmax,static,iid,TriMean,2,per_class_accs_class_2,0.0085,0.004899999999999998
CIFAR-10,softmax,static,iid,TriMean,3,per_class_accs_class_2,0.0085,0.004899999999999998
CIFAR-10,softmax,static,iid,TriMean,4,per_class_accs_class_2,0.0085,0.004899999999999998
CIFAR-10,softmax,static,iid,TriMean,5,per_class_accs_class_2,0.0085,0.004899999999999998
CIFAR-10,softmax,static,iid,TriMean,6,per_class_accs_class_2,0.0085,0.004899999999999998
CIFAR-10,softmax,static,iid,TriMean,7,per_class_accs_class_2,0.0085,0.004899999999999998
CIFAR-10,softmax,static,iid,TriMean,8,per_class_accs_class_2,0.0085,0.004899999999999998
CIFAR-10,softmax,static,iid,TriMean,9,per_class_accs_class_2,0.0025,0.0049
CIFAR-10,softmax,static,iid,TriMean,0,per_class_accs_class_3,0.022500000000000003,0.03822
CIFAR-10,softmax,static,iid,TriMean,1,per_class_accs_class_3,0.022500000000000003,0.03822
CIFAR-10,softmax,static,iid,TriMean,2,per_class_accs_class_3,0.022500000000000003,0.03822
CIFAR-10,softmax,static,iid,TriMean,3,per_class_accs_class_3,0.022500000000000003,0.03822
CIFAR-10,softmax,static,iid,TriMean,4,per_class_accs_class_3,0.022500000000000003,0.03822
CIFAR-10,softmax,static,iid,TriMean,5,per_class_accs_class_3,0.022500000000000003,0.03822
CIFAR-10,softmax,static,iid,TriMean,6,per_class_accs_class_3,0.022500000000000003,0.03822
CIFAR-10,softmax,static,iid,TriMean,7,per_class_accs_class_3,0.022500000000000003,0.03822
CIFAR-10,softmax,static,iid,TriMean,8,per_class_accs_class_3,0.022500000000000003,0.03822
CIFAR-10,softmax,static,iid,TriMean,9,per_class_accs_class_3,0.088,0.17247999999999997
CIFAR-10,softmax,static,iid,TriMean,0,per_class_accs_class_4,0.0035,0.00686
CIFAR-10,softmax,static,iid,TriMean,1,per_class_accs_class_4,0.0035,0.00686
CIFAR-10,softmax,static,iid,TriMean,2,per_class_accs_class_4,0.0035,0.00686
CIFAR-10,softmax,static,iid,TriMean,3,per_class_accs_class_4,0.0035,0.00686
CIFAR-10,softmax,static,iid,TriMean,4,per_class_accs_class_4,0.0035,0.00686
CIFAR-10,softmax,static,iid,TriMean,5,per_class_accs_class_4,0.0035,0.00686
CIFAR-10,softmax,static,iid,TriMean,6,per_class_accs_class_4,0.0035,0.00686
CIFAR-10,softmax,static,iid,TriMean,7,per_class_accs_class_4,0.0035,0.00686
CIFAR-10,softmax,static,iid,TriMean,8,per_class_accs_class_4,0.0035,0.00686
CIFAR-10,softmax,static,iid,TriMean,9,per_class_accs_class_4,0.0,0.0
CIFAR-10,softmax,static,iid,TriMean,0,per_class_accs_class_5,0.0405,0.0009800000000000008
CIFAR-10,softmax,static,iid,TriMean,1,per_class_accs_class_5,0.0405,0.0009800000000000008
CIFAR-10,softmax,static,iid,TriMean,2,per_class_accs_class_5,0.0405,0.0009800000000000008
CIFAR-10,softmax,static,iid,TriMean,3,per_class_accs_class_5,0.0405,0.0009800000000000008
CIFAR-10,softmax,static,iid,TriMean,4,per_class_accs_class_5,0.0405,0.0009800000000000008
CIFAR-10,softmax,static,iid,TriMean,5,per_class_accs_class_5,0.0405,0.0009800000000000008
CIFAR-10,softmax,static,iid,TriMean,6,per_class_accs_class_5,0.0405,0.0009800000000000008
CIFAR-10,softmax,static,iid,TriMean,7,per_class_accs_class_5,0.0405,0.0009800000000000008
CIFAR-10,softmax,static,iid,TriMean,8,per_class_accs_class_5,0.0405,0.0009800000000000008
CIFAR-10,softmax,static,iid,TriMean,9,per_class_accs_class_5,0.0335,0.06566
CIFAR-10,softmax,static,iid,TriMean,0,per_class_accs_class_6,0.055,0.0784
CIFAR-10,softmax,static,iid,TriMean,1,per_class_accs_class_6,0.055,0.0784
CIFAR-10,softmax,static,iid,TriMean,2,per_class_accs_class_6,0.055,0.0784
CIFAR-10,softmax,static,iid,TriMean,3,per_class_accs_class_6,0.055,0.0784
CIFAR-10,softmax,static,iid,TriMean,4,per_class_accs_class_6,0.055,0.0784
CIFAR-10,softmax,static,iid,TriMean,5,per_class_accs_class_6,0.055,0.0784
CIFAR-10,softmax,static,iid,TriMean,6,per_class_accs_class_6,0.055,0.0784
CIFAR-10,softmax,static,iid,TriMean,7,per_class_accs_class_6,0.055,0.0784
CIFAR-10,softmax,static,iid,TriMean,8,per_class_accs_class_6,0.055,0.0784
CIFAR-10,softmax,static,iid,TriMean,9,per_class_accs_class_6,0.010499999999999999,0.000979999999999999
CIFAR-10,softmax,static,iid,TriMean,0,per_class_accs_class_7,0.0115,0.006859999999999999
CIFAR-10,softmax,static,iid,TriMean,1,per_class_accs_class_7,0.0115,0.006859999999999999
CIFAR-10,softmax,static,iid,TriMean,2,per_class_accs_class_7,0.0115,0.006859999999999999
CIFAR-10,softmax,static,iid,TriMean,3,per_class_accs_class_7,0.0115,0.006859999999999999
CIFAR-10,softmax,static,iid,TriMean,4,per_class_accs_class_7,0.0115,0.006859999999999999
CIFAR-10,softmax,static,iid,TriMean,5,per_class_accs_class_7,0.0115,0.006859999999999999
CIFAR-10,softmax,static,iid,TriMean,6,per_class_accs_class_7,0.0115,0.006859999999999999
CIFAR-10,softmax,static,iid,TriMean,7,per_class_accs_class_7,0.0115,0.006859999999999999
CIFAR-10,softmax,static,iid,TriMean,8,per_class_accs_class_7,0.0115,0.006859999999999999
CIFAR-10,softmax,static,iid,TriMean,9,per_class_accs_class_7,0.21150000000000002,0.2401
CIFAR-10,softmax,static,iid,TriMean,0,per_class_accs_class_8,0.1025,0.14993999999999996
CIFAR-10,softmax,static,iid,TriMean,1,per_class_accs_class_8,0.1025,0.14993999999999996
CIFAR-10,softmax,static,iid,TriMean,2,per_class_accs_class_8,0.1025,0.14993999999999996
CIFAR-10,softmax,static,iid,TriMean,3,per_class_accs_class_8,0.1025,0.14993999999999996
CIFAR-10,softmax,static,iid,TriMean,4,per_class_accs_class_8,0.1025,0.14993999999999996
CIFAR-10,softmax,static,iid,TriMean,5,per_class_accs_class_8,0.1025,0.14993999999999996
CIFAR-10,softmax,static,iid,TriMean,6,per_class_accs_class_8,0.1025,0.14993999999999996
CIFAR-10,softmax,static,iid,TriMean,7,per_class_accs_class_8,0.1025,0.14993999999999996
CIFAR-10,softmax,static,iid,TriMean,8,per_class_accs_class_8,0.1025,0.14993999999999996
CIFAR-10,softmax,static,iid,TriMean,9,per_class_accs_class_8,0.322,0.42728
CIFAR-10,softmax,static,iid,TriMean,0,per_class_accs_class_9,0.0775,0.14406
CIFAR-10,softmax,static,iid,TriMean,1,per_class_accs_class_9,0.0775,0.14406
CIFAR-10,softmax,static,iid,TriMean,2,per_class_accs_class_9,0.0775,0.14406
CIFAR-10,softmax,static,iid,TriMean,3,per_class_accs_class_9,0.0775,0.14406
CIFAR-10,softmax,static,iid,TriMean,4,per_class_accs_class_9,0.0775,0.14406
CIFAR-10,softmax,static,iid,TriMean,5,per_class_accs_class_9,0.0775,0.14406
CIFAR-10,softmax,static,iid,TriMean,6,per_class_accs_class_9,0.0775,0.14406
CIFAR-10,softmax,static,iid,TriMean,7,per_class_accs_class_9,0.0775,0.14406
CIFAR-10,softmax,static,iid,TriMean,8,per_class_accs_class_9,0.0775,0.14406
CIFAR-10,softmax,static,iid,TriMean,9,per_class_accs_class_9,0.6719999999999999,0.07251999999999996
CIFAR-10,softmax,static,iid,CC,0,accs,0.11485000000000001,0.017150000000000002
CIFAR-10,softmax,static,iid,CC,1,accs,0.11485000000000001,0.017150000000000002
CIFAR-10,softmax,static,iid,CC,2,accs,0.11485000000000001,0.017150000000000002
CIFAR-10,softmax,static,iid,CC,3,accs,0.11485000000000001,0.017150000000000002
CIFAR-10,softmax,static,iid,CC,4,accs,0.11485000000000001,0.017150000000000002
CIFAR-10,softmax,static,iid,CC,5,accs,0.11485000000000001,0.017150000000000002
CIFAR-10,softmax,static,iid,CC,6,accs,0.11485000000000001,0.017150000000000002
CIFAR-10,softmax,static,iid,CC,7,accs,0.11485000000000001,0.017150000000000002
CIFAR-10,softmax,static,iid,CC,8,accs,0.11485000000000001,0.017150000000000002
CIFAR-10,softmax,static,iid,CC,9,accs,0.13974999999999999,0.0008819999999999845
CIFAR-10,softmax,static,iid,CC,0,losses,2.305922536277771,0.009578415489196707
CIFAR-10,softmax,static,iid,CC,1,losses,2.305922536277771,0.009578415489196707
CIFAR-10,softmax,static,iid,CC,2,losses,2.305922536277771,0.009578415489196707
CIFAR-10,softmax,static,iid,CC,3,losses,2.305922536277771,0.009578415489196707
CIFAR-10,softmax,static,iid,CC,4,losses,2.305922536277771,0.009578415489196707
CIFAR-10,softmax,static,iid,CC,5,losses,2.305922536277771,0.009578415489196707
CIFAR-10,softmax,static,iid,CC,6,losses,2.305922536277771,0.009578415489196707
CIFAR-10,softmax,static,iid,CC,7,losses,2.305922536277771,0.009578415489196707
CIFAR-10,softmax,static,iid,CC,8,losses,2.305922536277771,0.009578415489196707
CIFAR-10,softmax,static,iid,CC,9,losses,2.377685933303833,0.08860984489440922
CIFAR-10,softmax,static,iid,CC,0,xi,3.4873125553131104,0.5508289933204651
CIFAR-10,softmax,static,iid,CC,1,xi,3.1416234970092773,0.4111666679382324
CIFAR-10,softmax,static,iid,CC,2,xi,2.9011082649230957,0.31598225235939026
CIFAR-10,softmax,static,iid,CC,3,xi,2.6073217391967773,0.4811697006225586
CIFAR-10,softmax,static,iid,CC,4,xi,2.3446061611175537,0.5348454117774963
CIFAR-10,softmax,static,iid,CC,5,xi,2.077179431915283,0.5905797481536865
CIFAR-10,softmax,static,iid,CC,6,xi,1.922328233718872,0.5027177333831787
CIFAR-10,softmax,static,iid,CC,7,xi,1.7707905769348145,0.48027223348617554
CIFAR-10,softmax,static,iid,CC,8,xi,1.640799880027771,0.3386248052120209
CIFAR-10,softmax,static,iid,CC,9,xi,1.5525254011154175,0.1006523072719574
CIFAR-10,softmax,static,iid,CC,0,A,4.919152736663818,0.23840920627117157
CIFAR-10,softmax,static,iid,CC,1,A,4.431859016418457,0.33994004130363464
CIFAR-10,softmax,static,iid,CC,2,A,3.9186811447143555,0.48204120993614197
CIFAR-10,softmax,static,iid,CC,3,A,3.5880887508392334,0.6011656522750854
CIFAR-10,softmax,static,iid,CC,4,A,3.1728649139404297,0.2794739305973053
CIFAR-10,softmax,static,iid,CC,5,A,2.77641224861145,0.2997414469718933
CIFAR-10,softmax,static,iid,CC,6,A,2.6180708408355713,0.353156715631485
CIFAR-10,softmax,static,iid,CC,7,A,2.4610939025878906,0.34844091534614563
CIFAR-10,softmax,static,iid,CC,8,A,2.1594009399414062,0.49504417181015015
CIFAR-10,softmax,static,iid,CC,9,A,2.0752017498016357,0.48763933777809143
CIFAR-10,softmax,static,iid,CC,0,variance,0.00034860073355957866,9.859369311016053e-05
CIFAR-10,softmax,static,iid,CC,1,variance,0.000285508343949914,7.853610441088676e-05
CIFAR-10,softmax,static,iid,CC,2,variance,0.0002321727224625647,6.468672654591501e-05
CIFAR-10,softmax,static,iid,CC,3,variance,0.0001913455780595541,6.160569319035858e-05
CIFAR-10,softmax,static,iid,CC,4,variance,0.00015534766134805977,4.9085967475548387e-05
CIFAR-10,softmax,static,iid,CC,5,variance,0.0001223836443386972,3.861745790345594e-05
CIFAR-10,softmax,static,iid,CC,6,variance,0.00010456008021719754,3.2398413168266416e-05
CIFAR-10,softmax,static,iid,CC,7,variance,8.910801261663437e-05,2.4427363314316608e-05
CIFAR-10,softmax,static,iid,CC,8,variance,7.232568168547004e-05,1.691562465566676e-05
CIFAR-10,softmax,static,iid,CC,9,variance,6.254535401239991e-05,1.3316197509993799e-05
CIFAR-10,softmax,static,iid,CC,0,per_class_accs_class_0,0.47200000000000003,0.63112
CIFAR-10,softmax,static,iid,CC,1,per_class_accs_class_0,0.47200000000000003,0.63112
CIFAR-10,softmax,static,iid,CC,2,per_class_accs_class_0,0.47200000000000003,0.63112
CIFAR-10,softmax,static,iid,CC,3,per_class_accs_class_0,0.47200000000000003,0.63112
CIFAR-10,softmax,static,iid,CC,4,per_class_accs_class_0,0.47200000000000003,0.63112
CIFAR-10,softmax,static,iid,CC,5,per_class_accs_class_0,0.47200000000000003,0.63112
CIFAR-10,softmax,static,iid,CC,6,per_class_accs_class_0,0.47200000000000003,0.63112
CIFAR-10,softmax,static,iid,CC,7,per_class_accs_class_0,0.47200000000000003,0.63112
CIFAR-10,softmax,static,iid,CC,8,per_class_accs_class_0,0.47200000000000003,0.63112
CIFAR-10,softmax,static,iid,CC,9,per_class_accs_class_0,0.3255,0.5438999999999999
CIFAR-10,softmax,static,iid,CC,0,per_class_accs_class_1,0.061000000000000006,0.10584
CIFAR-10,softmax,static,iid,CC,1,per_class_accs_class_1,0.061000000000000006,0.10584
CIFAR-10,softmax,static,iid,CC,2,per_class_accs_class_1,0.061000000000000006,0.10584
CIFAR-10,softmax,static,iid,CC,3,per_class_accs_class_1,0.061000000000000006,0.10584
CIFAR-10,softmax,static,iid,CC,4,per_class_accs_class_1,0.061000000000000006,0.10584
CIFAR-10,softmax,static,iid,CC,5,per_class_accs_class_1,0.061000000000000006,0.10584
CIFAR-10,softmax,static,iid,CC,6,per_class_accs_class_1,0.061000000000000006,0.10584
CIFAR-10,softmax,static,iid,CC,7,per_class_accs_class_1,0.061000000000000006,0.10584
CIFAR-10,softmax,static,iid,CC,8,per_class_accs_class_1,0.061000000000000006,0.10584
CIFAR-10,softmax,static,iid,CC,9,per_class_accs_class_1,0.002,0.00392
CIFAR-10,softmax,static,iid,CC,0,per_class_accs_class_2,0.068,0.03332000000000001
CIFAR-10,softmax,static,iid,CC,1,per_class_accs_class_2,0.068,0.03332000000000001
CIFAR-10,softmax,static,iid,CC,2,per_class_accs_class_2,0.068,0.03332000000000001
CIFAR-10,softmax,static,iid,CC,3,per_class_accs_class_2,0.068,0.03332000000000001
CIFAR-10,softmax,static,iid,CC,4,per_class_accs_class_2,0.068,0.03332000000000001
CIFAR-10,softmax,static,iid,CC,5,per_class_accs_class_2,0.068,0.03332000000000001
CIFAR-10,softmax,static,iid,CC,6,per_class_accs_class_2,0.068,0.03332000000000001
CIFAR-10,softmax,static,iid,CC,7,per_class_accs_class_2,0.068,0.03332000000000001
CIFAR-10,softmax,static,iid,CC,8,per_class_accs_class_2,0.068,0.03332000000000001
CIFAR-10,softmax,static,iid,CC,9,per_class_accs_class_2,0.0805,0.14798
CIFAR-10,softmax,static,iid,CC,0,per_class_accs_class_3,0.022000000000000002,0.037239999999999995
CIFAR-10,softmax,static,iid,CC,1,per_class_accs_class_3,0.022000000000000002,0.037239999999999995
CIFAR-10,softmax,static,iid,CC,2,per_class_accs_class_3,0.022000000000000002,0.037239999999999995
CIFAR-10,softmax,static,iid,CC,3,per_class_accs_class_3,0.022000000000000002,0.037239999999999995
CIFAR-10,softmax,static,iid,CC,4,per_class_accs_class_3,0.022000000000000002,0.037239999999999995
CIFAR-10,softmax,static,iid,CC,5,per_class_accs_class_3,0.022000000000000002,0.037239999999999995
CIFAR-10,softmax,static,iid,CC,6,per_class_accs_class_3,0.022000000000000002,0.037239999999999995
CIFAR-10,softmax,static,iid,CC,7,per_class_accs_class_3,0.022000000000000002,0.037239999999999995
CIFAR-10,softmax,static,iid,CC,8,per_class_accs_class_3,0.022000000000000002,0.037239999999999995
CIFAR-10,softmax,static,iid,CC,9,per_class_accs_class_3,0.003,0.00392
CIFAR-10,softmax,static,iid,CC,0,per_class_accs_class_4,0.0795,0.13229999999999997
CIFAR-10,softmax,static,iid,CC,1,per_class_accs_class_4,0.0795,0.13229999999999997
CIFAR-10,softmax,static,iid,CC,2,per_class_accs_class_4,0.0795,0.13229999999999997
CIFAR-10,softmax,static,iid,CC,3,per_class_accs_class_4,0.0795,0.13229999999999997
CIFAR-10,softmax,static,iid,CC,4,per_class_accs_class_4,0.0795,0.13229999999999997
CIFAR-10,softmax,static,iid,CC,5,per_class_accs_class_4,0.0795,0.13229999999999997
CIFAR-10,softmax,static,iid,CC,6,per_class_accs_class_4,0.0795,0.13229999999999997
CIFAR-10,softmax,static,iid,CC,7,per_class_accs_class_4,0.0795,0.13229999999999997
CIFAR-10,softmax,static,iid,CC,8,per_class_accs_class_4,0.0795,0.13229999999999997
CIFAR-10,softmax,static,iid,CC,9,per_class_accs_class_4,0.019,0.021559999999999996
CIFAR-10,softmax,static,iid,CC,0,per_class_accs_class_5,0.317,0.61936
CIFAR-10,softmax,static,iid,CC,1,per_class_accs_class_5,0.317,0.61936
CIFAR-10,softmax,static,iid,CC,2,per_class_accs_class_5,0.317,0.61936
CIFAR-10,softmax,static,iid,CC,3,per_class_accs_class_5,0.317,0.61936
CIFAR-10,softmax,static,iid,CC,4,per_class_accs_class_5,0.317,0.61936
CIFAR-10,softmax,static,iid,CC,5,per_class_accs_class_5,0.317,0.61936
CIFAR-10,softmax,static,iid,CC,6,per_class_accs_class_5,0.317,0.61936
CIFAR-10,softmax,static,iid,CC,7,per_class_accs_class_5,0.317,0.61936
CIFAR-10,softmax,static,iid,CC,8,per_class_accs_class_5,0.317,0.61936
CIFAR-10,softmax,static,iid,CC,9,per_class_accs_class_5,0.099,0.18031999999999998
CIFAR-10,softmax,static,iid,CC,0,per_class_accs_class_6,0.063,0.009800000000000001
CIFAR-10,softmax,static,iid,CC,1,per_class_accs_class_6,0.063,0.009800000000000001
CIFAR-10,softmax,static,iid,CC,2,per_class_accs_class_6,0.063,0.009800000000000001
CIFAR-10,softmax,static,iid,CC,3,per_class_accs_class_6,0.063,0.009800000000000001
CIFAR-10,softmax,static,iid,CC,4,per_class_accs_class_6,0.063,0.009800000000000001
CIFAR-10,softmax,static,iid,CC,5,per_class_accs_class_6,0.063,0.009800000000000001
CIFAR-10,softmax,static,iid,CC,6,per_class_accs_class_6,0.063,0.009800000000000001
CIFAR-10,softmax,static,iid,CC,7,per_class_accs_class_6,0.063,0.009800000000000001
CIFAR-10,softmax,static,iid,CC,8,per_class_accs_class_6,0.063,0.009800000000000001
CIFAR-10,softmax,static,iid,CC,9,per_class_accs_class_6,0.1085,0.21266
CIFAR-10,softmax,static,iid,CC,0,per_class_accs_class_7,0.0175,0.03038
CIFAR-10,softmax,static,iid,CC,1,per_class_accs_class_7,0.0175,0.03038
CIFAR-10,softmax,static,iid,CC,2,per_class_accs_class_7,0.0175,0.03038
CIFAR-10,softmax,static,iid,CC,3,per_class_accs_class_7,0.0175,0.03038
CIFAR-10,softmax,static,iid,CC,4,per_class_accs_class_7,0.0175,0.03038
CIFAR-10,softmax,static,iid,CC,5,per_class_accs_class_7,0.0175,0.03038
CIFAR-10,softmax,static,iid,CC,6,per_class_accs_class_7,0.0175,0.03038
CIFAR-10,softmax,static,iid,CC,7,per_class_accs_class_7,0.0175,0.03038
CIFAR-10,softmax,static,iid,CC,8,per_class_accs_class_7,0.0175,0.03038
CIFAR-10,softmax,static,iid,CC,9,per_class_accs_class_7,0.0,0.0
CIFAR-10,softmax,static,iid,CC,0,per_class_accs_class_8,0.02,0.023519999999999996
CIFAR-10,softmax,static,iid,CC,1,per_class_accs_class_8,0.02,0.023519999999999996
CIFAR-10,softmax,static,iid,CC,2,per_class_accs_class_8,0.02,0.023519999999999996
CIFAR-10,softmax,static,iid,CC,3,per_class_accs_class_8,0.02,0.023519999999999996
CIFAR-10,softmax,static,iid,CC,4,per_class_accs_class_8,0.02,0.023519999999999996
CIFAR-10,softmax,static,iid,CC,5,per_class_accs_class_8,0.02,0.023519999999999996
CIFAR-10,softmax,static,iid,CC,6,per_class_accs_class_8,0.02,0.023519999999999996
CIFAR-10,softmax,static,iid,CC,7,per_class_accs_class_8,0.02,0.023519999999999996
CIFAR-10,softmax,static,iid,CC,8,per_class_accs_class_8,0.02,0.023519999999999996
CIFAR-10,softmax,static,iid,CC,9,per_class_accs_class_8,0.545,0.70756
CIFAR-10,softmax,static,iid,CC,0,per_class_accs_class_9,0.0285,0.05586
CIFAR-10,softmax,static,iid,CC,1,per_class_accs_class_9,0.0285,0.05586
CIFAR-10,softmax,static,iid,CC,2,per_class_accs_class_9,0.0285,0.05586
CIFAR-10,softmax,static,iid,CC,3,per_class_accs_class_9,0.0285,0.05586
CIFAR-10,softmax,static,iid,CC,4,per_class_accs_class_9,0.0285,0.05586
CIFAR-10,softmax,static,iid,CC,5,per_class_accs_class_9,0.0285,0.05586
CIFAR-10,softmax,static,iid,CC,6,per_class_accs_class_9,0.0285,0.05586
CIFAR-10,softmax,static,iid,CC,7,per_class_accs_class_9,0.0285,0.05586
CIFAR-10,softmax,static,iid,CC,8,per_class_accs_class_9,0.0285,0.05586
CIFAR-10,softmax,static,iid,CC,9,per_class_accs_class_9,0.21500000000000002,0.24108000000000002
CIFAR-10,softmax,static,iid,FABA,0,accs,0.1122,0.007252000000000003
CIFAR-10,softmax,static,iid,FABA,1,accs,0.1122,0.007252000000000003
CIFAR-10,softmax,static,iid,FABA,2,accs,0.1122,0.007252000000000003
CIFAR-10,softmax,static,iid,FABA,3,accs,0.1122,0.007252000000000003
CIFAR-10,softmax,static,iid,FABA,4,accs,0.1122,0.007252000000000003
CIFAR-10,softmax,static,iid,FABA,5,accs,0.1122,0.007252000000000003
CIFAR-10,softmax,static,iid,FABA,6,accs,0.1122,0.007252000000000003
CIFAR-10,softmax,static,iid,FABA,7,accs,0.1122,0.007252000000000003
CIFAR-10,softmax,static,iid,FABA,8,accs,0.1122,0.007252000000000003
CIFAR-10,softmax,static,iid,FABA,9,accs,0.1472,0.0019600000000000017
CIFAR-10,softmax,static,iid,FABA,0,losses,2.2961949169158933,0.014424200790404941
CIFAR-10,softmax,static,iid,FABA,1,losses,2.2961949169158933,0.014424200790404941
CIFAR-10,softmax,static,iid,FABA,2,losses,2.2961949169158933,0.014424200790404941
CIFAR-10,softmax,static,iid,FABA,3,losses,2.2961949169158933,0.014424200790404941
CIFAR-10,softmax,static,iid,FABA,4,losses,2.2961949169158933,0.014424200790404941
CIFAR-10,softmax,static,iid,FABA,5,losses,2.2961949169158933,0.014424200790404941
CIFAR-10,softmax,static,iid,FABA,6,losses,2.2961949169158933,0.014424200790404941
CIFAR-10,softmax,static,iid,FABA,7,losses,2.2961949169158933,0.014424200790404941
CIFAR-10,softmax,static,iid,FABA,8,losses,2.2961949169158933,0.014424200790404941
CIFAR-10,softmax,static,iid,FABA,9,losses,2.274017660331726,0.021470503746032557
CIFAR-10,softmax,static,iid,FABA,0,xi,4.279097557067871,0.4181866943836212
CIFAR-10,softmax,static,iid,FABA,1,xi,3.9621152877807617,0.49578917026519775
CIFAR-10,softmax,static,iid,FABA,2,xi,3.5758352279663086,0.36611610651016235
CIFAR-10,softmax,static,iid,FABA,3,xi,3.1704845428466797,0.038388028740882874
CIFAR-10,softmax,static,iid,FABA,4,xi,2.8376708030700684,0.2086419314146042
CIFAR-10,softmax,static,iid,FABA,5,xi,2.528139352798462,0.009186191484332085
CIFAR-10,softmax,static,iid,FABA,6,xi,2.223078727722168,0.2631653845310211
CIFAR-10,softmax,static,iid,FABA,7,xi,2.069364070892334,0.3736669719219208
CIFAR-10,softmax,static,iid,FABA,8,xi,1.9037089347839355,0.15755373239517212
CIFAR-10,softmax,static,iid,FABA,9,xi,1.8085416555404663,0.050441574305295944
CIFAR-10,softmax,static,iid,FABA,0,A,3.95127010345459,0.3461432158946991
CIFAR-10,softmax,static,iid,FABA,1,A,3.5048892498016357,0.35746335983276367
CIFAR-10,softmax,static,iid,FABA,2,A,3.127926826477051,0.14909547567367554
CIFAR-10,softmax,static,iid,FABA,3,A,2.7224841117858887,0.13990740478038788
CIFAR-10,softmax,static,iid,FABA,4,A,2.4446091651916504,0.06362178176641464
CIFAR-10,softmax,static,iid,FABA,5,A,2.3125836849212646,0.03949669748544693
CIFAR-10,softmax,static,iid,FABA,6,A,2.1933703422546387,0.2292199730873108
CIFAR-10,softmax,static,iid,FABA,7,A,2.004117488861084,0.20754729211330414
CIFAR-10,softmax,static,iid,FABA,8,A,1.8298715353012085,0.046351298689842224
CIFAR-10,softmax,static,iid,FABA,9,A,1.7783112525939941,0.01340427901595831
CIFAR-10,softmax,static,iid,FABA,0,variance,0.00035921551170758903,3.297497096355073e-05
CIFAR-10,softmax,static,iid,FABA,1,variance,0.0002924967557191849,3.3118518331320956e-05
CIFAR-10,softmax,static,iid,FABA,2,variance,0.00023851875448599458,2.5647288566688076e-05
CIFAR-10,softmax,static,iid,FABA,3,variance,0.00019202228577341884,2.0350071281427518e-05
CIFAR-10,softmax,static,iid,FABA,4,variance,0.0001581222313689068,2.2160149455885403e-05
CIFAR-10,softmax,static,iid,FABA,5,variance,0.00013605717686004937,1.1536650163179729e-05
CIFAR-10,softmax,static,iid,FABA,6,variance,0.0001125911294366233,1.861884447862394e-05
CIFAR-10,softmax,static,iid,FABA,7,variance,9.448378114029765e-05,2.0482486434048042e-05
CIFAR-10,softmax,static,iid,FABA,8,variance,8.052431076066568e-05,1.0291219041391741e-05
CIFAR-10,softmax,static,iid,FABA,9,variance,7.134387851692736e-05,3.4428894650773145e-06
CIFAR-10,softmax,static,iid,FABA,0,per_class_accs_class_0,0.251,0.34495999999999993
CIFAR-10,softmax,static,iid,FABA,1,per_class_accs_class_0,0.251,0.34495999999999993
CIFAR-10,softmax,static,iid,FABA,2,per_class_accs_class_0,0.251,0.34495999999999993
CIFAR-10,softmax,static,iid,FABA,3,per_class_accs_class_0,0.251,0.34495999999999993
CIFAR-10,softmax,static,iid,FABA,4,per_class_accs_class_0,0.251,0.34495999999999993
CIFAR-10,softmax,static,iid,FABA,5,per_class_accs_class_0,0.251,0.34495999999999993
CIFAR-10,softmax,static,iid,FABA,6,per_class_accs_class_0,0.251,0.34495999999999993
CIFAR-10,softmax,static,iid,FABA,7,per_class_accs_class_0,0.251,0.34495999999999993
CIFAR-10,softmax,static,iid,FABA,8,per_class_accs_class_0,0.251,0.34495999999999993
CIFAR-10,softmax,static,iid,FABA,9,per_class_accs_class_0,0.382,0.73304
CIFAR-10,softmax,static,iid,FABA,0,per_class_accs_class_1,0.302,0.03528000000000003
CIFAR-10,softmax,static,iid,FABA,1,per_class_accs_class_1,0.302,0.03528000000000003
CIFAR-10,softmax,static,iid,FABA,2,per_class_accs_class_1,0.302,0.03528000000000003
CIFAR-10,softmax,static,iid,FABA,3,per_class_accs_class_1,0.302,0.03528000000000003
CIFAR-10,softmax,static,iid,FABA,4,per_class_accs_class_1,0.302,0.03528000000000003
CIFAR-10,softmax,static,iid,FABA,5,per_class_accs_class_1,0.302,0.03528000000000003
CIFAR-10,softmax,static,iid,FABA,6,per_class_accs_class_1,0.302,0.03528000000000003
CIFAR-10,softmax,static,iid,FABA,7,per_class_accs_class_1,0.302,0.03528000000000003
CIFAR-10,softmax,static,iid,FABA,8,per_class_accs_class_1,0.302,0.03528000000000003
CIFAR-10,softmax,static,iid,FABA,9,per_class_accs_class_1,0.041999999999999996,0.0392
CIFAR-10,softmax,static,iid,FABA,0,per_class_accs_class_2,0.014,0.01764
CIFAR-10,softmax,static,iid,FABA,1,per_class_accs_class_2,0.014,0.01764
CIFAR-10,softmax,static,iid,FABA,2,per_class_accs_class_2,0.014,0.01764
CIFAR-10,softmax,static,iid,FABA,3,per_class_accs_class_2,0.014,0.01764
CIFAR-10,softmax,static,iid,FABA,4,per_class_accs_class_2,0.014,0.01764
CIFAR-10,softmax,static,iid,FABA,5,per_class_accs_class_2,0.014,0.01764
CIFAR-10,softmax,static,iid,FABA,6,per_class_accs_class_2,0.014,0.01764
CIFAR-10,softmax,static,iid,FABA,7,per_class_accs_class_2,0.014,0.01764
CIFAR-10,softmax,static,iid,FABA,8,per_class_accs_class_2,0.014,0.01764
CIFAR-10,softmax,static,iid,FABA,9,per_class_accs_class_2,0.0,0.0
CIFAR-10,softmax,static,iid,FABA,0,per_class_accs_class_3,0.02,0.011759999999999998
CIFAR-10,softmax,static,iid,FABA,1,per_class_accs_class_3,0.02,0.011759999999999998
CIFAR-10,softmax,static,iid,FABA,2,per_class_accs_class_3,0.02,0.011759999999999998
CIFAR-10,softmax,static,iid,FABA,3,per_class_accs_class_3,0.02,0.011759999999999998
CIFAR-10,softmax,static,iid,FABA,4,per_class_accs_class_3,0.02,0.011759999999999998
CIFAR-10,softmax,static,iid,FABA,5,per_class_accs_class_3,0.02,0.011759999999999998
CIFAR-10,softmax,static,iid,FABA,6,per_class_accs_class_3,0.02,0.011759999999999998
CIFAR-10,softmax,static,iid,FABA,7,per_class_accs_class_3,0.02,0.011759999999999998
CIFAR-10,softmax,static,iid,FABA,8,per_class_accs_class_3,0.02,0.011759999999999998
CIFAR-10,softmax,static,iid,FABA,9,per_class_accs_class_3,0.004,0.005879999999999999
CIFAR-10,softmax,static,iid,FABA,0,per_class_accs_class_4,0.004,0.00196
CIFAR-10,softmax,static,iid,FABA,1,per_class_accs_class_4,0.004,0.00196
CIFAR-10,softmax,static,iid,FABA,2,per_class_accs_class_4,0.004,0.00196
CIFAR-10,softmax,static,iid,FABA,3,per_class_accs_class_4,0.004,0.00196
CIFAR-10,softmax,static,iid,FABA,4,per_class_accs_class_4,0.004,0.00196
CIFAR-10,softmax,static,iid,FABA,5,per_class_accs_class_4,0.004,0.00196
CIFAR-10,softmax,static,iid,FABA,6,per_class_accs_class_4,0.004,0.00196
CIFAR-10,softmax,static,iid,FABA,7,per_class_accs_class_4,0.004,0.00196
CIFAR-10,softmax,static,iid,FABA,8,per_class_accs_class_4,0.004,0.00196
CIFAR-10,softmax,static,iid,FABA,9,per_class_accs_class_4,0.286,0.55468
CIFAR-10,softmax,static,iid,FABA,0,per_class_accs_class_5,0.10400000000000001,0.12936
CIFAR-10,softmax,static,iid,FABA,1,per_class_accs_class_5,0.10400000000000001,0.12936
CIFAR-10,softmax,static,iid,FABA,2,per_class_accs_class_5,0.10400000000000001,0.12936
CIFAR-10,softmax,static,iid,FABA,3,per_class_accs_class_5,0.10400000000000001,0.12936
CIFAR-10,softmax,static,iid,FABA,4,per_class_accs_class_5,0.10400000000000001,0.12936
CIFAR-10,softmax,static,iid,FABA,5,per_class_accs_class_5,0.10400000000000001,0.12936
CIFAR-10,softmax,static,iid,FABA,6,per_class_accs_class_5,0.10400000000000001,0.12936
CIFAR-10,softmax,static,iid,FABA,7,per_class_accs_class_5,0.10400000000000001,0.12936
CIFAR-10,softmax,static,iid,FABA,8,per_class_accs_class_5,0.10400000000000001,0.12936
CIFAR-10,softmax,static,iid,FABA,9,per_class_accs_class_5,0.055499999999999994,0.06565999999999998
CIFAR-10,softmax,static,iid,FABA,0,per_class_accs_class_6,0.11800000000000001,0.22148
CIFAR-10,softmax,static,iid,FABA,1,per_class_accs_class_6,0.11800000000000001,0.22148
CIFAR-10,softmax,static,iid,FABA,2,per_class_accs_class_6,0.11800000000000001,0.22148
CIFAR-10,softmax,static,iid,FABA,3,per_class_accs_class_6,0.11800000000000001,0.22148
CIFAR-10,softmax,static,iid,FABA,4,per_class_accs_class_6,0.11800000000000001,0.22148
CIFAR-10,softmax,static,iid,FABA,5,per_class_accs_class_6,0.11800000000000001,0.22148
CIFAR-10,softmax,static,iid,FABA,6,per_class_accs_class_6,0.11800000000000001,0.22148
CIFAR-10,softmax,static,iid,FABA,7,per_class_accs_class_6,0.11800000000000001,0.22148
CIFAR-10,softmax,static,iid,FABA,8,per_class_accs_class_6,0.11800000000000001,0.22148
CIFAR-10,softmax,static,iid,FABA,9,per_class_accs_class_6,0.0095,0.006859999999999999
CIFAR-10,softmax,static,iid,FABA,0,per_class_accs_class_7,0.14900000000000002,0.23324
CIFAR-10,softmax,static,iid,FABA,1,per_class_accs_class_7,0.14900000000000002,0.23324
CIFAR-10,softmax,static,iid,FABA,2,per_class_accs_class_7,0.14900000000000002,0.23324
CIFAR-10,softmax,static,iid,FABA,3,per_class_accs_class_7,0.14900000000000002,0.23324
CIFAR-10,softmax,static,iid,FABA,4,per_class_accs_class_7,0.14900000000000002,0.23324
CIFAR-10,softmax,static,iid,FABA,5,per_class_accs_class_7,0.14900000000000002,0.23324
CIFAR-10,softmax,static,iid,FABA,6,per_class_accs_class_7,0.14900000000000002,0.23324
CIFAR-10,softmax,static,iid,FABA,7,per_class_accs_class_7,0.14900000000000002,0.23324
CIFAR-10,softmax,static,iid,FABA,8,per_class_accs_class_7,0.14900000000000002,0.23324
CIFAR-10,softmax,static,iid,FABA,9,per_class_accs_class_7,0.14850000000000002,0.24794
CIFAR-10,softmax,static,iid,FABA,0,per_class_accs_class_8,0.11,0.17248
CIFAR-10,softmax,static,iid,FABA,1,per_class_accs_class_8,0.11,0.17248
CIFAR-10,softmax,static,iid,FABA,2,per_class_accs_class_8,0.11,0.17248
CIFAR-10,softmax,static,iid,FABA,3,per_class_accs_class_8,0.11,0.17248
CIFAR-10,softmax,static,iid,FABA,4,per_class_accs_class_8,0.11,0.17248
CIFAR-10,softmax,static,iid,FABA,5,per_class_accs_class_8,0.11,0.17248
CIFAR-10,softmax,static,iid,FABA,6,per_class_accs_class_8,0.11,0.17248
CIFAR-10,softmax,static,iid,FABA,7,per_class_accs_class_8,0.11,0.17248
CIFAR-10,softmax,static,iid,FABA,8,per_class_accs_class_8,0.11,0.17248
CIFAR-10,softmax,static,iid,FABA,9,per_class_accs_class_8,0.30250000000000005,0.48118
CIFAR-10,softmax,static,iid,FABA,0,per_class_accs_class_9,0.049999999999999996,0.07251999999999999
CIFAR-10,softmax,static,iid,FABA,1,per_class_accs_class_9,0.049999999999999996,0.07251999999999999
CIFAR-10,softmax,static,iid,FABA,2,per_class_accs_class_9,0.049999999999999996,0.07251999999999999
CIFAR-10,softmax,static,iid,FABA,3,per_class_accs_class_9,0.049999999999999996,0.07251999999999999
CIFAR-10,softmax,static,iid,FABA,4,per_class_accs_class_9,0.049999999999999996,0.07251999999999999
CIFAR-10,softmax,static,iid,FABA,5,per_class_accs_class_9,0.049999999999999996,0.07251999999999999
CIFAR-10,softmax,static,iid,FABA,6,per_class_accs_class_9,0.049999999999999996,0.07251999999999999
CIFAR-10,softmax,static,iid,FABA,7,per_class_accs_class_9,0.049999999999999996,0.07251999999999999
CIFAR-10,softmax,static,iid,FABA,8,per_class_accs_class_9,0.049999999999999996,0.07251999999999999
CIFAR-10,softmax,static,iid,FABA,9,per_class_accs_class_9,0.242,0.47431999999999996
CIFAR-10,softmax,static,iid,LFighter,0,accs,0.10075,0.0036259999999999947
CIFAR-10,softmax,static,iid,LFighter,1,accs,0.10075,0.0036259999999999947
CIFAR-10,softmax,static,iid,LFighter,2,accs,0.10075,0.0036259999999999947
CIFAR-10,softmax,static,iid,LFighter,3,accs,0.10075,0.0036259999999999947
CIFAR-10,softmax,static,iid,LFighter,4,accs,0.10075,0.0036259999999999947
CIFAR-10,softmax,static,iid,LFighter,5,accs,0.10075,0.0036259999999999947
CIFAR-10,softmax,static,iid,LFighter,6,accs,0.10075,0.0036259999999999947
CIFAR-10,softmax,static,iid,LFighter,7,accs,0.10075,0.0036259999999999947
CIFAR-10,softmax,static,iid,LFighter,8,accs,0.10075,0.0036259999999999947
CIFAR-10,softmax,static,iid,LFighter,9,accs,0.15234999999999999,0.062426
CIFAR-10,softmax,static,iid,LFighter,0,losses,2.313567484283447,0.005801195205688456
CIFAR-10,softmax,static,iid,LFighter,1,losses,2.313567484283447,0.005801195205688456
CIFAR-10,softmax,static,iid,LFighter,2,losses,2.313567484283447,0.005801195205688456
CIFAR-10,softmax,static,iid,LFighter,3,losses,2.313567484283447,0.005801195205688456
CIFAR-10,softmax,static,iid,LFighter,4,losses,2.313567484283447,0.005801195205688456
CIFAR-10,softmax,static,iid,LFighter,5,losses,2.313567484283447,0.005801195205688456
CIFAR-10,softmax,static,iid,LFighter,6,losses,2.313567484283447,0.005801195205688456
CIFAR-10,softmax,static,iid,LFighter,7,losses,2.313567484283447,0.005801195205688456
CIFAR-10,softmax,static,iid,LFighter,8,losses,2.313567484283447,0.005801195205688456
CIFAR-10,softmax,static,iid,LFighter,9,losses,2.39198418712616,0.1462887721328734
CIFAR-10,softmax,static,iid,LFighter,0,xi,4.346229553222656,0.21819238364696503
CIFAR-10,softmax,static,iid,LFighter,1,xi,3.9690957069396973,0.22379928827285767
CIFAR-10,softmax,static,iid,LFighter,2,xi,3.6492390632629395,0.0501277856528759
CIFAR-10,softmax,static,iid,LFighter,3,xi,3.3479580879211426,0.05231591686606407
CIFAR-10,softmax,static,iid,LFighter,4,xi,3.1849770545959473,0.13672181963920593
CIFAR-10,softmax,static,iid,LFighter,5,xi,2.987527847290039,0.20014196634292603
CIFAR-10,softmax,static,iid,LFighter,6,xi,2.7599120140075684,0.17246633768081665
CIFAR-10,softmax,static,iid,LFighter,7,xi,2.5333032608032227,0.22766245901584625
CIFAR-10,softmax,static,iid,LFighter,8,xi,2.2126917839050293,0.07603047788143158
CIFAR-10,softmax,static,iid,LFighter,9,xi,1.9715574979782104,0.05049882084131241
CIFAR-10,softmax,static,iid,LFighter,0,A,3.8966379165649414,0.6602274775505066
CIFAR-10,softmax,static,iid,LFighter,1,A,3.437760829925537,0.7809755802154541
CIFAR-10,softmax,static,iid,LFighter,2,A,3.0957818031311035,0.5869930982589722
CIFAR-10,softmax,static,iid,LFighter,3,A,2.8271679878234863,0.5728958249092102
CIFAR-10,softmax,static,iid,LFighter,4,A,2.583167552947998,0.561372697353363
CIFAR-10,softmax,static,iid,LFighter,5,A,2.2891807556152344,0.6227422952651978
CIFAR-10,softmax,static,iid,LFighter,6,A,2.071455478668213,0.21931298077106476
CIFAR-10,softmax,static,iid,LFighter,7,A,1.9416314363479614,0.23835475742816925
CIFAR-10,softmax,static,iid,LFighter,8,A,1.7902522087097168,0.12740501761436462
CIFAR-10,softmax,static,iid,LFighter,9,A,1.6242802143096924,0.13036981225013733
CIFAR-10,softmax,static,iid,LFighter,0,variance,0.00039429875323548913,8.000153684406541e-06
CIFAR-10,softmax,static,iid,LFighter,1,variance,0.00031796039547771215,6.214575932972366e-06
CIFAR-10,softmax,static,iid,LFighter,2,variance,0.0002639880985952914,9.737555046740454e-06
CIFAR-10,softmax,static,iid,LFighter,3,variance,0.00021879823179915547,1.1549685041245539e-05
CIFAR-10,softmax,static,iid,LFighter,4,variance,0.00018423747678752989,1.2805640835722443e-05
CIFAR-10,softmax,static,iid,LFighter,5,variance,0.0001507220877101645,1.870596497610677e-05
CIFAR-10,softmax,static,iid,LFighter,6,variance,0.00012398435501381755,1.5836090824450366e-05
CIFAR-10,softmax,static,iid,LFighter,7,variance,0.00010799552546814084,6.5035378611355554e-06
CIFAR-10,softmax,static,iid,LFighter,8,variance,8.869216253515333e-05,7.69674534240039e-06
CIFAR-10,softmax,static,iid,LFighter,9,variance,7.637051021447405e-05,6.80430639476981e-06
CIFAR-10,softmax,static,iid,LFighter,0,per_class_accs_class_0,0.2795,0.34202
CIFAR-10,softmax,static,iid,LFighter,1,per_class_accs_class_0,0.2795,0.34202
CIFAR-10,softmax,static,iid,LFighter,2,per_class_accs_class_0,0.2795,0.34202
CIFAR-10,softmax,static,iid,LFighter,3,per_class_accs_class_0,0.2795,0.34202
CIFAR-10,softmax,static,iid,LFighter,4,per_class_accs_class_0,0.2795,0.34202
CIFAR-10,softmax,static,iid,LFighter,5,per_class_accs_class_0,0.2795,0.34202
CIFAR-10,softmax,static,iid,LFighter,6,per_class_accs_class_0,0.2795,0.34202
CIFAR-10,softmax,static,iid,LFighter,7,per_class_accs_class_0,0.2795,0.34202
CIFAR-10,softmax,static,iid,LFighter,8,per_class_accs_class_0,0.2795,0.34202
CIFAR-10,softmax,static,iid,LFighter,9,per_class_accs_class_0,0.2815,0.38905999999999996
CIFAR-10,softmax,static,iid,LFighter,0,per_class_accs_class_1,0.224,0.41356
CIFAR-10,softmax,static,iid,LFighter,1,per_class_accs_class_1,0.224,0.41356
CIFAR-10,softmax,static,iid,LFighter,2,per_class_accs_class_1,0.224,0.41356
CIFAR-10,softmax,static,iid,LFighter,3,per_class_accs_class_1,0.224,0.41356
CIFAR-10,softmax,static,iid,LFighter,4,per_class_accs_class_1,0.224,0.41356
CIFAR-10,softmax,static,iid,LFighter,5,per_class_accs_class_1,0.224,0.41356
CIFAR-10,softmax,static,iid,LFighter,6,per_class_accs_class_1,0.224,0.41356
CIFAR-10,softmax,static,iid,LFighter,7,per_class_accs_class_1,0.224,0.41356
CIFAR-10,softmax,static,iid,LFighter,8,per_class_accs_class_1,0.224,0.41356
CIFAR-10,softmax,static,iid,LFighter,9,per_class_accs_class_1,0.014,0.02744
CIFAR-10,softmax,static,iid,LFighter,0,per_class_accs_class_2,0.0005,0.00098
CIFAR-10,softmax,static,iid,LFighter,1,per_class_accs_class_2,0.0005,0.00098
CIFAR-10,softmax,static,iid,LFighter,2,per_class_accs_class_2,0.0005,0.00098
CIFAR-10,softmax,static,iid,LFighter,3,per_class_accs_class_2,0.0005,0.00098
CIFAR-10,softmax,static,iid,LFighter,4,per_class_accs_class_2,0.0005,0.00098
CIFAR-10,softmax,static,iid,LFighter,5,per_class_accs_class_2,0.0005,0.00098
CIFAR-10,softmax,static,iid,LFighter,6,per_class_accs_class_2,0.0005,0.00098
CIFAR-10,softmax,static,iid,LFighter,7,per_class_accs_class_2,0.0005,0.00098
CIFAR-10,softmax,static,iid,LFighter,8,per_class_accs_class_2,0.0005,0.00098
CIFAR-10,softmax,static,iid,LFighter,9,per_class_accs_class_2,0.1865,0.3655399999999999
CIFAR-10,softmax,static,iid,LFighter,0,per_class_accs_class_3,0.069,0.05292
CIFAR-10,softmax,static,iid,LFighter,1,per_class_accs_class_3,0.069,0.05292
CIFAR-10,softmax,static,iid,LFighter,2,per_class_accs_class_3,0.069,0.05292
CIFAR-10,softmax,static,iid,LFighter,3,per_class_accs_class_3,0.069,0.05292
CIFAR-10,softmax,static,iid,LFighter,4,per_class_accs_class_3,0.069,0.05292
CIFAR-10,softmax,static,iid,LFighter,5,per_class_accs_class_3,0.069,0.05292
CIFAR-10,softmax,static,iid,LFighter,6,per_class_accs_class_3,0.069,0.05292
CIFAR-10,softmax,static,iid,LFighter,7,per_class_accs_class_3,0.069,0.05292
CIFAR-10,softmax,static,iid,LFighter,8,per_class_accs_class_3,0.069,0.05292
CIFAR-10,softmax,static,iid,LFighter,9,per_class_accs_class_3,0.0125,0.0245
CIFAR-10,softmax,static,iid,LFighter,0,per_class_accs_class_4,0.011,0.0098
CIFAR-10,softmax,static,iid,LFighter,1,per_class_accs_class_4,0.011,0.0098
CIFAR-10,softmax,static,iid,LFighter,2,per_class_accs_class_4,0.011,0.0098
CIFAR-10,softmax,static,iid,LFighter,3,per_class_accs_class_4,0.011,0.0098
CIFAR-10,softmax,static,iid,LFighter,4,per_class_accs_class_4,0.011,0.0098
CIFAR-10,softmax,static,iid,LFighter,5,per_class_accs_class_4,0.011,0.0098
CIFAR-10,softmax,static,iid,LFighter,6,per_class_accs_class_4,0.011,0.0098
CIFAR-10,softmax,static,iid,LFighter,7,per_class_accs_class_4,0.011,0.0098
CIFAR-10,softmax,static,iid,LFighter,8,per_class_accs_class_4,0.011,0.0098
CIFAR-10,softmax,static,iid,LFighter,9,per_class_accs_class_4,0.001,0.00196
CIFAR-10,softmax,static,iid,LFighter,0,per_class_accs_class_5,0.1335,0.20873999999999995
CIFAR-10,softmax,static,iid,LFighter,1,per_class_accs_class_5,0.1335,0.20873999999999995
CIFAR-10,softmax,static,iid,LFighter,2,per_class_accs_class_5,0.1335,0.20873999999999995
CIFAR-10,softmax,static,iid,LFighter,3,per_class_accs_class_5,0.1335,0.20873999999999995
CIFAR-10,softmax,static,iid,LFighter,4,per_class_accs_class_5,0.1335,0.20873999999999995
CIFAR-10,softmax,static,iid,LFighter,5,per_class_accs_class_5,0.1335,0.20873999999999995
CIFAR-10,softmax,static,iid,LFighter,6,per_class_accs_class_5,0.1335,0.20873999999999995
CIFAR-10,softmax,static,iid,LFighter,7,per_class_accs_class_5,0.1335,0.20873999999999995
CIFAR-10,softmax,static,iid,LFighter,8,per_class_accs_class_5,0.1335,0.20873999999999995
CIFAR-10,softmax,static,iid,LFighter,9,per_class_accs_class_5,0.20500000000000002,0.36063999999999996
CIFAR-10,softmax,static,iid,LFighter,0,per_class_accs_class_6,0.043,0.08427999999999998
CIFAR-10,softmax,static,iid,LFighter,1,per_class_accs_class_6,0.043,0.08427999999999998
CIFAR-10,softmax,static,iid,LFighter,2,per_class_accs_class_6,0.043,0.08427999999999998
CIFAR-10,softmax,static,iid,LFighter,3,per_class_accs_class_6,0.043,0.08427999999999998
CIFAR-10,softmax,static,iid,LFighter,4,per_class_accs_class_6,0.043,0.08427999999999998
CIFAR-10,softmax,static,iid,LFighter,5,per_class_accs_class_6,0.043,0.08427999999999998
CIFAR-10,softmax,static,iid,LFighter,6,per_class_accs_class_6,0.043,0.08427999999999998
CIFAR-10,softmax,static,iid,LFighter,7,per_class_accs_class_6,0.043,0.08427999999999998
CIFAR-10,softmax,static,iid,LFighter,8,per_class_accs_class_6,0.043,0.08427999999999998
CIFAR-10,softmax,static,iid,LFighter,9,per_class_accs_class_6,0.012,0.023519999999999996
CIFAR-10,softmax,static,iid,LFighter,0,per_class_accs_class_7,0.2005,0.22442
CIFAR-10,softmax,static,iid,LFighter,1,per_class_accs_class_7,0.2005,0.22442
CIFAR-10,softmax,static,iid,LFighter,2,per_class_accs_class_7,0.2005,0.22442
CIFAR-10,softmax,static,iid,LFighter,3,per_class_accs_class_7,0.2005,0.22442
CIFAR-10,softmax,static,iid,LFighter,4,per_class_accs_class_7,0.2005,0.22442
CIFAR-10,softmax,static,iid,LFighter,5,per_class_accs_class_7,0.2005,0.22442
CIFAR-10,softmax,static,iid,LFighter,6,per_class_accs_class_7,0.2005,0.22442
CIFAR-10,softmax,static,iid,LFighter,7,per_class_accs_class_7,0.2005,0.22442
CIFAR-10,softmax,static,iid,LFighter,8,per_class_accs_class_7,0.2005,0.22442
CIFAR-10,softmax,static,iid,LFighter,9,per_class_accs_class_7,0.058,0.11367999999999999
CIFAR-10,softmax,static,iid,LFighter,0,per_class_accs_class_8,0.008,0.01568
CIFAR-10,softmax,static,iid,LFighter,1,per_class_accs_class_8,0.008,0.01568
CIFAR-10,softmax,static,iid,LFighter,2,per_class_accs_class_8,0.008,0.01568
CIFAR-10,softmax,static,iid,LFighter,3,per_class_accs_class_8,0.008,0.01568
CIFAR-10,softmax,static,iid,LFighter,4,per_class_accs_class_8,0.008,0.01568
CIFAR-10,softmax,static,iid,LFighter,5,per_class_accs_class_8,0.008,0.01568
CIFAR-10,softmax,static,iid,LFighter,6,per_class_accs_class_8,0.008,0.01568
CIFAR-10,softmax,static,iid,LFighter,7,per_class_accs_class_8,0.008,0.01568
CIFAR-10,softmax,static,iid,LFighter,8,per_class_accs_class_8,0.008,0.01568
CIFAR-10,softmax,static,iid,LFighter,9,per_class_accs_class_8,0.5625,0.72814
CIFAR-10,softmax,static,iid,LFighter,0,per_class_accs_class_9,0.0385,0.026459999999999997
CIFAR-10,softmax,static,iid,LFighter,1,per_class_accs_class_9,0.0385,0.026459999999999997
CIFAR-10,softmax,static,iid,LFighter,2,per_class_accs_class_9,0.0385,0.026459999999999997
CIFAR-10,softmax,static,iid,LFighter,3,per_class_accs_class_9,0.0385,0.026459999999999997
CIFAR-10,softmax,static,iid,LFighter,4,per_class_accs_class_9,0.0385,0.026459999999999997
CIFAR-10,softmax,static,iid,LFighter,5,per_class_accs_class_9,0.0385,0.026459999999999997
CIFAR-10,softmax,static,iid,LFighter,6,per_class_accs_class_9,0.0385,0.026459999999999997
CIFAR-10,softmax,static,iid,LFighter,7,per_class_accs_class_9,0.0385,0.026459999999999997
CIFAR-10,softmax,static,iid,LFighter,8,per_class_accs_class_9,0.0385,0.026459999999999997
CIFAR-10,softmax,static,iid,LFighter,9,per_class_accs_class_9,0.1905,0.37338
CIFAR-10,softmax,static,dirichlet,Mean,0,accs,0.1289,0.047824
CIFAR-10,softmax,static,dirichlet,Mean,1,accs,0.1289,0.047824
CIFAR-10,softmax,static,dirichlet,Mean,2,accs,0.1289,0.047824
CIFAR-10,softmax,static,dirichlet,Mean,3,accs,0.1289,0.047824
CIFAR-10,softmax,static,dirichlet,Mean,4,accs,0.1289,0.047824
CIFAR-10,softmax,static,dirichlet,Mean,5,accs,0.1289,0.047824
CIFAR-10,softmax,static,dirichlet,Mean,6,accs,0.1289,0.047824
CIFAR-10,softmax,static,dirichlet,Mean,7,accs,0.1289,0.047824
CIFAR-10,softmax,static,dirichlet,Mean,8,accs,0.1289,0.047824
CIFAR-10,softmax,static,dirichlet,Mean,9,accs,0.13629999999999998,0.012151999999999994
CIFAR-10,softmax,static,dirichlet,Mean,0,losses,2.302651508712769,0.034143478286743134
CIFAR-10,softmax,static,dirichlet,Mean,1,losses,2.302651508712769,0.034143478286743134
CIFAR-10,softmax,static,dirichlet,Mean,2,losses,2.302651508712769,0.034143478286743134
CIFAR-10,softmax,static,dirichlet,Mean,3,losses,2.302651508712769,0.034143478286743134
CIFAR-10,softmax,static,dirichlet,Mean,4,losses,2.302651508712769,0.034143478286743134
CIFAR-10,softmax,static,dirichlet,Mean,5,losses,2.302651508712769,0.034143478286743134
CIFAR-10,softmax,static,dirichlet,Mean,6,losses,2.302651508712769,0.034143478286743134
CIFAR-10,softmax,static,dirichlet,Mean,7,losses,2.302651508712769,0.034143478286743134
CIFAR-10,softmax,static,dirichlet,Mean,8,losses,2.302651508712769,0.034143478286743134
CIFAR-10,softmax,static,dirichlet,Mean,9,losses,2.4553212184906004,0.14548825474548369
CIFAR-10,softmax,static,dirichlet,Mean,0,xi,11.334986686706543,0.501372218132019
CIFAR-10,softmax,static,dirichlet,Mean,1,xi,11.296712875366211,0.39749976992607117
CIFAR-10,softmax,static,dirichlet,Mean,2,xi,11.170116424560547,0.6025680303573608
CIFAR-10,softmax,static,dirichlet,Mean,3,xi,10.95495319366455,0.5334383845329285
CIFAR-10,softmax,static,dirichlet,Mean,4,xi,10.884288787841797,0.7156060338020325
CIFAR-10,softmax,static,dirichlet,Mean,5,xi,10.553932189941406,0.5538472533226013
CIFAR-10,softmax,static,dirichlet,Mean,6,xi,10.454805374145508,0.4902869462966919
CIFAR-10,softmax,static,dirichlet,Mean,7,xi,10.423981666564941,0.6079503893852234
CIFAR-10,softmax,static,dirichlet,Mean,8,xi,10.346384048461914,0.6121420860290527
CIFAR-10,softmax,static,dirichlet,Mean,9,xi,10.233789443969727,0.7858619689941406
CIFAR-10,softmax,static,dirichlet,Mean,0,A,5.9878249168396,2.16115140914917
CIFAR-10,softmax,static,dirichlet,Mean,1,A,5.890271186828613,2.242161273956299
CIFAR-10,softmax,static,dirichlet,Mean,2,A,5.716060638427734,2.0014398097991943
CIFAR-10,softmax,static,dirichlet,Mean,3,A,5.530632495880127,1.9481728076934814
CIFAR-10,softmax,static,dirichlet,Mean,4,A,5.267660140991211,1.96370530128479
CIFAR-10,softmax,static,dirichlet,Mean,5,A,5.1393022537231445,1.820968747138977
CIFAR-10,softmax,static,dirichlet,Mean,6,A,5.021739959716797,1.497136116027832
CIFAR-10,softmax,static,dirichlet,Mean,7,A,4.957289218902588,1.4119024276733398
CIFAR-10,softmax,static,dirichlet,Mean,8,A,4.836568355560303,1.38215970993042
CIFAR-10,softmax,static,dirichlet,Mean,9,A,4.689289093017578,1.3338146209716797
CIFAR-10,softmax,static,dirichlet,Mean,0,variance,0.0018921669106930494,0.00021635326265823096
CIFAR-10,softmax,static,dirichlet,Mean,1,variance,0.0018325003329664469,0.00021733167523052543
CIFAR-10,softmax,static,dirichlet,Mean,2,variance,0.0017878641374409199,0.0001382973132422194
CIFAR-10,softmax,static,dirichlet,Mean,3,variance,0.0017363906372338533,0.00013741495786234736
CIFAR-10,softmax,static,dirichlet,Mean,4,variance,0.0017024814151227474,0.00011648273357423022
CIFAR-10,softmax,static,dirichlet,Mean,5,variance,0.0016691723139956594,0.0001019262635963969
CIFAR-10,softmax,static,dirichlet,Mean,6,variance,0.0016725222812965512,7.151430327212438e-05
CIFAR-10,softmax,static,dirichlet,Mean,7,variance,0.001651806989684701,6.065356501494534e-05
CIFAR-10,softmax,static,dirichlet,Mean,8,variance,0.0016278104158118367,8.412708120886236e-05
CIFAR-10,softmax,static,dirichlet,Mean,9,variance,0.0016062271315604448,7.90912818047218e-05
CIFAR-10,softmax,static,dirichlet,Mean,0,per_class_accs_class_0,0.368,0.34496000000000004
CIFAR-10,softmax,static,dirichlet,Mean,1,per_class_accs_class_0,0.368,0.34496000000000004
CIFAR-10,softmax,static,dirichlet,Mean,2,per_class_accs_class_0,0.368,0.34496000000000004
CIFAR-10,softmax,static,dirichlet,Mean,3,per_class_accs_class_0,0.368,0.34496000000000004
CIFAR-10,softmax,static,dirichlet,Mean,4,per_class_accs_class_0,0.368,0.34496000000000004
CIFAR-10,softmax,static,dirichlet,Mean,5,per_class_accs_class_0,0.368,0.34496000000000004
CIFAR-10,softmax,static,dirichlet,Mean,6,per_class_accs_class_0,0.368,0.34496000000000004
CIFAR-10,softmax,static,dirichlet,Mean,7,per_class_accs_class_0,0.368,0.34496000000000004
CIFAR-10,softmax,static,dirichlet,Mean,8,per_class_accs_class_0,0.368,0.34496000000000004
CIFAR-10,softmax,static,dirichlet,Mean,9,per_class_accs_class_0,0.0045000000000000005,0.006859999999999999
CIFAR-10,softmax,static,dirichlet,Mean,0,per_class_accs_class_1,0.0455,0.08917999999999998
CIFAR-10,softmax,static,dirichlet,Mean,1,per_class_accs_class_1,0.0455,0.08917999999999998
CIFAR-10,softmax,static,dirichlet,Mean,2,per_class_accs_class_1,0.0455,0.08917999999999998
CIFAR-10,softmax,static,dirichlet,Mean,3,per_class_accs_class_1,0.0455,0.08917999999999998
CIFAR-10,softmax,static,dirichlet,Mean,4,per_class_accs_class_1,0.0455,0.08917999999999998
CIFAR-10,softmax,static,dirichlet,Mean,5,per_class_accs_class_1,0.0455,0.08917999999999998
CIFAR-10,softmax,static,dirichlet,Mean,6,per_class_accs_class_1,0.0455,0.08917999999999998
CIFAR-10,softmax,static,dirichlet,Mean,7,per_class_accs_class_1,0.0455,0.08917999999999998
CIFAR-10,softmax,static,dirichlet,Mean,8,per_class_accs_class_1,0.0455,0.08917999999999998
CIFAR-10,softmax,static,dirichlet,Mean,9,per_class_accs_class_1,0.0825,0.14798
CIFAR-10,softmax,static,dirichlet,Mean,0,per_class_accs_class_2,0.2515,0.4733399999999999
CIFAR-10,softmax,static,dirichlet,Mean,1,per_class_accs_class_2,0.2515,0.4733399999999999
CIFAR-10,softmax,static,dirichlet,Mean,2,per_class_accs_class_2,0.2515,0.4733399999999999
CIFAR-10,softmax,static,dirichlet,Mean,3,per_class_accs_class_2,0.2515,0.4733399999999999
CIFAR-10,softmax,static,dirichlet,Mean,4,per_class_accs_class_2,0.2515,0.4733399999999999
CIFAR-10,softmax,static,dirichlet,Mean,5,per_class_accs_class_2,0.2515,0.4733399999999999
CIFAR-10,softmax,static,dirichlet,Mean,6,per_class_accs_class_2,0.2515,0.4733399999999999
CIFAR-10,softmax,static,dirichlet,Mean,7,per_class_accs_class_2,0.2515,0.4733399999999999
CIFAR-10,softmax,static,dirichlet,Mean,8,per_class_accs_class_2,0.2515,0.4733399999999999
CIFAR-10,softmax,static,dirichlet,Mean,9,per_class_accs_class_2,0.06,0.1176
CIFAR-10,softmax,static,dirichlet,Mean,0,per_class_accs_class_3,0.015000000000000001,0.0196
CIFAR-10,softmax,static,dirichlet,Mean,1,per_class_accs_class_3,0.015000000000000001,0.0196
CIFAR-10,softmax,static,dirichlet,Mean,2,per_class_accs_class_3,0.015000000000000001,0.0196
CIFAR-10,softmax,static,dirichlet,Mean,3,per_class_accs_class_3,0.015000000000000001,0.0196
CIFAR-10,softmax,static,dirichlet,Mean,4,per_class_accs_class_3,0.015000000000000001,0.0196
CIFAR-10,softmax,static,dirichlet,Mean,5,per_class_accs_class_3,0.015000000000000001,0.0196
CIFAR-10,softmax,static,dirichlet,Mean,6,per_class_accs_class_3,0.015000000000000001,0.0196
CIFAR-10,softmax,static,dirichlet,Mean,7,per_class_accs_class_3,0.015000000000000001,0.0196
CIFAR-10,softmax,static,dirichlet,Mean,8,per_class_accs_class_3,0.015000000000000001,0.0196
CIFAR-10,softmax,static,dirichlet,Mean,9,per_class_accs_class_3,0.0535,0.10485999999999998
CIFAR-10,softmax,static,dirichlet,Mean,0,per_class_accs_class_4,0.0025,0.00098
CIFAR-10,softmax,static,dirichlet,Mean,1,per_class_accs_class_4,0.0025,0.00098
CIFAR-10,softmax,static,dirichlet,Mean,2,per_class_accs_class_4,0.0025,0.00098
CIFAR-10,softmax,static,dirichlet,Mean,3,per_class_accs_class_4,0.0025,0.00098
CIFAR-10,softmax,static,dirichlet,Mean,4,per_class_accs_class_4,0.0025,0.00098
CIFAR-10,softmax,static,dirichlet,Mean,5,per_class_accs_class_4,0.0025,0.00098
CIFAR-10,softmax,static,dirichlet,Mean,6,per_class_accs_class_4,0.0025,0.00098
CIFAR-10,softmax,static,dirichlet,Mean,7,per_class_accs_class_4,0.0025,0.00098
CIFAR-10,softmax,static,dirichlet,Mean,8,per_class_accs_class_4,0.0025,0.00098
CIFAR-10,softmax,static,dirichlet,Mean,9,per_class_accs_class_4,0.0,0.0
CIFAR-10,softmax,static,dirichlet,Mean,0,per_class_accs_class_5,0.175,0.33908
CIFAR-10,softmax,static,dirichlet,Mean,1,per_class_accs_class_5,0.175,0.33908
CIFAR-10,softmax,static,dirichlet,Mean,2,per_class_accs_class_5,0.175,0.33908
CIFAR-10,softmax,static,dirichlet,Mean,3,per_class_accs_class_5,0.175,0.33908
CIFAR-10,softmax,static,dirichlet,Mean,4,per_class_accs_class_5,0.175,0.33908
CIFAR-10,softmax,static,dirichlet,Mean,5,per_class_accs_class_5,0.175,0.33908
CIFAR-10,softmax,static,dirichlet,Mean,6,per_class_accs_class_5,0.175,0.33908
CIFAR-10,softmax,static,dirichlet,Mean,7,per_class_accs_class_5,0.175,0.33908
CIFAR-10,softmax,static,dirichlet,Mean,8,per_class_accs_class_5,0.175,0.33908
CIFAR-10,softmax,static,dirichlet,Mean,9,per_class_accs_class_5,0.026,0.05096
CIFAR-10,softmax,static,dirichlet,Mean,0,per_class_accs_class_6,0.008,0.01568
CIFAR-10,softmax,static,dirichlet,Mean,1,per_class_accs_class_6,0.008,0.01568
CIFAR-10,softmax,static,dirichlet,Mean,2,per_class_accs_class_6,0.008,0.01568
CIFAR-10,softmax,static,dirichlet,Mean,3,per_class_accs_class_6,0.008,0.01568
CIFAR-10,softmax,static,dirichlet,Mean,4,per_class_accs_class_6,0.008,0.01568
CIFAR-10,softmax,static,dirichlet,Mean,5,per_class_accs_class_6,0.008,0.01568
CIFAR-10,softmax,static,dirichlet,Mean,6,per_class_accs_class_6,0.008,0.01568
CIFAR-10,softmax,static,dirichlet,Mean,7,per_class_accs_class_6,0.008,0.01568
CIFAR-10,softmax,static,dirichlet,Mean,8,per_class_accs_class_6,0.008,0.01568
CIFAR-10,softmax,static,dirichlet,Mean,9,per_class_accs_class_6,0.0025,0.00098
CIFAR-10,softmax,static,dirichlet,Mean,0,per_class_accs_class_7,0.0935,0.06566
CIFAR-10,softmax,static,dirichlet,Mean,1,per_class_accs_class_7,0.0935,0.06566
CIFAR-10,softmax,static,dirichlet,Mean,2,per_class_accs_class_7,0.0935,0.06566
CIFAR-10,softmax,static,dirichlet,Mean,3,per_class_accs_class_7,0.0935,0.06566
CIFAR-10,softmax,static,dirichlet,Mean,4,per_class_accs_class_7,0.0935,0.06566
CIFAR-10,softmax,static,dirichlet,Mean,5,per_class_accs_class_7,0.0935,0.06566
CIFAR-10,softmax,static,dirichlet,Mean,6,per_class_accs_class_7,0.0935,0.06566
CIFAR-10,softmax,static,dirichlet,Mean,7,per_class_accs_class_7,0.0935,0.06566
CIFAR-10,softmax,static,dirichlet,Mean,8,per_class_accs_class_7,0.0935,0.06566
CIFAR-10,softmax,static,dirichlet,Mean,9,per_class_accs_class_7,0.062,0.09604
CIFAR-10,softmax,static,dirichlet,Mean,0,per_class_accs_class_8,0.0155,0.028419999999999994
CIFAR-10,softmax,static,dirichlet,Mean,1,per_class_accs_class_8,0.0155,0.028419999999999994
CIFAR-10,softmax,static,dirichlet,Mean,2,per_class_accs_class_8,0.0155,0.028419999999999994
CIFAR-10,softmax,static,dirichlet,Mean,3,per_class_accs_class_8,0.0155,0.028419999999999994
CIFAR-10,softmax,static,dirichlet,Mean,4,per_class_accs_class_8,0.0155,0.028419999999999994
CIFAR-10,softmax,static,dirichlet,Mean,5,per_class_accs_class_8,0.0155,0.028419999999999994
CIFAR-10,softmax,static,dirichlet,Mean,6,per_class_accs_class_8,0.0155,0.028419999999999994
CIFAR-10,softmax,static,dirichlet,Mean,7,per_class_accs_class_8,0.0155,0.028419999999999994
CIFAR-10,softmax,static,dirichlet,Mean,8,per_class_accs_class_8,0.0155,0.028419999999999994
CIFAR-10,softmax,static,dirichlet,Mean,9,per_class_accs_class_8,0.4,0.38612
CIFAR-10,softmax,static,dirichlet,Mean,0,per_class_accs_class_9,0.3145,0.07937999999999995
CIFAR-10,softmax,static,dirichlet,Mean,1,per_class_accs_class_9,0.3145,0.07937999999999995
CIFAR-10,softmax,static,dirichlet,Mean,2,per_class_accs_class_9,0.3145,0.07937999999999995
CIFAR-10,softmax,static,dirichlet,Mean,3,per_class_accs_class_9,0.3145,0.07937999999999995
CIFAR-10,softmax,static,dirichlet,Mean,4,per_class_accs_class_9,0.3145,0.07937999999999995
CIFAR-10,softmax,static,dirichlet,Mean,5,per_class_accs_class_9,0.3145,0.07937999999999995
CIFAR-10,softmax,static,dirichlet,Mean,6,per_class_accs_class_9,0.3145,0.07937999999999995
CIFAR-10,softmax,static,dirichlet,Mean,7,per_class_accs_class_9,0.3145,0.07937999999999995
CIFAR-10,softmax,static,dirichlet,Mean,8,per_class_accs_class_9,0.3145,0.07937999999999995
CIFAR-10,softmax,static,dirichlet,Mean,9,per_class_accs_class_9,0.6719999999999999,0.29399999999999993
CIFAR-10,softmax,static,dirichlet,TriMean,0,accs,0.09434999999999999,0.0038220000000000003
CIFAR-10,softmax,static,dirichlet,TriMean,1,accs,0.09434999999999999,0.0038220000000000003
CIFAR-10,softmax,static,dirichlet,TriMean,2,accs,0.09434999999999999,0.0038220000000000003
CIFAR-10,softmax,static,dirichlet,TriMean,3,accs,0.09434999999999999,0.0038220000000000003
CIFAR-10,softmax,static,dirichlet,TriMean,4,accs,0.09434999999999999,0.0038220000000000003
CIFAR-10,softmax,static,dirichlet,TriMean,5,accs,0.09434999999999999,0.0038220000000000003
CIFAR-10,softmax,static,dirichlet,TriMean,6,accs,0.09434999999999999,0.0038220000000000003
CIFAR-10,softmax,static,dirichlet,TriMean,7,accs,0.09434999999999999,0.0038220000000000003
CIFAR-10,softmax,static,dirichlet,TriMean,8,accs,0.09434999999999999,0.0038220000000000003
CIFAR-10,softmax,static,dirichlet,TriMean,9,accs,0.1532,0.010387999999999998
CIFAR-10,softmax,static,dirichlet,TriMean,0,losses,2.3189790462493898,0.007254545852661138
CIFAR-10,softmax,static,dirichlet,TriMean,1,losses,2.3189790462493898,0.007254545852661138
CIFAR-10,softmax,static,dirichlet,TriMean,2,losses,2.3189790462493898,0.007254545852661138
CIFAR-10,softmax,static,dirichlet,TriMean,3,losses,2.3189790462493898,0.007254545852661138
CIFAR-10,softmax,static,dirichlet,TriMean,4,losses,2.3189790462493898,0.007254545852661138
CIFAR-10,softmax,static,dirichlet,TriMean,5,losses,2.3189790462493898,0.007254545852661138
CIFAR-10,softmax,static,dirichlet,TriMean,6,losses,2.3189790462493898,0.007254545852661138
CIFAR-10,softmax,static,dirichlet,TriMean,7,losses,2.3189790462493898,0.007254545852661138
CIFAR-10,softmax,static,dirichlet,TriMean,8,losses,2.3189790462493898,0.007254545852661138
CIFAR-10,softmax,static,dirichlet,TriMean,9,losses,2.40306921043396,0.21404406756591832
CIFAR-10,softmax,static,dirichlet,TriMean,0,xi,10.549699783325195,1.6413488388061523
CIFAR-10,softmax,static,dirichlet,TriMean,1,xi,10.420856475830078,1.5635226964950562
CIFAR-10,softmax,static,dirichlet,TriMean,2,xi,10.434751510620117,1.5843054056167603
CIFAR-10,softmax,static,dirichlet,TriMean,3,xi,10.314533233642578,1.808717131614685
CIFAR-10,softmax,static,dirichlet,TriMean,4,xi,10.307645797729492,1.8646941184997559
CIFAR-10,softmax,static,dirichlet,TriMean,5,xi,10.450116157531738,2.0651352405548096
CIFAR-10,softmax,static,dirichlet,TriMean,6,xi,10.470854759216309,2.215742349624634
CIFAR-10,softmax,static,dirichlet,TriMean,7,xi,10.447633743286133,2.276937246322632
CIFAR-10,softmax,static,dirichlet,TriMean,8,xi,10.414543151855469,2.691627025604248
CIFAR-10,softmax,static,dirichlet,TriMean,9,xi,10.145097732543945,2.1769516468048096
CIFAR-10,softmax,static,dirichlet,TriMean,0,A,6.527955055236816,2.609924793243408
CIFAR-10,softmax,static,dirichlet,TriMean,1,A,6.317062854766846,2.5208213329315186
CIFAR-10,softmax,static,dirichlet,TriMean,2,A,6.170926094055176,2.347341537475586
CIFAR-10,softmax,static,dirichlet,TriMean,3,A,5.880670547485352,2.432394504547119
CIFAR-10,softmax,static,dirichlet,TriMean,4,A,5.693683624267578,2.5275096893310547
CIFAR-10,softmax,static,dirichlet,TriMean,5,A,5.514084815979004,2.2496376037597656
CIFAR-10,softmax,static,dirichlet,TriMean,6,A,5.548726558685303,2.0925357341766357
CIFAR-10,softmax,static,dirichlet,TriMean,7,A,5.264715671539307,1.7988908290863037
CIFAR-10,softmax,static,dirichlet,TriMean,8,A,5.186137676239014,1.8308775424957275
CIFAR-10,softmax,static,dirichlet,TriMean,9,A,5.1546783447265625,1.8576757907867432
CIFAR-10,softmax,static,dirichlet,TriMean,0,variance,0.001725056441500783,0.00014963230933062732
CIFAR-10,softmax,static,dirichlet,TriMean,1,variance,0.0016687538009136915,0.00011452180478954688
CIFAR-10,softmax,static,dirichlet,TriMean,2,variance,0.0016291762003675103,7.611406908836216e-05
CIFAR-10,softmax,static,dirichlet,TriMean,3,variance,0.0016048294492065907,0.00011432306928327307
CIFAR-10,softmax,static,dirichlet,TriMean,4,variance,0.0015855827368795872,0.00011957403330598027
CIFAR-10,softmax,static,dirichlet,TriMean,5,variance,0.0015953858382999897,0.00014706968795508146
CIFAR-10,softmax,static,dirichlet,TriMean,6,variance,0.0015972203109413385,0.00017626969201955944
CIFAR-10,softmax,static,dirichlet,TriMean,7,variance,0.001551903784275055,0.0001864153309725225
CIFAR-10,softmax,static,dirichlet,TriMean,8,variance,0.0015308915171772242,0.00022859024466015399
CIFAR-10,softmax,static,dirichlet,TriMean,9,variance,0.0015182401984930038,0.00017634783580433577
CIFAR-10,softmax,static,dirichlet,TriMean,0,per_class_accs_class_0,0.0155,0.0147
CIFAR-10,softmax,static,dirichlet,TriMean,1,per_class_accs_class_0,0.0155,0.0147
CIFAR-10,softmax,static,dirichlet,TriMean,2,per_class_accs_class_0,0.0155,0.0147
CIFAR-10,softmax,static,dirichlet,TriMean,3,per_class_accs_class_0,0.0155,0.0147
CIFAR-10,softmax,static,dirichlet,TriMean,4,per_class_accs_class_0,0.0155,0.0147
CIFAR-10,softmax,static,dirichlet,TriMean,5,per_class_accs_class_0,0.0155,0.0147
CIFAR-10,softmax,static,dirichlet,TriMean,6,per_class_accs_class_0,0.0155,0.0147
CIFAR-10,softmax,static,dirichlet,TriMean,7,per_class_accs_class_0,0.0155,0.0147
CIFAR-10,softmax,static,dirichlet,TriMean,8,per_class_accs_class_0,0.0155,0.0147
CIFAR-10,softmax,static,dirichlet,TriMean,9,per_class_accs_class_0,0.0,0.0
CIFAR-10,softmax,static,dirichlet,TriMean,0,per_class_accs_class_1,0.065,0.0294
CIFAR-10,softmax,static,dirichlet,TriMean,1,per_class_accs_class_1,0.065,0.0294
CIFAR-10,softmax,static,dirichlet,TriMean,2,per_class_accs_class_1,0.065,0.0294
CIFAR-10,softmax,static,dirichlet,TriMean,3,per_class_accs_class_1,0.065,0.0294
CIFAR-10,softmax,static,dirichlet,TriMean,4,per_class_accs_class_1,0.065,0.0294
CIFAR-10,softmax,static,dirichlet,TriMean,5,per_class_accs_class_1,0.065,0.0294
CIFAR-10,softmax,static,dirichlet,TriMean,6,per_class_accs_class_1,0.065,0.0294
CIFAR-10,softmax,static,dirichlet,TriMean,7,per_class_accs_class_1,0.065,0.0294
CIFAR-10,softmax,static,dirichlet,TriMean,8,per_class_accs_class_1,0.065,0.0294
CIFAR-10,softmax,static,dirichlet,TriMean,9,per_class_accs_class_1,0.073,0.06468
CIFAR-10,softmax,static,dirichlet,TriMean,0,per_class_accs_class_2,0.216,0.42335999999999996
CIFAR-10,softmax,static,dirichlet,TriMean,1,per_class_accs_class_2,0.216,0.42335999999999996
CIFAR-10,softmax,static,dirichlet,TriMean,2,per_class_accs_class_2,0.216,0.42335999999999996
CIFAR-10,softmax,static,dirichlet,TriMean,3,per_class_accs_class_2,0.216,0.42335999999999996
CIFAR-10,softmax,static,dirichlet,TriMean,4,per_class_accs_class_2,0.216,0.42335999999999996
CIFAR-10,softmax,static,dirichlet,TriMean,5,per_class_accs_class_2,0.216,0.42335999999999996
CIFAR-10,softmax,static,dirichlet,TriMean,6,per_class_accs_class_2,0.216,0.42335999999999996
CIFAR-10,softmax,static,dirichlet,TriMean,7,per_class_accs_class_2,0.216,0.42335999999999996
CIFAR-10,softmax,static,dirichlet,TriMean,8,per_class_accs_class_2,0.216,0.42335999999999996
CIFAR-10,softmax,static,dirichlet,TriMean,9,per_class_accs_class_2,0.0635,0.12446
CIFAR-10,softmax,static,dirichlet,TriMean,0,per_class_accs_class_3,0.006999999999999999,0.003919999999999999
CIFAR-10,softmax,static,dirichlet,TriMean,1,per_class_accs_class_3,0.006999999999999999,0.003919999999999999
CIFAR-10,softmax,static,dirichlet,TriMean,2,per_class_accs_class_3,0.006999999999999999,0.003919999999999999
CIFAR-10,softmax,static,dirichlet,TriMean,3,per_class_accs_class_3,0.006999999999999999,0.003919999999999999
CIFAR-10,softmax,static,dirichlet,TriMean,4,per_class_accs_class_3,0.006999999999999999,0.003919999999999999
CIFAR-10,softmax,static,dirichlet,TriMean,5,per_class_accs_class_3,0.006999999999999999,0.003919999999999999
CIFAR-10,softmax,static,dirichlet,TriMean,6,per_class_accs_class_3,0.006999999999999999,0.003919999999999999
CIFAR-10,softmax,static,dirichlet,TriMean,7,per_class_accs_class_3,0.006999999999999999,0.003919999999999999
CIFAR-10,softmax,static,dirichlet,TriMean,8,per_class_accs_class_3,0.006999999999999999,0.003919999999999999
CIFAR-10,softmax,static,dirichlet,TriMean,9,per_class_accs_class_3,0.011,0.021559999999999996
CIFAR-10,softmax,static,dirichlet,TriMean,0,per_class_accs_class_4,0.0075,0.0147
CIFAR-10,softmax,static,dirichlet,TriMean,1,per_class_accs_class_4,0.0075,0.0147
CIFAR-10,softmax,static,dirichlet,TriMean,2,per_class_accs_class_4,0.0075,0.0147
CIFAR-10,softmax,static,dirichlet,TriMean,3,per_class_accs_class_4,0.0075,0.0147
CIFAR-10,softmax,static,dirichlet,TriMean,4,per_class_accs_class_4,0.0075,0.0147
CIFAR-10,softmax,static,dirichlet,TriMean,5,per_class_accs_class_4,0.0075,0.0147
CIFAR-10,softmax,static,dirichlet,TriMean,6,per_class_accs_class_4,0.0075,0.0147
CIFAR-10,softmax,static,dirichlet,TriMean,7,per_class_accs_class_4,0.0075,0.0147
CIFAR-10,softmax,static,dirichlet,TriMean,8,per_class_accs_class_4,0.0075,0.0147
CIFAR-10,softmax,static,dirichlet,TriMean,9,per_class_accs_class_4,0.2305,0.45178
CIFAR-10,softmax,static,dirichlet,TriMean,0,per_class_accs_class_5,0.1095,0.09898
CIFAR-10,softmax,static,dirichlet,TriMean,1,per_class_accs_class_5,0.1095,0.09898
CIFAR-10,softmax,static,dirichlet,TriMean,2,per_class_accs_class_5,0.1095,0.09898
CIFAR-10,softmax,static,dirichlet,TriMean,3,per_class_accs_class_5,0.1095,0.09898
CIFAR-10,softmax,static,dirichlet,TriMean,4,per_class_accs_class_5,0.1095,0.09898
CIFAR-10,softmax,static,dirichlet,TriMean,5,per_class_accs_class_5,0.1095,0.09898
CIFAR-10,softmax,static,dirichlet,TriMean,6,per_class_accs_class_5,0.1095,0.09898
CIFAR-10,softmax,static,dirichlet,TriMean,7,per_class_accs_class_5,0.1095,0.09898
CIFAR-10,softmax,static,dirichlet,TriMean,8,per_class_accs_class_5,0.1095,0.09898
CIFAR-10,softmax,static,dirichlet,TriMean,9,per_class_accs_class_5,0.182,0.16856000000000002
CIFAR-10,softmax,static,dirichlet,TriMean,0,per_class_accs_class_6,0.08750000000000001,0.15778
CIFAR-10,softmax,static,dirichlet,TriMean,1,per_class_accs_class_6,0.08750000000000001,0.15778
CIFAR-10,softmax,static,dirichlet,TriMean,2,per_class_accs_class_6,0.08750000000000001,0.15778
CIFAR-10,softmax,static,dirichlet,TriMean,3,per_class_accs_class_6,0.08750000000000001,0.15778
CIFAR-10,softmax,static,dirichlet,TriMean,4,per_class_accs_class_6,0.08750000000000001,0.15778
CIFAR-10,softmax,static,dirichlet,TriMean,5,per_class_accs_class_6,0.08750000000000001,0.15778
CIFAR-10,softmax,static,dirichlet,TriMean,6,per_class_accs_class_6,0.08750000000000001,0.15778
CIFAR-10,softmax,static,dirichlet,TriMean,7,per_class_accs_class_6,0.08750000000000001,0.15778
CIFAR-10,softmax,static,dirichlet,TriMean,8,per_class_accs_class_6,0.08750000000000001,0.15778
CIFAR-10,softmax,static,dirichlet,TriMean,9,per_class_accs_class_6,0.405,0.75656
CIFAR-10,softmax,static,dirichlet,TriMean,0,per_class_accs_class_7,0.293,0.5566399999999999
CIFAR-10,softmax,static,dirichlet,TriMean,1,per_class_accs_class_7,0.293,0.5566399999999999
CIFAR-10,softmax,static,dirichlet,TriMean,2,per_class_accs_class_7,0.293,0.5566399999999999
CIFAR-10,softmax,static,dirichlet,TriMean,3,per_class_accs_class_7,0.293,0.5566399999999999
CIFAR-10,softmax,static,dirichlet,TriMean,4,per_class_accs_class_7,0.293,0.5566399999999999
CIFAR-10,softmax,static,dirichlet,TriMean,5,per_class_accs_class_7,0.293,0.5566399999999999
CIFAR-10,softmax,static,dirichlet,TriMean,6,per_class_accs_class_7,0.293,0.5566399999999999
CIFAR-10,softmax,static,dirichlet,TriMean,7,per_class_accs_class_7,0.293,0.5566399999999999
CIFAR-10,softmax,static,dirichlet,TriMean,8,per_class_accs_class_7,0.293,0.5566399999999999
CIFAR-10,softmax,static,dirichlet,TriMean,9,per_class_accs_class_7,0.0105,0.01078
CIFAR-10,softmax,static,dirichlet,TriMean,0,per_class_accs_class_8,0.003,0.0
CIFAR-10,softmax,static,dirichlet,TriMean,1,per_class_accs_class_8,0.003,0.0
CIFAR-10,softmax,static,dirichlet,TriMean,2,per_class_accs_class_8,0.003,0.0
CIFAR-10,softmax,static,dirichlet,TriMean,3,per_class_accs_class_8,0.003,0.0
CIFAR-10,softmax,static,dirichlet,TriMean,4,per_class_accs_class_8,0.003,0.0
CIFAR-10,softmax,static,dirichlet,TriMean,5,per_class_accs_class_8,0.003,0.0
CIFAR-10,softmax,static,dirichlet,TriMean,6,per_class_accs_class_8,0.003,0.0
CIFAR-10,softmax,static,dirichlet,TriMean,7,per_class_accs_class_8,0.003,0.0
CIFAR-10,softmax,static,dirichlet,TriMean,8,per_class_accs_class_8,0.003,0.0
CIFAR-10,softmax,static,dirichlet,TriMean,9,per_class_accs_class_8,0.141,0.27636
CIFAR-10,softmax,static,dirichlet,TriMean,0,per_class_accs_class_9,0.1395,0.09898
CIFAR-10,softmax,static,dirichlet,TriMean,1,per_class_accs_class_9,0.1395,0.09898
CIFAR-10,softmax,static,dirichlet,TriMean,2,per_class_accs_class_9,0.1395,0.09898
CIFAR-10,softmax,static,dirichlet,TriMean,3,per_class_accs_class_9,0.1395,0.09898
CIFAR-10,softmax,static,dirichlet,TriMean,4,per_class_accs_class_9,0.1395,0.09898
CIFAR-10,softmax,static,dirichlet,TriMean,5,per_class_accs_class_9,0.1395,0.09898
CIFAR-10,softmax,static,dirichlet,TriMean,6,per_class_accs_class_9,0.1395,0.09898
CIFAR-10,softmax,static,dirichlet,TriMean,7,per_class_accs_class_9,0.1395,0.09898
CIFAR-10,softmax,static,dirichlet,TriMean,8,per_class_accs_class_9,0.1395,0.09898
CIFAR-10,softmax,static,dirichlet,TriMean,9,per_class_accs_class_9,0.4155,0.10681999999999998
CIFAR-10,softmax,static,dirichlet,CC,0,accs,0.11395,0.019502
CIFAR-10,softmax,static,dirichlet,CC,1,accs,0.11395,0.019502
CIFAR-10,softmax,static,dirichlet,CC,2,accs,0.11395,0.019502
CIFAR-10,softmax,static,dirichlet,CC,3,accs,0.11395,0.019502
CIFAR-10,softmax,static,dirichlet,CC,4,accs,0.11395,0.019502
CIFAR-10,softmax,static,dirichlet,CC,5,accs,0.11395,0.019502
CIFAR-10,softmax,static,dirichlet,CC,6,accs,0.11395,0.019502
CIFAR-10,softmax,static,dirichlet,CC,7,accs,0.11395,0.019502
CIFAR-10,softmax,static,dirichlet,CC,8,accs,0.11395,0.019502
CIFAR-10,softmax,static,dirichlet,CC,9,accs,0.1545,0.018228000000000005
CIFAR-10,softmax,static,dirichlet,CC,0,losses,2.31155052280426,0.01701858129119871
CIFAR-10,softmax,static,dirichlet,CC,1,losses,2.31155052280426,0.01701858129119871
CIFAR-10,softmax,static,dirichlet,CC,2,losses,2.31155052280426,0.01701858129119871
CIFAR-10,softmax,static,dirichlet,CC,3,losses,2.31155052280426,0.01701858129119871
CIFAR-10,softmax,static,dirichlet,CC,4,losses,2.31155052280426,0.01701858129119871
CIFAR-10,softmax,static,dirichlet,CC,5,losses,2.31155052280426,0.01701858129119871
CIFAR-10,softmax,static,dirichlet,CC,6,losses,2.31155052280426,0.01701858129119871
CIFAR-10,softmax,static,dirichlet,CC,7,losses,2.31155052280426,0.01701858129119871
CIFAR-10,softmax,static,dirichlet,CC,8,losses,2.31155052280426,0.01701858129119871
CIFAR-10,softmax,static,dirichlet,CC,9,losses,2.395349249649048,0.15457699360656735
CIFAR-10,softmax,static,dirichlet,CC,0,xi,10.26246452331543,0.9926853775978088
CIFAR-10,softmax,static,dirichlet,CC,1,xi,10.019476890563965,0.8356958031654358
CIFAR-10,softmax,static,dirichlet,CC,2,xi,10.046152114868164,0.1480800211429596
CIFAR-10,softmax,static,dirichlet,CC,3,xi,9.954343795776367,0.24050551652908325
CIFAR-10,softmax,static,dirichlet,CC,4,xi,9.989673614501953,0.3996007442474365
CIFAR-10,softmax,static,dirichlet,CC,5,xi,10.073831558227539,0.7073498964309692
CIFAR-10,softmax,static,dirichlet,CC,6,xi,10.260995864868164,0.9031796455383301
CIFAR-10,softmax,static,dirichlet,CC,7,xi,10.144804000854492,0.8884146809577942
CIFAR-10,softmax,static,dirichlet,CC,8,xi,10.09715461730957,0.9402271509170532
CIFAR-10,softmax,static,dirichlet,CC,9,xi,10.056658744812012,1.2894295454025269
CIFAR-10,softmax,static,dirichlet,CC,0,A,6.223440170288086,0.5131435394287109
CIFAR-10,softmax,static,dirichlet,CC,1,A,6.137901306152344,0.7053498029708862
CIFAR-10,softmax,static,dirichlet,CC,2,A,6.119052886962891,0.969567060470581
CIFAR-10,softmax,static,dirichlet,CC,3,A,6.001163005828857,1.1656959056854248
CIFAR-10,softmax,static,dirichlet,CC,4,A,5.973172664642334,1.3172255754470825
CIFAR-10,softmax,static,dirichlet,CC,5,A,5.967334747314453,1.2501633167266846
CIFAR-10,softmax,static,dirichlet,CC,6,A,6.023033142089844,1.1028331518173218
CIFAR-10,softmax,static,dirichlet,CC,7,A,6.101859092712402,1.3846668004989624
CIFAR-10,softmax,static,dirichlet,CC,8,A,6.104928970336914,1.6544404029846191
CIFAR-10,softmax,static,dirichlet,CC,9,A,6.203030109405518,1.7701210975646973
CIFAR-10,softmax,static,dirichlet,CC,0,variance,0.0017832210287451744,3.15571523969993e-05
CIFAR-10,softmax,static,dirichlet,CC,1,variance,0.0017018552171066403,5.660131137119606e-05
CIFAR-10,softmax,static,dirichlet,CC,2,variance,0.0016421162290498614,3.3162814361276105e-06
CIFAR-10,softmax,static,dirichlet,CC,3,variance,0.0015950776869431138,2.3030746888252907e-05
CIFAR-10,softmax,static,dirichlet,CC,4,variance,0.0015848239418119192,1.937437082233373e-05
CIFAR-10,softmax,static,dirichlet,CC,5,variance,0.0015818810788914561,9.76927094598068e-06
CIFAR-10,softmax,static,dirichlet,CC,6,variance,0.0015859617851674557,2.817527456500102e-05
CIFAR-10,softmax,static,dirichlet,CC,7,variance,0.0015620767371729016,3.8065594708314165e-05
CIFAR-10,softmax,static,dirichlet,CC,8,variance,0.0015250321011990309,4.514640022534877e-05
CIFAR-10,softmax,static,dirichlet,CC,9,variance,0.0015148030361160636,8.948483446147293e-05
CIFAR-10,softmax,static,dirichlet,CC,0,per_class_accs_class_0,0.2755,0.4948999999999999
CIFAR-10,softmax,static,dirichlet,CC,1,per_class_accs_class_0,0.2755,0.4948999999999999
CIFAR-10,softmax,static,dirichlet,CC,2,per_class_accs_class_0,0.2755,0.4948999999999999
CIFAR-10,softmax,static,dirichlet,CC,3,per_class_accs_class_0,0.2755,0.4948999999999999
CIFAR-10,softmax,static,dirichlet,CC,4,per_class_accs_class_0,0.2755,0.4948999999999999
CIFAR-10,softmax,static,dirichlet,CC,5,per_class_accs_class_0,0.2755,0.4948999999999999
CIFAR-10,softmax,static,dirichlet,CC,6,per_class_accs_class_0,0.2755,0.4948999999999999
CIFAR-10,softmax,static,dirichlet,CC,7,per_class_accs_class_0,0.2755,0.4948999999999999
CIFAR-10,softmax,static,dirichlet,CC,8,per_class_accs_class_0,0.2755,0.4948999999999999
CIFAR-10,softmax,static,dirichlet,CC,9,per_class_accs_class_0,0.03,0.001959999999999998
CIFAR-10,softmax,static,dirichlet,CC,0,per_class_accs_class_1,0.029,0.009800000000000001
CIFAR-10,softmax,static,dirichlet,CC,1,per_class_accs_class_1,0.029,0.009800000000000001
CIFAR-10,softmax,static,dirichlet,CC,2,per_class_accs_class_1,0.029,0.009800000000000001
CIFAR-10,softmax,static,dirichlet,CC,3,per_class_accs_class_1,0.029,0.009800000000000001
CIFAR-10,softmax,static,dirichlet,CC,4,per_class_accs_class_1,0.029,0.009800000000000001
CIFAR-10,softmax,static,dirichlet,CC,5,per_class_accs_class_1,0.029,0.009800000000000001
CIFAR-10,softmax,static,dirichlet,CC,6,per_class_accs_class_1,0.029,0.009800000000000001
CIFAR-10,softmax,static,dirichlet,CC,7,per_class_accs_class_1,0.029,0.009800000000000001
CIFAR-10,softmax,static,dirichlet,CC,8,per_class_accs_class_1,0.029,0.009800000000000001
CIFAR-10,softmax,static,dirichlet,CC,9,per_class_accs_class_1,0.014,0.02744
CIFAR-10,softmax,static,dirichlet,CC,0,per_class_accs_class_2,0.006500000000000001,0.006859999999999999
CIFAR-10,softmax,static,dirichlet,CC,1,per_class_accs_class_2,0.006500000000000001,0.006859999999999999
CIFAR-10,softmax,static,dirichlet,CC,2,per_class_accs_class_2,0.006500000000000001,0.006859999999999999
CIFAR-10,softmax,static,dirichlet,CC,3,per_class_accs_class_2,0.006500000000000001,0.006859999999999999
CIFAR-10,softmax,static,dirichlet,CC,4,per_class_accs_class_2,0.006500000000000001,0.006859999999999999
CIFAR-10,softmax,static,dirichlet,CC,5,per_class_accs_class_2,0.006500000000000001,0.006859999999999999
CIFAR-10,softmax,static,dirichlet,CC,6,per_class_accs_class_2,0.006500000000000001,0.006859999999999999
CIFAR-10,softmax,static,dirichlet,CC,7,per_class_accs_class_2,0.006500000000000001,0.006859999999999999
CIFAR-10,softmax,static,dirichlet,CC,8,per_class_accs_class_2,0.006500000000000001,0.006859999999999999
CIFAR-10,softmax,static,dirichlet,CC,9,per_class_accs_class_2,0.0,0.0
CIFAR-10,softmax,static,dirichlet,CC,0,per_class_accs_class_3,0.006,0.011759999999999998
CIFAR-10,softmax,static,dirichlet,CC,1,per_class_accs_class_3,0.006,0.011759999999999998
CIFAR-10,softmax,static,dirichlet,CC,2,per_class_accs_class_3,0.006,0.011759999999999998
CIFAR-10,softmax,static,dirichlet,CC,3,per_class_accs_class_3,0.006,0.011759999999999998
CIFAR-10,softmax,static,dirichlet,CC,4,per_class_accs_class_3,0.006,0.011759999999999998
CIFAR-10,softmax,static,dirichlet,CC,5,per_class_accs_class_3,0.006,0.011759999999999998
CIFAR-10,softmax,static,dirichlet,CC,6,per_class_accs_class_3,0.006,0.011759999999999998
CIFAR-10,softmax,static,dirichlet,CC,7,per_class_accs_class_3,0.006,0.011759999999999998
CIFAR-10,softmax,static,dirichlet,CC,8,per_class_accs_class_3,0.006,0.011759999999999998
CIFAR-10,softmax,static,dirichlet,CC,9,per_class_accs_class_3,0.39649999999999996,0.6222999999999999
CIFAR-10,softmax,static,dirichlet,CC,0,per_class_accs_class_4,0.01,0.0
CIFAR-10,softmax,static,dirichlet,CC,1,per_class_accs_class_4,0.01,0.0
CIFAR-10,softmax,static,dirichlet,CC,2,per_class_accs_class_4,0.01,0.0
CIFAR-10,softmax,static,dirichlet,CC,3,per_class_accs_class_4,0.01,0.0
CIFAR-10,softmax,static,dirichlet,CC,4,per_class_accs_class_4,0.01,0.0
CIFAR-10,softmax,static,dirichlet,CC,5,per_class_accs_class_4,0.01,0.0
CIFAR-10,softmax,static,dirichlet,CC,6,per_class_accs_class_4,0.01,0.0
CIFAR-10,softmax,static,dirichlet,CC,7,per_class_accs_class_4,0.01,0.0
CIFAR-10,softmax,static,dirichlet,CC,8,per_class_accs_class_4,0.01,0.0
CIFAR-10,softmax,static,dirichlet,CC,9,per_class_accs_class_4,0.2795,0.54782
CIFAR-10,softmax,static,dirichlet,CC,0,per_class_accs_class_5,0.1535,0.29889999999999994
CIFAR-10,softmax,static,dirichlet,CC,1,per_class_accs_class_5,0.1535,0.29889999999999994
CIFAR-10,softmax,static,dirichlet,CC,2,per_class_accs_class_5,0.1535,0.29889999999999994
CIFAR-10,softmax,static,dirichlet,CC,3,per_class_accs_class_5,0.1535,0.29889999999999994
CIFAR-10,softmax,static,dirichlet,CC,4,per_class_accs_class_5,0.1535,0.29889999999999994
CIFAR-10,softmax,static,dirichlet,CC,5,per_class_accs_class_5,0.1535,0.29889999999999994
CIFAR-10,softmax,static,dirichlet,CC,6,per_class_accs_class_5,0.1535,0.29889999999999994
CIFAR-10,softmax,static,dirichlet,CC,7,per_class_accs_class_5,0.1535,0.29889999999999994
CIFAR-10,softmax,static,dirichlet,CC,8,per_class_accs_class_5,0.1535,0.29889999999999994
CIFAR-10,softmax,static,dirichlet,CC,9,per_class_accs_class_5,0.0,0.0
CIFAR-10,softmax,static,dirichlet,CC,0,per_class_accs_class_6,0.0365,0.06761999999999999
CIFAR-10,softmax,static,dirichlet,CC,1,per_class_accs_class_6,0.0365,0.06761999999999999
CIFAR-10,softmax,static,dirichlet,CC,2,per_class_accs_class_6,0.0365,0.06761999999999999
CIFAR-10,softmax,static,dirichlet,CC,3,per_class_accs_class_6,0.0365,0.06761999999999999
CIFAR-10,softmax,static,dirichlet,CC,4,per_class_accs_class_6,0.0365,0.06761999999999999
CIFAR-10,softmax,static,dirichlet,CC,5,per_class_accs_class_6,0.0365,0.06761999999999999
CIFAR-10,softmax,static,dirichlet,CC,6,per_class_accs_class_6,0.0365,0.06761999999999999
CIFAR-10,softmax,static,dirichlet,CC,7,per_class_accs_class_6,0.0365,0.06761999999999999
CIFAR-10,softmax,static,dirichlet,CC,8,per_class_accs_class_6,0.0365,0.06761999999999999
CIFAR-10,softmax,static,dirichlet,CC,9,per_class_accs_class_6,0.0,0.0
CIFAR-10,softmax,static,dirichlet,CC,0,per_class_accs_class_7,0.0565,0.10877999999999999
CIFAR-10,softmax,static,dirichlet,CC,1,per_class_accs_class_7,0.0565,0.10877999999999999
CIFAR-10,softmax,static,dirichlet,CC,2,per_class_accs_class_7,0.0565,0.10877999999999999
CIFAR-10,softmax,static,dirichlet,CC,3,per_class_accs_class_7,0.0565,0.10877999999999999
CIFAR-10,softmax,static,dirichlet,CC,4,per_class_accs_class_7,0.0565,0.10877999999999999
CIFAR-10,softmax,static,dirichlet,CC,5,per_class_accs_class_7,0.0565,0.10877999999999999
CIFAR-10,softmax,static,dirichlet,CC,6,per_class_accs_class_7,0.0565,0.10877999999999999
CIFAR-10,softmax,static,dirichlet,CC,7,per_class_accs_class_7,0.0565,0.10877999999999999
CIFAR-10,softmax,static,dirichlet,CC,8,per_class_accs_class_7,0.0565,0.10877999999999999
CIFAR-10,softmax,static,dirichlet,CC,9,per_class_accs_class_7,0.107,0.19991999999999996
CIFAR-10,softmax,static,dirichlet,CC,0,per_class_accs_class_8,0.179,0.35084
CIFAR-10,softmax,static,dirichlet,CC,1,per_class_accs_class_8,0.179,0.35084
CIFAR-10,softmax,static,dirichlet,CC,2,per_class_accs_class_8,0.179,0.35084
CIFAR-10,softmax,static,dirichlet,CC,3,per_class_accs_class_8,0.179,0.35084
CIFAR-10,softmax,static,dirichlet,CC,4,per_class_accs_class_8,0.179,0.35084
CIFAR-10,softmax,static,dirichlet,CC,5,per_class_accs_class_8,0.179,0.35084
CIFAR-10,softmax,static,dirichlet,CC,6,per_class_accs_class_8,0.179,0.35084
CIFAR-10,softmax,static,dirichlet,CC,7,per_class_accs_class_8,0.179,0.35084
CIFAR-10,softmax,static,dirichlet,CC,8,per_class_accs_class_8,0.179,0.35084
CIFAR-10,softmax,static,dirichlet,CC,9,per_class_accs_class_8,0.11850000000000001,0.22246
CIFAR-10,softmax,static,dirichlet,CC,0,per_class_accs_class_9,0.387,0.7585199999999999
CIFAR-10,softmax,static,dirichlet,CC,1,per_class_accs_class_9,0.387,0.7585199999999999
CIFAR-10,softmax,static,dirichlet,CC,2,per_class_accs_class_9,0.387,0.7585199999999999
CIFAR-10,softmax,static,dirichlet,CC,3,per_class_accs_class_9,0.387,0.7585199999999999
CIFAR-10,softmax,static,dirichlet,CC,4,per_class_accs_class_9,0.387,0.7585199999999999
CIFAR-10,softmax,static,dirichlet,CC,5,per_class_accs_class_9,0.387,0.7585199999999999
CIFAR-10,softmax,static,dirichlet,CC,6,per_class_accs_class_9,0.387,0.7585199999999999
CIFAR-10,softmax,static,dirichlet,CC,7,per_class_accs_class_9,0.387,0.7585199999999999
CIFAR-10,softmax,static,dirichlet,CC,8,per_class_accs_class_9,0.387,0.7585199999999999
CIFAR-10,softmax,static,dirichlet,CC,9,per_class_accs_class_9,0.5994999999999999,0.25381999999999993
CIFAR-10,softmax,static,dirichlet,FABA,0,accs,0.11155000000000001,0.02009
CIFAR-10,softmax,static,dirichlet,FABA,1,accs,0.11155000000000001,0.02009
CIFAR-10,softmax,static,dirichlet,FABA,2,accs,0.11155000000000001,0.02009
CIFAR-10,softmax,static,dirichlet,FABA,3,accs,0.11155000000000001,0.02009
CIFAR-10,softmax,static,dirichlet,FABA,4,accs,0.11155000000000001,0.02009
CIFAR-10,softmax,static,dirichlet,FABA,5,accs,0.11155000000000001,0.02009
CIFAR-10,softmax,static,dirichlet,FABA,6,accs,0.11155000000000001,0.02009
CIFAR-10,softmax,static,dirichlet,FABA,7,accs,0.11155000000000001,0.02009
CIFAR-10,softmax,static,dirichlet,FABA,8,accs,0.11155000000000001,0.02009
CIFAR-10,softmax,static,dirichlet,FABA,9,accs,0.1427,0.006664000000000001
CIFAR-10,softmax,static,dirichlet,FABA,0,losses,2.3185687589645383,0.02293660758209209
CIFAR-10,softmax,static,dirichlet,FABA,1,losses,2.3185687589645383,0.02293660758209209
CIFAR-10,softmax,static,dirichlet,FABA,2,losses,2.3185687589645383,0.02293660758209209
CIFAR-10,softmax,static,dirichlet,FABA,3,losses,2.3185687589645383,0.02293660758209209
CIFAR-10,softmax,static,dirichlet,FABA,4,losses,2.3185687589645383,0.02293660758209209
CIFAR-10,softmax,static,dirichlet,FABA,5,losses,2.3185687589645383,0.02293660758209209
CIFAR-10,softmax,static,dirichlet,FABA,6,losses,2.3185687589645383,0.02293660758209209
CIFAR-10,softmax,static,dirichlet,FABA,7,losses,2.3185687589645383,0.02293660758209209
CIFAR-10,softmax,static,dirichlet,FABA,8,losses,2.3185687589645383,0.02293660758209209
CIFAR-10,softmax,static,dirichlet,FABA,9,losses,2.500218855857849,0.06791917432403585
CIFAR-10,softmax,static,dirichlet,FABA,0,xi,11.187495231628418,0.7956500053405762
CIFAR-10,softmax,static,dirichlet,FABA,1,xi,10.942316055297852,0.7296774387359619
CIFAR-10,softmax,static,dirichlet,FABA,2,xi,10.649336814880371,0.3703655004501343
CIFAR-10,softmax,static,dirichlet,FABA,3,xi,10.287801742553711,0.32662802934646606
CIFAR-10,softmax,static,dirichlet,FABA,4,xi,10.102494239807129,0.7044348120689392
CIFAR-10,softmax,static,dirichlet,FABA,5,xi,9.979528427124023,0.8582710027694702
CIFAR-10,softmax,static,dirichlet,FABA,6,xi,9.63284683227539,1.2474333047866821
CIFAR-10,softmax,static,dirichlet,FABA,7,xi,9.573202133178711,1.4256139993667603
CIFAR-10,softmax,static,dirichlet,FABA,8,xi,9.39765739440918,1.5233535766601562
CIFAR-10,softmax,static,dirichlet,FABA,9,xi,9.297917366027832,1.839032769203186
CIFAR-10,softmax,static,dirichlet,FABA,0,A,6.020281791687012,1.1314735412597656
CIFAR-10,softmax,static,dirichlet,FABA,1,A,5.7699737548828125,0.983248233795166
CIFAR-10,softmax,static,dirichlet,FABA,2,A,5.589552879333496,0.8010155558586121
CIFAR-10,softmax,static,dirichlet,FABA,3,A,5.495123386383057,0.559990406036377
CIFAR-10,softmax,static,dirichlet,FABA,4,A,5.397501468658447,0.5834441781044006
CIFAR-10,softmax,static,dirichlet,FABA,5,A,5.472383499145508,0.2569563388824463
CIFAR-10,softmax,static,dirichlet,FABA,6,A,5.345876693725586,0.130267933011055
CIFAR-10,softmax,static,dirichlet,FABA,7,A,5.387007236480713,0.24960291385650635
CIFAR-10,softmax,static,dirichlet,FABA,8,A,5.438922882080078,0.27945733070373535
CIFAR-10,softmax,static,dirichlet,FABA,9,A,5.413749694824219,0.5027577877044678
CIFAR-10,softmax,static,dirichlet,FABA,0,variance,0.001634114421904087,0.00033017422538250685
CIFAR-10,softmax,static,dirichlet,FABA,1,variance,0.001564081059768796,0.000260130618698895
CIFAR-10,softmax,static,dirichlet,FABA,2,variance,0.0015087039209902287,0.0001885231031337753
CIFAR-10,softmax,static,dirichlet,FABA,3,variance,0.0014480247627943754,9.723077528178692e-05
CIFAR-10,softmax,static,dirichlet,FABA,4,variance,0.0013964183162897825,2.6988083845935762e-05
CIFAR-10,softmax,static,dirichlet,FABA,5,variance,0.001351401791907847,1.4549973457178567e-05
CIFAR-10,softmax,static,dirichlet,FABA,6,variance,0.0013059289194643497,8.36998297017999e-05
CIFAR-10,softmax,static,dirichlet,FABA,7,variance,0.0013004172360524535,8.462153346044943e-05
CIFAR-10,softmax,static,dirichlet,FABA,8,variance,0.0012771030887961388,0.00011131937935715541
CIFAR-10,softmax,static,dirichlet,FABA,9,variance,0.0012630586279556155,0.00014186128100845963
CIFAR-10,softmax,static,dirichlet,FABA,0,per_class_accs_class_0,0.001,0.00196
CIFAR-10,softmax,static,dirichlet,FABA,1,per_class_accs_class_0,0.001,0.00196
CIFAR-10,softmax,static,dirichlet,FABA,2,per_class_accs_class_0,0.001,0.00196
CIFAR-10,softmax,static,dirichlet,FABA,3,per_class_accs_class_0,0.001,0.00196
CIFAR-10,softmax,static,dirichlet,FABA,4,per_class_accs_class_0,0.001,0.00196
CIFAR-10,softmax,static,dirichlet,FABA,5,per_class_accs_class_0,0.001,0.00196
CIFAR-10,softmax,static,dirichlet,FABA,6,per_class_accs_class_0,0.001,0.00196
CIFAR-10,softmax,static,dirichlet,FABA,7,per_class_accs_class_0,0.001,0.00196
CIFAR-10,softmax,static,dirichlet,FABA,8,per_class_accs_class_0,0.001,0.00196
CIFAR-10,softmax,static,dirichlet,FABA,9,per_class_accs_class_0,0.3145,0.54782
CIFAR-10,softmax,static,dirichlet,FABA,0,per_class_accs_class_1,0.2255,0.42629999999999996
CIFAR-10,softmax,static,dirichlet,FABA,1,per_class_accs_class_1,0.2255,0.42629999999999996
CIFAR-10,softmax,static,dirichlet,FABA,2,per_class_accs_class_1,0.2255,0.42629999999999996
CIFAR-10,softmax,static,dirichlet,FABA,3,per_class_accs_class_1,0.2255,0.42629999999999996
CIFAR-10,softmax,static,dirichlet,FABA,4,per_class_accs_class_1,0.2255,0.42629999999999996
CIFAR-10,softmax,static,dirichlet,FABA,5,per_class_accs_class_1,0.2255,0.42629999999999996
CIFAR-10,softmax,static,dirichlet,FABA,6,per_class_accs_class_1,0.2255,0.42629999999999996
CIFAR-10,softmax,static,dirichlet,FABA,7,per_class_accs_class_1,0.2255,0.42629999999999996
CIFAR-10,softmax,static,dirichlet,FABA,8,per_class_accs_class_1,0.2255,0.42629999999999996
CIFAR-10,softmax,static,dirichlet,FABA,9,per_class_accs_class_1,0.0155,0.030379999999999997
CIFAR-10,softmax,static,dirichlet,FABA,0,per_class_accs_class_2,0.001,0.0
CIFAR-10,softmax,static,dirichlet,FABA,1,per_class_accs_class_2,0.001,0.0
CIFAR-10,softmax,static,dirichlet,FABA,2,per_class_accs_class_2,0.001,0.0
CIFAR-10,softmax,static,dirichlet,FABA,3,per_class_accs_class_2,0.001,0.0
CIFAR-10,softmax,static,dirichlet,FABA,4,per_class_accs_class_2,0.001,0.0
CIFAR-10,softmax,static,dirichlet,FABA,5,per_class_accs_class_2,0.001,0.0
CIFAR-10,softmax,static,dirichlet,FABA,6,per_class_accs_class_2,0.001,0.0
CIFAR-10,softmax,static,dirichlet,FABA,7,per_class_accs_class_2,0.001,0.0
CIFAR-10,softmax,static,dirichlet,FABA,8,per_class_accs_class_2,0.001,0.0
CIFAR-10,softmax,static,dirichlet,FABA,9,per_class_accs_class_2,0.0,0.0
CIFAR-10,softmax,static,dirichlet,FABA,0,per_class_accs_class_3,0.020499999999999997,0.03037999999999999
CIFAR-10,softmax,static,dirichlet,FABA,1,per_class_accs_class_3,0.020499999999999997,0.03037999999999999
CIFAR-10,softmax,static,dirichlet,FABA,2,per_class_accs_class_3,0.020499999999999997,0.03037999999999999
CIFAR-10,softmax,static,dirichlet,FABA,3,per_class_accs_class_3,0.020499999999999997,0.03037999999999999
CIFAR-10,softmax,static,dirichlet,FABA,4,per_class_accs_class_3,0.020499999999999997,0.03037999999999999
CIFAR-10,softmax,static,dirichlet,FABA,5,per_class_accs_class_3,0.020499999999999997,0.03037999999999999
CIFAR-10,softmax,static,dirichlet,FABA,6,per_class_accs_class_3,0.020499999999999997,0.03037999999999999
CIFAR-10,softmax,static,dirichlet,FABA,7,per_class_accs_class_3,0.020499999999999997,0.03037999999999999
CIFAR-10,softmax,static,dirichlet,FABA,8,per_class_accs_class_3,0.020499999999999997,0.03037999999999999
CIFAR-10,softmax,static,dirichlet,FABA,9,per_class_accs_class_3,0.1515,0.29694
CIFAR-10,softmax,static,dirichlet,FABA,0,per_class_accs_class_4,0.001,0.0
CIFAR-10,softmax,static,dirichlet,FABA,1,per_class_accs_class_4,0.001,0.0
CIFAR-10,softmax,static,dirichlet,FABA,2,per_class_accs_class_4,0.001,0.0
CIFAR-10,softmax,static,dirichlet,FABA,3,per_class_accs_class_4,0.001,0.0
CIFAR-10,softmax,static,dirichlet,FABA,4,per_class_accs_class_4,0.001,0.0
CIFAR-10,softmax,static,dirichlet,FABA,5,per_class_accs_class_4,0.001,0.0
CIFAR-10,softmax,static,dirichlet,FABA,6,per_class_accs_class_4,0.001,0.0
CIFAR-10,softmax,static,dirichlet,FABA,7,per_class_accs_class_4,0.001,0.0
CIFAR-10,softmax,static,dirichlet,FABA,8,per_class_accs_class_4,0.001,0.0
CIFAR-10,softmax,static,dirichlet,FABA,9,per_class_accs_class_4,0.0,0.0
CIFAR-10,softmax,static,dirichlet,FABA,0,per_class_accs_class_5,0.002,0.0
CIFAR-10,softmax,static,dirichlet,FABA,1,per_class_accs_class_5,0.002,0.0
CIFAR-10,softmax,static,dirichlet,FABA,2,per_class_accs_class_5,0.002,0.0
CIFAR-10,softmax,static,dirichlet,FABA,3,per_class_accs_class_5,0.002,0.0
CIFAR-10,softmax,static,dirichlet,FABA,4,per_class_accs_class_5,0.002,0.0
CIFAR-10,softmax,static,dirichlet,FABA,5,per_class_accs_class_5,0.002,0.0
CIFAR-10,softmax,static,dirichlet,FABA,6,per_class_accs_class_5,0.002,0.0
CIFAR-10,softmax,static,dirichlet,FABA,7,per_class_accs_class_5,0.002,0.0
CIFAR-10,softmax,static,dirichlet,FABA,8,per_class_accs_class_5,0.002,0.0
CIFAR-10,softmax,static,dirichlet,FABA,9,per_class_accs_class_5,0.058,0.11367999999999999
CIFAR-10,softmax,static,dirichlet,FABA,0,per_class_accs_class_6,0.001,0.00196
CIFAR-10,softmax,static,dirichlet,FABA,1,per_class_accs_class_6,0.001,0.00196
CIFAR-10,softmax,static,dirichlet,FABA,2,per_class_accs_class_6,0.001,0.00196
CIFAR-10,softmax,static,dirichlet,FABA,3,per_class_accs_class_6,0.001,0.00196
CIFAR-10,softmax,static,dirichlet,FABA,4,per_class_accs_class_6,0.001,0.00196
CIFAR-10,softmax,static,dirichlet,FABA,5,per_class_accs_class_6,0.001,0.00196
CIFAR-10,softmax,static,dirichlet,FABA,6,per_class_accs_class_6,0.001,0.00196
CIFAR-10,softmax,static,dirichlet,FABA,7,per_class_accs_class_6,0.001,0.00196
CIFAR-10,softmax,static,dirichlet,FABA,8,per_class_accs_class_6,0.001,0.00196
CIFAR-10,softmax,static,dirichlet,FABA,9,per_class_accs_class_6,0.001,0.00196
CIFAR-10,softmax,static,dirichlet,FABA,0,per_class_accs_class_7,0.6699999999999999,0.5586
CIFAR-10,softmax,static,dirichlet,FABA,1,per_class_accs_class_7,0.6699999999999999,0.5586
CIFAR-10,softmax,static,dirichlet,FABA,2,per_class_accs_class_7,0.6699999999999999,0.5586
CIFAR-10,softmax,static,dirichlet,FABA,3,per_class_accs_class_7,0.6699999999999999,0.5586
CIFAR-10,softmax,static,dirichlet,FABA,4,per_class_accs_class_7,0.6699999999999999,0.5586
CIFAR-10,softmax,static,dirichlet,FABA,5,per_class_accs_class_7,0.6699999999999999,0.5586
CIFAR-10,softmax,static,dirichlet,FABA,6,per_class_accs_class_7,0.6699999999999999,0.5586
CIFAR-10,softmax,static,dirichlet,FABA,7,per_class_accs_class_7,0.6699999999999999,0.5586
CIFAR-10,softmax,static,dirichlet,FABA,8,per_class_accs_class_7,0.6699999999999999,0.5586
CIFAR-10,softmax,static,dirichlet,FABA,9,per_class_accs_class_7,0.4285,0.55958
CIFAR-10,softmax,static,dirichlet,FABA,0,per_class_accs_class_8,0.1935,0.36357999999999996
CIFAR-10,softmax,static,dirichlet,FABA,1,per_class_accs_class_8,0.1935,0.36357999999999996
CIFAR-10,softmax,static,dirichlet,FABA,2,per_class_accs_class_8,0.1935,0.36357999999999996
CIFAR-10,softmax,static,dirichlet,FABA,3,per_class_accs_class_8,0.1935,0.36357999999999996
CIFAR-10,softmax,static,dirichlet,FABA,4,per_class_accs_class_8,0.1935,0.36357999999999996
CIFAR-10,softmax,static,dirichlet,FABA,5,per_class_accs_class_8,0.1935,0.36357999999999996
CIFAR-10,softmax,static,dirichlet,FABA,6,per_class_accs_class_8,0.1935,0.36357999999999996
CIFAR-10,softmax,static,dirichlet,FABA,7,per_class_accs_class_8,0.1935,0.36357999999999996
CIFAR-10,softmax,static,dirichlet,FABA,8,per_class_accs_class_8,0.1935,0.36357999999999996
CIFAR-10,softmax,static,dirichlet,FABA,9,per_class_accs_class_8,0.456,0.89376
CIFAR-10,softmax,static,dirichlet,FABA,0,per_class_accs_class_9,0.0,0.0
CIFAR-10,softmax,static,dirichlet,FABA,1,per_class_accs_class_9,0.0,0.0
CIFAR-10,softmax,static,dirichlet,FABA,2,per_class_accs_class_9,0.0,0.0
CIFAR-10,softmax,static,dirichlet,FABA,3,per_class_accs_class_9,0.0,0.0
CIFAR-10,softmax,static,dirichlet,FABA,4,per_class_accs_class_9,0.0,0.0
CIFAR-10,softmax,static,dirichlet,FABA,5,per_class_accs_class_9,0.0,0.0
CIFAR-10,softmax,static,dirichlet,FABA,6,per_class_accs_class_9,0.0,0.0
CIFAR-10,softmax,static,dirichlet,FABA,7,per_class_accs_class_9,0.0,0.0
CIFAR-10,softmax,static,dirichlet,FABA,8,per_class_accs_class_9,0.0,0.0
CIFAR-10,softmax,static,dirichlet,FABA,9,per_class_accs_class_9,0.002,0.00392
CIFAR-10,softmax,static,dirichlet,LFighter,0,accs,0.09865,0.0046060000000000085
CIFAR-10,softmax,static,dirichlet,LFighter,1,accs,0.09865,0.0046060000000000085
CIFAR-10,softmax,static,dirichlet,LFighter,2,accs,0.09865,0.0046060000000000085
CIFAR-10,softmax,static,dirichlet,LFighter,3,accs,0.09865,0.0046060000000000085
CIFAR-10,softmax,static,dirichlet,LFighter,4,accs,0.09865,0.0046060000000000085
CIFAR-10,softmax,static,dirichlet,LFighter,5,accs,0.09865,0.0046060000000000085
CIFAR-10,softmax,static,dirichlet,LFighter,6,accs,0.09865,0.0046060000000000085
CIFAR-10,softmax,static,dirichlet,LFighter,7,accs,0.09865,0.0046060000000000085
CIFAR-10,softmax,static,dirichlet,LFighter,8,accs,0.09865,0.0046060000000000085
CIFAR-10,softmax,static,dirichlet,LFighter,9,accs,0.1212,0.04155199999999999
CIFAR-10,softmax,static,dirichlet,LFighter,0,losses,2.3595257410049437,0.0617042186203002
CIFAR-10,softmax,static,dirichlet,LFighter,1,losses,2.3595257410049437,0.0617042186203002
CIFAR-10,softmax,static,dirichlet,LFighter,2,losses,2.3595257410049437,0.0617042186203002
CIFAR-10,softmax,static,dirichlet,LFighter,3,losses,2.3595257410049437,0.0617042186203002
CIFAR-10,softmax,static,dirichlet,LFighter,4,losses,2.3595257410049437,0.0617042186203002
CIFAR-10,softmax,static,dirichlet,LFighter,5,losses,2.3595257410049437,0.0617042186203002
CIFAR-10,softmax,static,dirichlet,LFighter,6,losses,2.3595257410049437,0.0617042186203002
CIFAR-10,softmax,static,dirichlet,LFighter,7,losses,2.3595257410049437,0.0617042186203002
CIFAR-10,softmax,static,dirichlet,LFighter,8,losses,2.3595257410049437,0.0617042186203002
CIFAR-10,softmax,static,dirichlet,LFighter,9,losses,2.6689875310897824,0.09094511965179429
CIFAR-10,softmax,static,dirichlet,LFighter,0,xi,9.978385925292969,1.1699548959732056
CIFAR-10,softmax,static,dirichlet,LFighter,1,xi,9.97557258605957,1.6077873706817627
CIFAR-10,softmax,static,dirichlet,LFighter,2,xi,9.989713668823242,1.561322808265686
CIFAR-10,softmax,static,dirichlet,LFighter,3,xi,9.874505996704102,1.891939640045166
CIFAR-10,softmax,static,dirichlet,LFighter,4,xi,9.849905014038086,2.156834363937378
CIFAR-10,softmax,static,dirichlet,LFighter,5,xi,9.83824348449707,2.367534637451172
CIFAR-10,softmax,static,dirichlet,LFighter,6,xi,9.543607711791992,2.5829994678497314
CIFAR-10,softmax,static,dirichlet,LFighter,7,xi,9.526365280151367,2.9620304107666016
CIFAR-10,softmax,static,dirichlet,LFighter,8,xi,9.562419891357422,3.137962818145752
CIFAR-10,softmax,static,dirichlet,LFighter,9,xi,9.393521308898926,2.9757351875305176
CIFAR-10,softmax,static,dirichlet,LFighter,0,A,8.693848609924316,2.425555944442749
CIFAR-10,softmax,static,dirichlet,LFighter,1,A,8.567512512207031,2.2504875659942627
CIFAR-10,softmax,static,dirichlet,LFighter,2,A,8.46298885345459,2.408773422241211
CIFAR-10,softmax,static,dirichlet,LFighter,3,A,8.37923812866211,2.264983654022217
CIFAR-10,softmax,static,dirichlet,LFighter,4,A,8.204379081726074,1.968841791152954
CIFAR-10,softmax,static,dirichlet,LFighter,5,A,8.189004898071289,1.4979997873306274
CIFAR-10,softmax,static,dirichlet,LFighter,6,A,8.133012771606445,1.6479532718658447
CIFAR-10,softmax,static,dirichlet,LFighter,7,A,8.118171691894531,1.6572248935699463
CIFAR-10,softmax,static,dirichlet,LFighter,8,A,8.028665542602539,1.7585963010787964
CIFAR-10,softmax,static,dirichlet,LFighter,9,A,7.922451972961426,1.472052812576294
CIFAR-10,softmax,static,dirichlet,LFighter,0,variance,0.002011702163144946,0.0006548094097524881
CIFAR-10,softmax,static,dirichlet,LFighter,1,variance,0.0019338538404554129,0.0006865575560368598
CIFAR-10,softmax,static,dirichlet,LFighter,2,variance,0.0018804074497893453,0.0006835443200543523
CIFAR-10,softmax,static,dirichlet,LFighter,3,variance,0.0018158047460019588,0.0007222892018035054
CIFAR-10,softmax,static,dirichlet,LFighter,4,variance,0.001760117243975401,0.0007107557030394673
CIFAR-10,softmax,static,dirichlet,LFighter,5,variance,0.0017192440573126078,0.0007114574545994401
CIFAR-10,softmax,static,dirichlet,LFighter,6,variance,0.0016716598765924573,0.0007170736789703369
CIFAR-10,softmax,static,dirichlet,LFighter,7,variance,0.0016585505800321698,0.0007076829206198454
CIFAR-10,softmax,static,dirichlet,LFighter,8,variance,0.0016396876890212297,0.0007156290812417865
CIFAR-10,softmax,static,dirichlet,LFighter,9,variance,0.0016069029225036502,0.000645691470708698
CIFAR-10,softmax,static,dirichlet,LFighter,0,per_class_accs_class_0,0.499,0.97608
CIFAR-10,softmax,static,dirichlet,LFighter,1,per_class_accs_class_0,0.499,0.97608
CIFAR-10,softmax,static,dirichlet,LFighter,2,per_class_accs_class_0,0.499,0.97608
CIFAR-10,softmax,static,dirichlet,LFighter,3,per_class_accs_class_0,0.499,0.97608
CIFAR-10,softmax,static,dirichlet,LFighter,4,per_class_accs_class_0,0.499,0.97608
CIFAR-10,softmax,static,dirichlet,LFighter,5,per_class_accs_class_0,0.499,0.97608
CIFAR-10,softmax,static,dirichlet,LFighter,6,per_class_accs_class_0,0.499,0.97608
CIFAR-10,softmax,static,dirichlet,LFighter,7,per_class_accs_class_0,0.499,0.97608
CIFAR-10,softmax,static,dirichlet,LFighter,8,per_class_accs_class_0,0.499,0.97608
CIFAR-10,softmax,static,dirichlet,LFighter,9,per_class_accs_class_0,0.267,0.52136
CIFAR-10,softmax,static,dirichlet,LFighter,0,per_class_accs_class_1,0.3815,0.74774
CIFAR-10,softmax,static,dirichlet,LFighter,1,per_class_accs_class_1,0.3815,0.74774
CIFAR-10,softmax,static,dirichlet,LFighter,2,per_class_accs_class_1,0.3815,0.74774
CIFAR-10,softmax,static,dirichlet,LFighter,3,per_class_accs_class_1,0.3815,0.74774
CIFAR-10,softmax,static,dirichlet,LFighter,4,per_class_accs_class_1,0.3815,0.74774
CIFAR-10,softmax,static,dirichlet,LFighter,5,per_class_accs_class_1,0.3815,0.74774
CIFAR-10,softmax,static,dirichlet,LFighter,6,per_class_accs_class_1,0.3815,0.74774
CIFAR-10,softmax,static,dirichlet,LFighter,7,per_class_accs_class_1,0.3815,0.74774
CIFAR-10,softmax,static,dirichlet,LFighter,8,per_class_accs_class_1,0.3815,0.74774
CIFAR-10,softmax,static,dirichlet,LFighter,9,per_class_accs_class_1,0.0025,0.0049
CIFAR-10,softmax,static,dirichlet,LFighter,0,per_class_accs_class_2,0.0255,0.04997999999999999
CIFAR-10,softmax,static,dirichlet,LFighter,1,per_class_accs_class_2,0.0255,0.04997999999999999
CIFAR-10,softmax,static,dirichlet,LFighter,2,per_class_accs_class_2,0.0255,0.04997999999999999
CIFAR-10,softmax,static,dirichlet,LFighter,3,per_class_accs_class_2,0.0255,0.04997999999999999
CIFAR-10,softmax,static,dirichlet,LFighter,4,per_class_accs_class_2,0.0255,0.04997999999999999
CIFAR-10,softmax,static,dirichlet,LFighter,5,per_class_accs_class_2,0.0255,0.04997999999999999
CIFAR-10,softmax,static,dirichlet,LFighter,6,per_class_accs_class_2,0.0255,0.04997999999999999
CIFAR-10,softmax,static,dirichlet,LFighter,7,per_class_accs_class_2,0.0255,0.04997999999999999
CIFAR-10,softmax,static,dirichlet,LFighter,8,per_class_accs_class_2,0.0255,0.04997999999999999
CIFAR-10,softmax,static,dirichlet,LFighter,9,per_class_accs_class_2,0.01,0.0196
CIFAR-10,softmax,static,dirichlet,LFighter,0,per_class_accs_class_3,0.0005,0.00098
CIFAR-10,softmax,static,dirichlet,LFighter,1,per_class_accs_class_3,0.0005,0.00098
CIFAR-10,softmax,static,dirichlet,LFighter,2,per_class_accs_class_3,0.0005,0.00098
CIFAR-10,softmax,static,dirichlet,LFighter,3,per_class_accs_class_3,0.0005,0.00098
CIFAR-10,softmax,static,dirichlet,LFighter,4,per_class_accs_class_3,0.0005,0.00098
CIFAR-10,softmax,static,dirichlet,LFighter,5,per_class_accs_class_3,0.0005,0.00098
CIFAR-10,softmax,static,dirichlet,LFighter,6,per_class_accs_class_3,0.0005,0.00098
CIFAR-10,softmax,static,dirichlet,LFighter,7,per_class_accs_class_3,0.0005,0.00098
CIFAR-10,softmax,static,dirichlet,LFighter,8,per_class_accs_class_3,0.0005,0.00098
CIFAR-10,softmax,static,dirichlet,LFighter,9,per_class_accs_class_3,0.0,0.0
CIFAR-10,softmax,static,dirichlet,LFighter,0,per_class_accs_class_4,0.02,0.0392
CIFAR-10,softmax,static,dirichlet,LFighter,1,per_class_accs_class_4,0.02,0.0392
CIFAR-10,softmax,static,dirichlet,LFighter,2,per_class_accs_class_4,0.02,0.0392
CIFAR-10,softmax,static,dirichlet,LFighter,3,per_class_accs_class_4,0.02,0.0392
CIFAR-10,softmax,static,dirichlet,LFighter,4,per_class_accs_class_4,0.02,0.0392
CIFAR-10,softmax,static,dirichlet,LFighter,5,per_class_accs_class_4,0.02,0.0392
CIFAR-10,softmax,static,dirichlet,LFighter,6,per_class_accs_class_4,0.02,0.0392
CIFAR-10,softmax,static,dirichlet,LFighter,7,per_class_accs_class_4,0.02,0.0392
CIFAR-10,softmax,static,dirichlet,LFighter,8,per_class_accs_class_4,0.02,0.0392
CIFAR-10,softmax,static,dirichlet,LFighter,9,per_class_accs_class_4,0.0,0.0
CIFAR-10,softmax,static,dirichlet,LFighter,0,per_class_accs_class_5,0.019,0.03723999999999999
CIFAR-10,softmax,static,dirichlet,LFighter,1,per_class_accs_class_5,0.019,0.03723999999999999
CIFAR-10,softmax,static,dirichlet,LFighter,2,per_class_accs_class_5,0.019,0.03723999999999999
CIFAR-10,softmax,static,dirichlet,LFighter,3,per_class_accs_class_5,0.019,0.03723999999999999
CIFAR-10,softmax,static,dirichlet,LFighter,4,per_class_accs_class_5,0.019,0.03723999999999999
CIFAR-10,softmax,static,dirichlet,LFighter,5,per_class_accs_class_5,0.019,0.03723999999999999
CIFAR-10,softmax,static,dirichlet,LFighter,6,per_class_accs_class_5,0.019,0.03723999999999999
CIFAR-10,softmax,static,dirichlet,LFighter,7,per_class_accs_class_5,0.019,0.03723999999999999
CIFAR-10,softmax,static,dirichlet,LFighter,8,per_class_accs_class_5,0.019,0.03723999999999999
CIFAR-10,softmax,static,dirichlet,LFighter,9,per_class_accs_class_5,0.6819999999999999,0.61936
CIFAR-10,softmax,static,dirichlet,LFighter,0,per_class_accs_class_6,0.0015,0.0029399999999999995
CIFAR-10,softmax,static,dirichlet,LFighter,1,per_class_accs_class_6,0.0015,0.0029399999999999995
CIFAR-10,softmax,static,dirichlet,LFighter,2,per_class_accs_class_6,0.0015,0.0029399999999999995
CIFAR-10,softmax,static,dirichlet,LFighter,3,per_class_accs_class_6,0.0015,0.0029399999999999995
CIFAR-10,softmax,static,dirichlet,LFighter,4,per_class_accs_class_6,0.0015,0.0029399999999999995
CIFAR-10,softmax,static,dirichlet,LFighter,5,per_class_accs_class_6,0.0015,0.0029399999999999995
CIFAR-10,softmax,static,dirichlet,LFighter,6,per_class_accs_class_6,0.0015,0.0029399999999999995
CIFAR-10,softmax,static,dirichlet,LFighter,7,per_class_accs_class_6,0.0015,0.0029399999999999995
CIFAR-10,softmax,static,dirichlet,LFighter,8,per_class_accs_class_6,0.0015,0.0029399999999999995
CIFAR-10,softmax,static,dirichlet,LFighter,9,per_class_accs_class_6,0.024,0.04703999999999999
CIFAR-10,softmax,static,dirichlet,LFighter,0,per_class_accs_class_7,0.036,0.045079999999999995
CIFAR-10,softmax,static,dirichlet,LFighter,1,per_class_accs_class_7,0.036,0.045079999999999995
CIFAR-10,softmax,static,dirichlet,LFighter,2,per_class_accs_class_7,0.036,0.045079999999999995
CIFAR-10,softmax,static,dirichlet,LFighter,3,per_class_accs_class_7,0.036,0.045079999999999995
CIFAR-10,softmax,static,dirichlet,LFighter,4,per_class_accs_class_7,0.036,0.045079999999999995
CIFAR-10,softmax,static,dirichlet,LFighter,5,per_class_accs_class_7,0.036,0.045079999999999995
CIFAR-10,softmax,static,dirichlet,LFighter,6,per_class_accs_class_7,0.036,0.045079999999999995
CIFAR-10,softmax,static,dirichlet,LFighter,7,per_class_accs_class_7,0.036,0.045079999999999995
CIFAR-10,softmax,static,dirichlet,LFighter,8,per_class_accs_class_7,0.036,0.045079999999999995
CIFAR-10,softmax,static,dirichlet,LFighter,9,per_class_accs_class_7,0.001,0.0
CIFAR-10,softmax,static,dirichlet,LFighter,0,per_class_accs_class_8,0.0035,0.00686
CIFAR-10,softmax,static,dirichlet,LFighter,1,per_class_accs_class_8,0.0035,0.00686
CIFAR-10,softmax,static,dirichlet,LFighter,2,per_class_accs_class_8,0.0035,0.00686
CIFAR-10,softmax,static,dirichlet,LFighter,3,per_class_accs_class_8,0.0035,0.00686
CIFAR-10,softmax,static,dirichlet,LFighter,4,per_class_accs_class_8,0.0035,0.00686
CIFAR-10,softmax,static,dirichlet,LFighter,5,per_class_accs_class_8,0.0035,0.00686
CIFAR-10,softmax,static,dirichlet,LFighter,6,per_class_accs_class_8,0.0035,0.00686
CIFAR-10,softmax,static,dirichlet,LFighter,7,per_class_accs_class_8,0.0035,0.00686
CIFAR-10,softmax,static,dirichlet,LFighter,8,per_class_accs_class_8,0.0035,0.00686
CIFAR-10,softmax,static,dirichlet,LFighter,9,per_class_accs_class_8,0.2255,0.44197999999999993
CIFAR-10,softmax,static,dirichlet,LFighter,0,per_class_accs_class_9,0.0,0.0
CIFAR-10,softmax,static,dirichlet,LFighter,1,per_class_accs_class_9,0.0,0.0
CIFAR-10,softmax,static,dirichlet,LFighter,2,per_class_accs_class_9,0.0,0.0
CIFAR-10,softmax,static,dirichlet,LFighter,3,per_class_accs_class_9,0.0,0.0
CIFAR-10,softmax,static,dirichlet,LFighter,4,per_class_accs_class_9,0.0,0.0
CIFAR-10,softmax,static,dirichlet,LFighter,5,per_class_accs_class_9,0.0,0.0
CIFAR-10,softmax,static,dirichlet,LFighter,6,per_class_accs_class_9,0.0,0.0
CIFAR-10,softmax,static,dirichlet,LFighter,7,per_class_accs_class_9,0.0,0.0
CIFAR-10,softmax,static,dirichlet,LFighter,8,per_class_accs_class_9,0.0,0.0
CIFAR-10,softmax,static,dirichlet,LFighter,9,per_class_accs_class_9,0.0,0.0
CIFAR-10,softmax,static,noniid,Mean,0,accs,0.1111,0.0033320000000000003
CIFAR-10,softmax,static,noniid,Mean,1,accs,0.1111,0.0033320000000000003
CIFAR-10,softmax,static,noniid,Mean,2,accs,0.1111,0.0033320000000000003
CIFAR-10,softmax,static,noniid,Mean,3,accs,0.1111,0.0033320000000000003
CIFAR-10,softmax,static,noniid,Mean,4,accs,0.1111,0.0033320000000000003
CIFAR-10,softmax,static,noniid,Mean,5,accs,0.1111,0.0033320000000000003
CIFAR-10,softmax,static,noniid,Mean,6,accs,0.1111,0.0033320000000000003
CIFAR-10,softmax,static,noniid,Mean,7,accs,0.1111,0.0033320000000000003
CIFAR-10,softmax,static,noniid,Mean,8,accs,0.1111,0.0033320000000000003
CIFAR-10,softmax,static,noniid,Mean,9,accs,0.14365,0.004410000000000003
CIFAR-10,softmax,static,noniid,Mean,0,losses,2.4066114519119264,0.013959907173156693
CIFAR-10,softmax,static,noniid,Mean,1,losses,2.4066114519119264,0.013959907173156693
CIFAR-10,softmax,static,noniid,Mean,2,losses,2.4066114519119264,0.013959907173156693
CIFAR-10,softmax,static,noniid,Mean,3,losses,2.4066114519119264,0.013959907173156693
CIFAR-10,softmax,static,noniid,Mean,4,losses,2.4066114519119264,0.013959907173156693
CIFAR-10,softmax,static,noniid,Mean,5,losses,2.4066114519119264,0.013959907173156693
CIFAR-10,softmax,static,noniid,Mean,6,losses,2.4066114519119264,0.013959907173156693
CIFAR-10,softmax,static,noniid,Mean,7,losses,2.4066114519119264,0.013959907173156693
CIFAR-10,softmax,static,noniid,Mean,8,losses,2.4066114519119264,0.013959907173156693
CIFAR-10,softmax,static,noniid,Mean,9,losses,2.9739867822647095,0.018111520698547632
CIFAR-10,softmax,static,noniid,Mean,0,xi,26.631752014160156,0.9214099645614624
CIFAR-10,softmax,static,noniid,Mean,1,xi,26.445343017578125,0.8640908002853394
CIFAR-10,softmax,static,noniid,Mean,2,xi,26.160930633544922,0.765191376209259
CIFAR-10,softmax,static,noniid,Mean,3,xi,26.009315490722656,0.48421671986579895
CIFAR-10,softmax,static,noniid,Mean,4,xi,25.836715698242188,0.22466497123241425
CIFAR-10,softmax,static,noniid,Mean,5,xi,25.610761642456055,0.21309272944927216
CIFAR-10,softmax,static,noniid,Mean,6,xi,25.46463966369629,0.21204599738121033
CIFAR-10,softmax,static,noniid,Mean,7,xi,25.39138412475586,0.16735336184501648
CIFAR-10,softmax,static,noniid,Mean,8,xi,25.339805603027344,0.24948422610759735
CIFAR-10,softmax,static,noniid,Mean,9,xi,25.283489227294922,0.0035271840170025826
CIFAR-10,softmax,static,noniid,Mean,0,A,21.3199405670166,0.4309482276439667
CIFAR-10,softmax,static,noniid,Mean,1,A,21.313308715820312,0.38692477345466614
CIFAR-10,softmax,static,noniid,Mean,2,A,21.262006759643555,0.23467828333377838
CIFAR-10,softmax,static,noniid,Mean,3,A,21.042633056640625,0.13164974749088287
CIFAR-10,softmax,static,noniid,Mean,4,A,21.08626365661621,0.07934387773275375
CIFAR-10,softmax,static,noniid,Mean,5,A,21.01274299621582,0.10168831050395966
CIFAR-10,softmax,static,noniid,Mean,6,A,20.81138038635254,0.06245376542210579
CIFAR-10,softmax,static,noniid,Mean,7,A,20.581418991088867,0.10439865291118622
CIFAR-10,softmax,static,noniid,Mean,8,A,20.487232208251953,0.026462288573384285
CIFAR-10,softmax,static,noniid,Mean,9,A,20.282207489013672,0.13781623542308807
CIFAR-10,softmax,static,noniid,Mean,0,variance,0.018488802015781403,0.00046668891445733607
CIFAR-10,softmax,static,noniid,Mean,1,variance,0.01835468038916588,0.0003960553731303662
CIFAR-10,softmax,static,noniid,Mean,2,variance,0.018227258697152138,0.0005444487906061113
CIFAR-10,softmax,static,noniid,Mean,3,variance,0.018129173666238785,0.0005209669470787048
CIFAR-10,softmax,static,noniid,Mean,4,variance,0.018097080290317535,0.0005073148640803993
CIFAR-10,softmax,static,noniid,Mean,5,variance,0.018019314855337143,0.00045184302143752575
CIFAR-10,softmax,static,noniid,Mean,6,variance,0.017911622300744057,0.0002895473735406995
CIFAR-10,softmax,static,noniid,Mean,7,variance,0.017854977399110794,0.00033805170096457005
CIFAR-10,softmax,static,noniid,Mean,8,variance,0.017835106700658798,0.00030493177473545074
CIFAR-10,softmax,static,noniid,Mean,9,variance,0.017750252038240433,0.0002970661735162139
CIFAR-10,softmax,static,noniid,Mean,0,per_class_accs_class_0,0.8895,0.14602
CIFAR-10,softmax,static,noniid,Mean,1,per_class_accs_class_0,0.8895,0.14602
CIFAR-10,softmax,static,noniid,Mean,2,per_class_accs_class_0,0.8895,0.14602
CIFAR-10,softmax,static,noniid,Mean,3,per_class_accs_class_0,0.8895,0.14602
CIFAR-10,softmax,static,noniid,Mean,4,per_class_accs_class_0,0.8895,0.14602
CIFAR-10,softmax,static,noniid,Mean,5,per_class_accs_class_0,0.8895,0.14602
CIFAR-10,softmax,static,noniid,Mean,6,per_class_accs_class_0,0.8895,0.14602
CIFAR-10,softmax,static,noniid,Mean,7,per_class_accs_class_0,0.8895,0.14602
CIFAR-10,softmax,static,noniid,Mean,8,per_class_accs_class_0,0.8895,0.14602
CIFAR-10,softmax,static,noniid,Mean,9,per_class_accs_class_0,0.3015,0.13034
CIFAR-10,softmax,static,noniid,Mean,0,per_class_accs_class_1,0.217,0.17247999999999997
CIFAR-10,softmax,static,noniid,Mean,1,per_class_accs_class_1,0.217,0.17247999999999997
CIFAR-10,softmax,static,noniid,Mean,2,per_class_accs_class_1,0.217,0.17247999999999997
CIFAR-10,softmax,static,noniid,Mean,3,per_class_accs_class_1,0.217,0.17247999999999997
CIFAR-10,softmax,static,noniid,Mean,4,per_class_accs_class_1,0.217,0.17247999999999997
CIFAR-10,softmax,static,noniid,Mean,5,per_class_accs_class_1,0.217,0.17247999999999997
CIFAR-10,softmax,static,noniid,Mean,6,per_class_accs_class_1,0.217,0.17247999999999997
CIFAR-10,softmax,static,noniid,Mean,7,per_class_accs_class_1,0.217,0.17247999999999997
CIFAR-10,softmax,static,noniid,Mean,8,per_class_accs_class_1,0.217,0.17247999999999997
CIFAR-10,softmax,static,noniid,Mean,9,per_class_accs_class_1,0.6074999999999999,0.040180000000000035
CIFAR-10,softmax,static,noniid,Mean,0,per_class_accs_class_2,0.001,0.0
CIFAR-10,softmax,static,noniid,Mean,1,per_class_accs_class_2,0.001,0.0
CIFAR-10,softmax,static,noniid,Mean,2,per_class_accs_class_2,0.001,0.0
CIFAR-10,softmax,static,noniid,Mean,3,per_class_accs_class_2,0.001,0.0
CIFAR-10,softmax,static,noniid,Mean,4,per_class_accs_class_2,0.001,0.0
CIFAR-10,softmax,static,noniid,Mean,5,per_class_accs_class_2,0.001,0.0
CIFAR-10,softmax,static,noniid,Mean,6,per_class_accs_class_2,0.001,0.0
CIFAR-10,softmax,static,noniid,Mean,7,per_class_accs_class_2,0.001,0.0
CIFAR-10,softmax,static,noniid,Mean,8,per_class_accs_class_2,0.001,0.0
CIFAR-10,softmax,static,noniid,Mean,9,per_class_accs_class_2,0.007,0.01372
CIFAR-10,softmax,static,noniid,Mean,0,per_class_accs_class_3,0.003,0.005879999999999999
CIFAR-10,softmax,static,noniid,Mean,1,per_class_accs_class_3,0.003,0.005879999999999999
CIFAR-10,softmax,static,noniid,Mean,2,per_class_accs_class_3,0.003,0.005879999999999999
CIFAR-10,softmax,static,noniid,Mean,3,per_class_accs_class_3,0.003,0.005879999999999999
CIFAR-10,softmax,static,noniid,Mean,4,per_class_accs_class_3,0.003,0.005879999999999999
CIFAR-10,softmax,static,noniid,Mean,5,per_class_accs_class_3,0.003,0.005879999999999999
CIFAR-10,softmax,static,noniid,Mean,6,per_class_accs_class_3,0.003,0.005879999999999999
CIFAR-10,softmax,static,noniid,Mean,7,per_class_accs_class_3,0.003,0.005879999999999999
CIFAR-10,softmax,static,noniid,Mean,8,per_class_accs_class_3,0.003,0.005879999999999999
CIFAR-10,softmax,static,noniid,Mean,9,per_class_accs_class_3,0.0,0.0
CIFAR-10,softmax,static,noniid,Mean,0,per_class_accs_class_4,0.0,0.0
CIFAR-10,softmax,static,noniid,Mean,1,per_class_accs_class_4,0.0,0.0
CIFAR-10,softmax,static,noniid,Mean,2,per_class_accs_class_4,0.0,0.0
CIFAR-10,softmax,static,noniid,Mean,3,per_class_accs_class_4,0.0,0.0
CIFAR-10,softmax,static,noniid,Mean,4,per_class_accs_class_4,0.0,0.0
CIFAR-10,softmax,static,noniid,Mean,5,per_class_accs_class_4,0.0,0.0
CIFAR-10,softmax,static,noniid,Mean,6,per_class_accs_class_4,0.0,0.0
CIFAR-10,softmax,static,noniid,Mean,7,per_class_accs_class_4,0.0,0.0
CIFAR-10,softmax,static,noniid,Mean,8,per_class_accs_class_4,0.0,0.0
CIFAR-10,softmax,static,noniid,Mean,9,per_class_accs_class_4,0.003,0.005879999999999999
CIFAR-10,softmax,static,noniid,Mean,0,per_class_accs_class_5,0.0,0.0
CIFAR-10,softmax,static,noniid,Mean,1,per_class_accs_class_5,0.0,0.0
CIFAR-10,softmax,static,noniid,Mean,2,per_class_accs_class_5,0.0,0.0
CIFAR-10,softmax,static,noniid,Mean,3,per_class_accs_class_5,0.0,0.0
CIFAR-10,softmax,static,noniid,Mean,4,per_class_accs_class_5,0.0,0.0
CIFAR-10,softmax,static,noniid,Mean,5,per_class_accs_class_5,0.0,0.0
CIFAR-10,softmax,static,noniid,Mean,6,per_class_accs_class_5,0.0,0.0
CIFAR-10,softmax,static,noniid,Mean,7,per_class_accs_class_5,0.0,0.0
CIFAR-10,softmax,static,noniid,Mean,8,per_class_accs_class_5,0.0,0.0
CIFAR-10,softmax,static,noniid,Mean,9,per_class_accs_class_5,0.376,0.22343999999999994
CIFAR-10,softmax,static,noniid,Mean,0,per_class_accs_class_6,0.0,0.0
CIFAR-10,softmax,static,noniid,Mean,1,per_class_accs_class_6,0.0,0.0
CIFAR-10,softmax,static,noniid,Mean,2,per_class_accs_class_6,0.0,0.0
CIFAR-10,softmax,static,noniid,Mean,3,per_class_accs_class_6,0.0,0.0
CIFAR-10,softmax,static,noniid,Mean,4,per_class_accs_class_6,0.0,0.0
CIFAR-10,softmax,static,noniid,Mean,5,per_class_accs_class_6,0.0,0.0
CIFAR-10,softmax,static,noniid,Mean,6,per_class_accs_class_6,0.0,0.0
CIFAR-10,softmax,static,noniid,Mean,7,per_class_accs_class_6,0.0,0.0
CIFAR-10,softmax,static,noniid,Mean,8,per_class_accs_class_6,0.0,0.0
CIFAR-10,softmax,static,noniid,Mean,9,per_class_accs_class_6,0.0,0.0
CIFAR-10,softmax,static,noniid,Mean,0,per_class_accs_class_7,0.0005,0.00098
CIFAR-10,softmax,static,noniid,Mean,1,per_class_accs_class_7,0.0005,0.00098
CIFAR-10,softmax,static,noniid,Mean,2,per_class_accs_class_7,0.0005,0.00098
CIFAR-10,softmax,static,noniid,Mean,3,per_class_accs_class_7,0.0005,0.00098
CIFAR-10,softmax,static,noniid,Mean,4,per_class_accs_class_7,0.0005,0.00098
CIFAR-10,softmax,static,noniid,Mean,5,per_class_accs_class_7,0.0005,0.00098
CIFAR-10,softmax,static,noniid,Mean,6,per_class_accs_class_7,0.0005,0.00098
CIFAR-10,softmax,static,noniid,Mean,7,per_class_accs_class_7,0.0005,0.00098
CIFAR-10,softmax,static,noniid,Mean,8,per_class_accs_class_7,0.0005,0.00098
CIFAR-10,softmax,static,noniid,Mean,9,per_class_accs_class_7,0.1415,0.27734
CIFAR-10,softmax,static,noniid,Mean,0,per_class_accs_class_8,0.0,0.0
CIFAR-10,softmax,static,noniid,Mean,1,per_class_accs_class_8,0.0,0.0
CIFAR-10,softmax,static,noniid,Mean,2,per_class_accs_class_8,0.0,0.0
CIFAR-10,softmax,static,noniid,Mean,3,per_class_accs_class_8,0.0,0.0
CIFAR-10,softmax,static,noniid,Mean,4,per_class_accs_class_8,0.0,0.0
CIFAR-10,softmax,static,noniid,Mean,5,per_class_accs_class_8,0.0,0.0
CIFAR-10,softmax,static,noniid,Mean,6,per_class_accs_class_8,0.0,0.0
CIFAR-10,softmax,static,noniid,Mean,7,per_class_accs_class_8,0.0,0.0
CIFAR-10,softmax,static,noniid,Mean,8,per_class_accs_class_8,0.0,0.0
CIFAR-10,softmax,static,noniid,Mean,9,per_class_accs_class_8,0.0,0.0
CIFAR-10,softmax,static,noniid,Mean,0,per_class_accs_class_9,0.0,0.0
CIFAR-10,softmax,static,noniid,Mean,1,per_class_accs_class_9,0.0,0.0
CIFAR-10,softmax,static,noniid,Mean,2,per_class_accs_class_9,0.0,0.0
CIFAR-10,softmax,static,noniid,Mean,3,per_class_accs_class_9,0.0,0.0
CIFAR-10,softmax,static,noniid,Mean,4,per_class_accs_class_9,0.0,0.0
CIFAR-10,softmax,static,noniid,Mean,5,per_class_accs_class_9,0.0,0.0
CIFAR-10,softmax,static,noniid,Mean,6,per_class_accs_class_9,0.0,0.0
CIFAR-10,softmax,static,noniid,Mean,7,per_class_accs_class_9,0.0,0.0
CIFAR-10,softmax,static,noniid,Mean,8,per_class_accs_class_9,0.0,0.0
CIFAR-10,softmax,static,noniid,Mean,9,per_class_accs_class_9,0.0,0.0
CIFAR-10,softmax,static,noniid,TriMean,0,accs,0.091,0.013719999999999996
CIFAR-10,softmax,static,noniid,TriMean,1,accs,0.091,0.013719999999999996
CIFAR-10,softmax,static,noniid,TriMean,2,accs,0.091,0.013719999999999996
CIFAR-10,softmax,static,noniid,TriMean,3,accs,0.091,0.013719999999999996
CIFAR-10,softmax,static,noniid,TriMean,4,accs,0.091,0.013719999999999996
CIFAR-10,softmax,static,noniid,TriMean,5,accs,0.091,0.013719999999999996
CIFAR-10,softmax,static,noniid,TriMean,6,accs,0.091,0.013719999999999996
CIFAR-10,softmax,static,noniid,TriMean,7,accs,0.091,0.013719999999999996
CIFAR-10,softmax,static,noniid,TriMean,8,accs,0.091,0.013719999999999996
CIFAR-10,softmax,static,noniid,TriMean,9,accs,0.12865,0.028322000000000003
CIFAR-10,softmax,static,noniid,TriMean,0,losses,2.308288138961792,0.014645959884643761
CIFAR-10,softmax,static,noniid,TriMean,1,losses,2.308288138961792,0.014645959884643761
CIFAR-10,softmax,static,noniid,TriMean,2,losses,2.308288138961792,0.014645959884643761
CIFAR-10,softmax,static,noniid,TriMean,3,losses,2.308288138961792,0.014645959884643761
CIFAR-10,softmax,static,noniid,TriMean,4,losses,2.308288138961792,0.014645959884643761
CIFAR-10,softmax,static,noniid,TriMean,5,losses,2.308288138961792,0.014645959884643761
CIFAR-10,softmax,static,noniid,TriMean,6,losses,2.308288138961792,0.014645959884643761
CIFAR-10,softmax,static,noniid,TriMean,7,losses,2.308288138961792,0.014645959884643761
CIFAR-10,softmax,static,noniid,TriMean,8,losses,2.308288138961792,0.014645959884643761
CIFAR-10,softmax,static,noniid,TriMean,9,losses,2.333846317100525,0.01443709043121359
CIFAR-10,softmax,static,noniid,TriMean,0,xi,26.237621307373047,1.8665213584899902
CIFAR-10,softmax,static,noniid,TriMean,1,xi,26.175140380859375,1.6851096153259277
CIFAR-10,softmax,static,noniid,TriMean,2,xi,26.173725128173828,1.5836513042449951
CIFAR-10,softmax,static,noniid,TriMean,3,xi,26.287967681884766,1.4249578714370728
CIFAR-10,softmax,static,noniid,TriMean,4,xi,26.298255920410156,1.1631313562393188
CIFAR-10,softmax,static,noniid,TriMean,5,xi,26.426101684570312,0.6774566173553467
CIFAR-10,softmax,static,noniid,TriMean,6,xi,26.45826530456543,0.47090426087379456
CIFAR-10,softmax,static,noniid,TriMean,7,xi,26.543407440185547,0.2630060315132141
CIFAR-10,softmax,static,noniid,TriMean,8,xi,26.541112899780273,0.22350044548511505
CIFAR-10,softmax,static,noniid,TriMean,9,xi,26.45090675354004,0.036236345767974854
CIFAR-10,softmax,static,noniid,TriMean,0,A,20.565597534179688,0.5726953744888306
CIFAR-10,softmax,static,noniid,TriMean,1,A,20.702926635742188,0.4745174050331116
CIFAR-10,softmax,static,noniid,TriMean,2,A,20.696392059326172,0.44182881712913513
CIFAR-10,softmax,static,noniid,TriMean,3,A,20.815956115722656,0.5671382546424866
CIFAR-10,softmax,static,noniid,TriMean,4,A,20.85097885131836,0.4529954195022583
CIFAR-10,softmax,static,noniid,TriMean,5,A,20.984603881835938,0.43155568838119507
CIFAR-10,softmax,static,noniid,TriMean,6,A,20.996265411376953,0.3296729624271393
CIFAR-10,softmax,static,noniid,TriMean,7,A,21.03594970703125,0.10300236195325851
CIFAR-10,softmax,static,noniid,TriMean,8,A,20.947996139526367,0.0014318084577098489
CIFAR-10,softmax,static,noniid,TriMean,9,A,21.057594299316406,0.032017555087804794
CIFAR-10,softmax,static,noniid,TriMean,0,variance,0.018450476229190826,0.0004084041283931583
CIFAR-10,softmax,static,noniid,TriMean,1,variance,0.018418634310364723,0.0003861800068989396
CIFAR-10,softmax,static,noniid,TriMean,2,variance,0.018379192799329758,0.00029297362198121846
CIFAR-10,softmax,static,noniid,TriMean,3,variance,0.018338948488235474,0.000303562730550766
CIFAR-10,softmax,static,noniid,TriMean,4,variance,0.01837141066789627,0.00015030645590741187
CIFAR-10,softmax,static,noniid,TriMean,5,variance,0.018384933471679688,0.00011040520621463656
CIFAR-10,softmax,static,noniid,TriMean,6,variance,0.018349539488554,2.331573523406405e-05
CIFAR-10,softmax,static,noniid,TriMean,7,variance,0.018341559916734695,6.508253864012659e-05
CIFAR-10,softmax,static,noniid,TriMean,8,variance,0.01831255480647087,3.54764997609891e-05
CIFAR-10,softmax,static,noniid,TriMean,9,variance,0.018285389989614487,5.160201544640586e-05
CIFAR-10,softmax,static,noniid,TriMean,0,per_class_accs_class_0,0.101,0.07448
CIFAR-10,softmax,static,noniid,TriMean,1,per_class_accs_class_0,0.101,0.07448
CIFAR-10,softmax,static,noniid,TriMean,2,per_class_accs_class_0,0.101,0.07448
CIFAR-10,softmax,static,noniid,TriMean,3,per_class_accs_class_0,0.101,0.07448
CIFAR-10,softmax,static,noniid,TriMean,4,per_class_accs_class_0,0.101,0.07448
CIFAR-10,softmax,static,noniid,TriMean,5,per_class_accs_class_0,0.101,0.07448
CIFAR-10,softmax,static,noniid,TriMean,6,per_class_accs_class_0,0.101,0.07448
CIFAR-10,softmax,static,noniid,TriMean,7,per_class_accs_class_0,0.101,0.07448
CIFAR-10,softmax,static,noniid,TriMean,8,per_class_accs_class_0,0.101,0.07448
CIFAR-10,softmax,static,noniid,TriMean,9,per_class_accs_class_0,0.4405,0.7693
CIFAR-10,softmax,static,noniid,TriMean,0,per_class_accs_class_1,0.153,0.017640000000000013
CIFAR-10,softmax,static,noniid,TriMean,1,per_class_accs_class_1,0.153,0.017640000000000013
CIFAR-10,softmax,static,noniid,TriMean,2,per_class_accs_class_1,0.153,0.017640000000000013
CIFAR-10,softmax,static,noniid,TriMean,3,per_class_accs_class_1,0.153,0.017640000000000013
CIFAR-10,softmax,static,noniid,TriMean,4,per_class_accs_class_1,0.153,0.017640000000000013
CIFAR-10,softmax,static,noniid,TriMean,5,per_class_accs_class_1,0.153,0.017640000000000013
CIFAR-10,softmax,static,noniid,TriMean,6,per_class_accs_class_1,0.153,0.017640000000000013
CIFAR-10,softmax,static,noniid,TriMean,7,per_class_accs_class_1,0.153,0.017640000000000013
CIFAR-10,softmax,static,noniid,TriMean,8,per_class_accs_class_1,0.153,0.017640000000000013
CIFAR-10,softmax,static,noniid,TriMean,9,per_class_accs_class_1,0.0135,0.010779999999999998
CIFAR-10,softmax,static,noniid,TriMean,0,per_class_accs_class_2,0.10850000000000001,0.0539
CIFAR-10,softmax,static,noniid,TriMean,1,per_class_accs_class_2,0.10850000000000001,0.0539
CIFAR-10,softmax,static,noniid,TriMean,2,per_class_accs_class_2,0.10850000000000001,0.0539
CIFAR-10,softmax,static,noniid,TriMean,3,per_class_accs_class_2,0.10850000000000001,0.0539
CIFAR-10,softmax,static,noniid,TriMean,4,per_class_accs_class_2,0.10850000000000001,0.0539
CIFAR-10,softmax,static,noniid,TriMean,5,per_class_accs_class_2,0.10850000000000001,0.0539
CIFAR-10,softmax,static,noniid,TriMean,6,per_class_accs_class_2,0.10850000000000001,0.0539
CIFAR-10,softmax,static,noniid,TriMean,7,per_class_accs_class_2,0.10850000000000001,0.0539
CIFAR-10,softmax,static,noniid,TriMean,8,per_class_accs_class_2,0.10850000000000001,0.0539
CIFAR-10,softmax,static,noniid,TriMean,9,per_class_accs_class_2,0.044,0.08623999999999998
CIFAR-10,softmax,static,noniid,TriMean,0,per_class_accs_class_3,0.0935,0.01078000000000001
CIFAR-10,softmax,static,noniid,TriMean,1,per_class_accs_class_3,0.0935,0.01078000000000001
CIFAR-10,softmax,static,noniid,TriMean,2,per_class_accs_class_3,0.0935,0.01078000000000001
CIFAR-10,softmax,static,noniid,TriMean,3,per_class_accs_class_3,0.0935,0.01078000000000001
CIFAR-10,softmax,static,noniid,TriMean,4,per_class_accs_class_3,0.0935,0.01078000000000001
CIFAR-10,softmax,static,noniid,TriMean,5,per_class_accs_class_3,0.0935,0.01078000000000001
CIFAR-10,softmax,static,noniid,TriMean,6,per_class_accs_class_3,0.0935,0.01078000000000001
CIFAR-10,softmax,static,noniid,TriMean,7,per_class_accs_class_3,0.0935,0.01078000000000001
CIFAR-10,softmax,static,noniid,TriMean,8,per_class_accs_class_3,0.0935,0.01078000000000001
CIFAR-10,softmax,static,noniid,TriMean,9,per_class_accs_class_3,0.067,0.13132
CIFAR-10,softmax,static,noniid,TriMean,0,per_class_accs_class_4,0.09,0.11367999999999998
CIFAR-10,softmax,static,noniid,TriMean,1,per_class_accs_class_4,0.09,0.11367999999999998
CIFAR-10,softmax,static,noniid,TriMean,2,per_class_accs_class_4,0.09,0.11367999999999998
CIFAR-10,softmax,static,noniid,TriMean,3,per_class_accs_class_4,0.09,0.11367999999999998
CIFAR-10,softmax,static,noniid,TriMean,4,per_class_accs_class_4,0.09,0.11367999999999998
CIFAR-10,softmax,static,noniid,TriMean,5,per_class_accs_class_4,0.09,0.11367999999999998
CIFAR-10,softmax,static,noniid,TriMean,6,per_class_accs_class_4,0.09,0.11367999999999998
CIFAR-10,softmax,static,noniid,TriMean,7,per_class_accs_class_4,0.09,0.11367999999999998
CIFAR-10,softmax,static,noniid,TriMean,8,per_class_accs_class_4,0.09,0.11367999999999998
CIFAR-10,softmax,static,noniid,TriMean,9,per_class_accs_class_4,0.0095,0.018619999999999994
CIFAR-10,softmax,static,noniid,TriMean,0,per_class_accs_class_5,0.026500000000000003,0.04606
CIFAR-10,softmax,static,noniid,TriMean,1,per_class_accs_class_5,0.026500000000000003,0.04606
CIFAR-10,softmax,static,noniid,TriMean,2,per_class_accs_class_5,0.026500000000000003,0.04606
CIFAR-10,softmax,static,noniid,TriMean,3,per_class_accs_class_5,0.026500000000000003,0.04606
CIFAR-10,softmax,static,noniid,TriMean,4,per_class_accs_class_5,0.026500000000000003,0.04606
CIFAR-10,softmax,static,noniid,TriMean,5,per_class_accs_class_5,0.026500000000000003,0.04606
CIFAR-10,softmax,static,noniid,TriMean,6,per_class_accs_class_5,0.026500000000000003,0.04606
CIFAR-10,softmax,static,noniid,TriMean,7,per_class_accs_class_5,0.026500000000000003,0.04606
CIFAR-10,softmax,static,noniid,TriMean,8,per_class_accs_class_5,0.026500000000000003,0.04606
CIFAR-10,softmax,static,noniid,TriMean,9,per_class_accs_class_5,0.5045000000000001,0.3577
CIFAR-10,softmax,static,noniid,TriMean,0,per_class_accs_class_6,0.078,0.06272
CIFAR-10,softmax,static,noniid,TriMean,1,per_class_accs_class_6,0.078,0.06272
CIFAR-10,softmax,static,noniid,TriMean,2,per_class_accs_class_6,0.078,0.06272
CIFAR-10,softmax,static,noniid,TriMean,3,per_class_accs_class_6,0.078,0.06272
CIFAR-10,softmax,static,noniid,TriMean,4,per_class_accs_class_6,0.078,0.06272
CIFAR-10,softmax,static,noniid,TriMean,5,per_class_accs_class_6,0.078,0.06272
CIFAR-10,softmax,static,noniid,TriMean,6,per_class_accs_class_6,0.078,0.06272
CIFAR-10,softmax,static,noniid,TriMean,7,per_class_accs_class_6,0.078,0.06272
CIFAR-10,softmax,static,noniid,TriMean,8,per_class_accs_class_6,0.078,0.06272
CIFAR-10,softmax,static,noniid,TriMean,9,per_class_accs_class_6,0.0085,0.0147
CIFAR-10,softmax,static,noniid,TriMean,0,per_class_accs_class_7,0.08650000000000001,0.14798
CIFAR-10,softmax,static,noniid,TriMean,1,per_class_accs_class_7,0.08650000000000001,0.14798
CIFAR-10,softmax,static,noniid,TriMean,2,per_class_accs_class_7,0.08650000000000001,0.14798
CIFAR-10,softmax,static,noniid,TriMean,3,per_class_accs_class_7,0.08650000000000001,0.14798
CIFAR-10,softmax,static,noniid,TriMean,4,per_class_accs_class_7,0.08650000000000001,0.14798
CIFAR-10,softmax,static,noniid,TriMean,5,per_class_accs_class_7,0.08650000000000001,0.14798
CIFAR-10,softmax,static,noniid,TriMean,6,per_class_accs_class_7,0.08650000000000001,0.14798
CIFAR-10,softmax,static,noniid,TriMean,7,per_class_accs_class_7,0.08650000000000001,0.14798
CIFAR-10,softmax,static,noniid,TriMean,8,per_class_accs_class_7,0.08650000000000001,0.14798
CIFAR-10,softmax,static,noniid,TriMean,9,per_class_accs_class_7,0.1155,0.22637999999999997
CIFAR-10,softmax,static,noniid,TriMean,0,per_class_accs_class_8,0.0975,0.17737999999999995
CIFAR-10,softmax,static,noniid,TriMean,1,per_class_accs_class_8,0.0975,0.17737999999999995
CIFAR-10,softmax,static,noniid,TriMean,2,per_class_accs_class_8,0.0975,0.17737999999999995
CIFAR-10,softmax,static,noniid,TriMean,3,per_class_accs_class_8,0.0975,0.17737999999999995
CIFAR-10,softmax,static,noniid,TriMean,4,per_class_accs_class_8,0.0975,0.17737999999999995
CIFAR-10,softmax,static,noniid,TriMean,5,per_class_accs_class_8,0.0975,0.17737999999999995
CIFAR-10,softmax,static,noniid,TriMean,6,per_class_accs_class_8,0.0975,0.17737999999999995
CIFAR-10,softmax,static,noniid,TriMean,7,per_class_accs_class_8,0.0975,0.17737999999999995
CIFAR-10,softmax,static,noniid,TriMean,8,per_class_accs_class_8,0.0975,0.17737999999999995
CIFAR-10,softmax,static,noniid,TriMean,9,per_class_accs_class_8,0.083,0.16268000000000002
CIFAR-10,softmax,static,noniid,TriMean,0,per_class_accs_class_9,0.0755,0.02057999999999999
CIFAR-10,softmax,static,noniid,TriMean,1,per_class_accs_class_9,0.0755,0.02057999999999999
CIFAR-10,softmax,static,noniid,TriMean,2,per_class_accs_class_9,0.0755,0.02057999999999999
CIFAR-10,softmax,static,noniid,TriMean,3,per_class_accs_class_9,0.0755,0.02057999999999999
CIFAR-10,softmax,static,noniid,TriMean,4,per_class_accs_class_9,0.0755,0.02057999999999999
CIFAR-10,softmax,static,noniid,TriMean,5,per_class_accs_class_9,0.0755,0.02057999999999999
CIFAR-10,softmax,static,noniid,TriMean,6,per_class_accs_class_9,0.0755,0.02057999999999999
CIFAR-10,softmax,static,noniid,TriMean,7,per_class_accs_class_9,0.0755,0.02057999999999999
CIFAR-10,softmax,static,noniid,TriMean,8,per_class_accs_class_9,0.0755,0.02057999999999999
CIFAR-10,softmax,static,noniid,TriMean,9,per_class_accs_class_9,0.0005,0.00098
CIFAR-10,softmax,static,noniid,CC,0,accs,0.10464999999999999,0.004018000000000005
CIFAR-10,softmax,static,noniid,CC,1,accs,0.10464999999999999,0.004018000000000005
CIFAR-10,softmax,static,noniid,CC,2,accs,0.10464999999999999,0.004018000000000005
CIFAR-10,softmax,static,noniid,CC,3,accs,0.10464999999999999,0.004018000000000005
CIFAR-10,softmax,static,noniid,CC,4,accs,0.10464999999999999,0.004018000000000005
CIFAR-10,softmax,static,noniid,CC,5,accs,0.10464999999999999,0.004018000000000005
CIFAR-10,softmax,static,noniid,CC,6,accs,0.10464999999999999,0.004018000000000005
CIFAR-10,softmax,static,noniid,CC,7,accs,0.10464999999999999,0.004018000000000005
CIFAR-10,softmax,static,noniid,CC,8,accs,0.10464999999999999,0.004018000000000005
CIFAR-10,softmax,static,noniid,CC,9,accs,0.1311,0.0029400000000000025
CIFAR-10,softmax,static,noniid,CC,0,losses,2.3682429687499997,0.007143012832641852
CIFAR-10,softmax,static,noniid,CC,1,losses,2.3682429687499997,0.007143012832641852
CIFAR-10,softmax,static,noniid,CC,2,losses,2.3682429687499997,0.007143012832641852
CIFAR-10,softmax,static,noniid,CC,3,losses,2.3682429687499997,0.007143012832641852
CIFAR-10,softmax,static,noniid,CC,4,losses,2.3682429687499997,0.007143012832641852
CIFAR-10,softmax,static,noniid,CC,5,losses,2.3682429687499997,0.007143012832641852
CIFAR-10,softmax,static,noniid,CC,6,losses,2.3682429687499997,0.007143012832641852
CIFAR-10,softmax,static,noniid,CC,7,losses,2.3682429687499997,0.007143012832641852
CIFAR-10,softmax,static,noniid,CC,8,losses,2.3682429687499997,0.007143012832641852
CIFAR-10,softmax,static,noniid,CC,9,losses,3.170221984672547,0.3990477930831908
CIFAR-10,softmax,static,noniid,CC,0,xi,26.938297271728516,0.7273848652839661
CIFAR-10,softmax,static,noniid,CC,1,xi,26.842405319213867,0.45243653655052185
CIFAR-10,softmax,static,noniid,CC,2,xi,26.626758575439453,0.2676173448562622
CIFAR-10,softmax,static,noniid,CC,3,xi,26.52042579650879,0.21224412322044373
CIFAR-10,softmax,static,noniid,CC,4,xi,26.4691104888916,0.30709490180015564
CIFAR-10,softmax,static,noniid,CC,5,xi,26.373443603515625,0.34872013330459595
CIFAR-10,softmax,static,noniid,CC,6,xi,26.213401794433594,0.23200346529483795
CIFAR-10,softmax,static,noniid,CC,7,xi,26.036029815673828,0.18758748471736908
CIFAR-10,softmax,static,noniid,CC,8,xi,25.88037872314453,0.23616242408752441
CIFAR-10,softmax,static,noniid,CC,9,xi,25.793304443359375,0.2911188304424286
CIFAR-10,softmax,static,noniid,CC,0,A,21.60485076904297,1.9440127611160278
CIFAR-10,softmax,static,noniid,CC,1,A,21.6082763671875,1.7190543413162231
CIFAR-10,softmax,static,noniid,CC,2,A,21.551013946533203,1.5249396562576294
CIFAR-10,softmax,static,noniid,CC,3,A,21.30809783935547,1.2508735656738281
CIFAR-10,softmax,static,noniid,CC,4,A,21.191246032714844,0.929600715637207
CIFAR-10,softmax,static,noniid,CC,5,A,20.98223114013672,0.502189040184021
CIFAR-10,softmax,static,noniid,CC,6,A,20.9249267578125,0.06733611971139908
CIFAR-10,softmax,static,noniid,CC,7,A,20.79416847229004,0.17402641475200653
CIFAR-10,softmax,static,noniid,CC,8,A,20.748720169067383,0.41935914754867554
CIFAR-10,softmax,static,noniid,CC,9,A,20.840404510498047,0.17839285731315613
CIFAR-10,softmax,static,noniid,CC,0,variance,0.01837056316435337,0.0013447628589347005
CIFAR-10,softmax,static,noniid,CC,1,variance,0.018337029963731766,0.001122495741583407
CIFAR-10,softmax,static,noniid,CC,2,variance,0.01824948564171791,0.0009806463494896889
CIFAR-10,softmax,static,noniid,CC,3,variance,0.01815124787390232,0.0007851085974834859
CIFAR-10,softmax,static,noniid,CC,4,variance,0.0180925652384758,0.0007276652613654733
CIFAR-10,softmax,static,noniid,CC,5,variance,0.01799626089632511,0.0006125979707576334
CIFAR-10,softmax,static,noniid,CC,6,variance,0.017926275730133057,0.0004570800228975713
CIFAR-10,softmax,static,noniid,CC,7,variance,0.017849430441856384,0.00039905449375510216
CIFAR-10,softmax,static,noniid,CC,8,variance,0.017811357975006104,0.00038738109287805855
CIFAR-10,softmax,static,noniid,CC,9,variance,0.017778735607862473,0.0003938539302907884
CIFAR-10,softmax,static,noniid,CC,0,per_class_accs_class_0,0.8305,0.27538
CIFAR-10,softmax,static,noniid,CC,1,per_class_accs_class_0,0.8305,0.27538
CIFAR-10,softmax,static,noniid,CC,2,per_class_accs_class_0,0.8305,0.27538
CIFAR-10,softmax,static,noniid,CC,3,per_class_accs_class_0,0.8305,0.27538
CIFAR-10,softmax,static,noniid,CC,4,per_class_accs_class_0,0.8305,0.27538
CIFAR-10,softmax,static,noniid,CC,5,per_class_accs_class_0,0.8305,0.27538
CIFAR-10,softmax,static,noniid,CC,6,per_class_accs_class_0,0.8305,0.27538
CIFAR-10,softmax,static,noniid,CC,7,per_class_accs_class_0,0.8305,0.27538
CIFAR-10,softmax,static,noniid,CC,8,per_class_accs_class_0,0.8305,0.27538
CIFAR-10,softmax,static,noniid,CC,9,per_class_accs_class_0,0.8975,0.14994000000000002
CIFAR-10,softmax,static,noniid,CC,0,per_class_accs_class_1,0.21200000000000002,0.23128
CIFAR-10,softmax,static,noniid,CC,1,per_class_accs_class_1,0.21200000000000002,0.23128
CIFAR-10,softmax,static,noniid,CC,2,per_class_accs_class_1,0.21200000000000002,0.23128
CIFAR-10,softmax,static,noniid,CC,3,per_class_accs_class_1,0.21200000000000002,0.23128
CIFAR-10,softmax,static,noniid,CC,4,per_class_accs_class_1,0.21200000000000002,0.23128
CIFAR-10,softmax,static,noniid,CC,5,per_class_accs_class_1,0.21200000000000002,0.23128
CIFAR-10,softmax,static,noniid,CC,6,per_class_accs_class_1,0.21200000000000002,0.23128
CIFAR-10,softmax,static,noniid,CC,7,per_class_accs_class_1,0.21200000000000002,0.23128
CIFAR-10,softmax,static,noniid,CC,8,per_class_accs_class_1,0.21200000000000002,0.23128
CIFAR-10,softmax,static,noniid,CC,9,per_class_accs_class_1,0.211,0.33712
CIFAR-10,softmax,static,noniid,CC,0,per_class_accs_class_2,0.003,0.00196
CIFAR-10,softmax,static,noniid,CC,1,per_class_accs_class_2,0.003,0.00196
CIFAR-10,softmax,static,noniid,CC,2,per_class_accs_class_2,0.003,0.00196
CIFAR-10,softmax,static,noniid,CC,3,per_class_accs_class_2,0.003,0.00196
CIFAR-10,softmax,static,noniid,CC,4,per_class_accs_class_2,0.003,0.00196
CIFAR-10,softmax,static,noniid,CC,5,per_class_accs_class_2,0.003,0.00196
CIFAR-10,softmax,static,noniid,CC,6,per_class_accs_class_2,0.003,0.00196
CIFAR-10,softmax,static,noniid,CC,7,per_class_accs_class_2,0.003,0.00196
CIFAR-10,softmax,static,noniid,CC,8,per_class_accs_class_2,0.003,0.00196
CIFAR-10,softmax,static,noniid,CC,9,per_class_accs_class_2,0.0105,0.02058
CIFAR-10,softmax,static,noniid,CC,0,per_class_accs_class_3,0.0,0.0
CIFAR-10,softmax,static,noniid,CC,1,per_class_accs_class_3,0.0,0.0
CIFAR-10,softmax,static,noniid,CC,2,per_class_accs_class_3,0.0,0.0
CIFAR-10,softmax,static,noniid,CC,3,per_class_accs_class_3,0.0,0.0
CIFAR-10,softmax,static,noniid,CC,4,per_class_accs_class_3,0.0,0.0
CIFAR-10,softmax,static,noniid,CC,5,per_class_accs_class_3,0.0,0.0
CIFAR-10,softmax,static,noniid,CC,6,per_class_accs_class_3,0.0,0.0
CIFAR-10,softmax,static,noniid,CC,7,per_class_accs_class_3,0.0,0.0
CIFAR-10,softmax,static,noniid,CC,8,per_class_accs_class_3,0.0,0.0
CIFAR-10,softmax,static,noniid,CC,9,per_class_accs_class_3,0.06,0.1176
CIFAR-10,softmax,static,noniid,CC,0,per_class_accs_class_4,0.0005,0.00098
CIFAR-10,softmax,static,noniid,CC,1,per_class_accs_class_4,0.0005,0.00098
CIFAR-10,softmax,static,noniid,CC,2,per_class_accs_class_4,0.0005,0.00098
CIFAR-10,softmax,static,noniid,CC,3,per_class_accs_class_4,0.0005,0.00098
CIFAR-10,softmax,static,noniid,CC,4,per_class_accs_class_4,0.0005,0.00098
CIFAR-10,softmax,static,noniid,CC,5,per_class_accs_class_4,0.0005,0.00098
CIFAR-10,softmax,static,noniid,CC,6,per_class_accs_class_4,0.0005,0.00098
CIFAR-10,softmax,static,noniid,CC,7,per_class_accs_class_4,0.0005,0.00098
CIFAR-10,softmax,static,noniid,CC,8,per_class_accs_class_4,0.0005,0.00098
CIFAR-10,softmax,static,noniid,CC,9,per_class_accs_class_4,0.001,0.00196
CIFAR-10,softmax,static,noniid,CC,0,per_class_accs_class_5,0.0,0.0
CIFAR-10,softmax,static,noniid,CC,1,per_class_accs_class_5,0.0,0.0
CIFAR-10,softmax,static,noniid,CC,2,per_class_accs_class_5,0.0,0.0
CIFAR-10,softmax,static,noniid,CC,3,per_class_accs_class_5,0.0,0.0
CIFAR-10,softmax,static,noniid,CC,4,per_class_accs_class_5,0.0,0.0
CIFAR-10,softmax,static,noniid,CC,5,per_class_accs_class_5,0.0,0.0
CIFAR-10,softmax,static,noniid,CC,6,per_class_accs_class_5,0.0,0.0
CIFAR-10,softmax,static,noniid,CC,7,per_class_accs_class_5,0.0,0.0
CIFAR-10,softmax,static,noniid,CC,8,per_class_accs_class_5,0.0,0.0
CIFAR-10,softmax,static,noniid,CC,9,per_class_accs_class_5,0.085,0.1666
CIFAR-10,softmax,static,noniid,CC,0,per_class_accs_class_6,0.0005,0.00098
CIFAR-10,softmax,static,noniid,CC,1,per_class_accs_class_6,0.0005,0.00098
CIFAR-10,softmax,static,noniid,CC,2,per_class_accs_class_6,0.0005,0.00098
CIFAR-10,softmax,static,noniid,CC,3,per_class_accs_class_6,0.0005,0.00098
CIFAR-10,softmax,static,noniid,CC,4,per_class_accs_class_6,0.0005,0.00098
CIFAR-10,softmax,static,noniid,CC,5,per_class_accs_class_6,0.0005,0.00098
CIFAR-10,softmax,static,noniid,CC,6,per_class_accs_class_6,0.0005,0.00098
CIFAR-10,softmax,static,noniid,CC,7,per_class_accs_class_6,0.0005,0.00098
CIFAR-10,softmax,static,noniid,CC,8,per_class_accs_class_6,0.0005,0.00098
CIFAR-10,softmax,static,noniid,CC,9,per_class_accs_class_6,0.037,0.07251999999999999
CIFAR-10,softmax,static,noniid,CC,0,per_class_accs_class_7,0.0,0.0
CIFAR-10,softmax,static,noniid,CC,1,per_class_accs_class_7,0.0,0.0
CIFAR-10,softmax,static,noniid,CC,2,per_class_accs_class_7,0.0,0.0
CIFAR-10,softmax,static,noniid,CC,3,per_class_accs_class_7,0.0,0.0
CIFAR-10,softmax,static,noniid,CC,4,per_class_accs_class_7,0.0,0.0
CIFAR-10,softmax,static,noniid,CC,5,per_class_accs_class_7,0.0,0.0
CIFAR-10,softmax,static,noniid,CC,6,per_class_accs_class_7,0.0,0.0
CIFAR-10,softmax,static,noniid,CC,7,per_class_accs_class_7,0.0,0.0
CIFAR-10,softmax,static,noniid,CC,8,per_class_accs_class_7,0.0,0.0
CIFAR-10,softmax,static,noniid,CC,9,per_class_accs_class_7,0.009,0.01764
CIFAR-10,softmax,static,noniid,CC,0,per_class_accs_class_8,0.0,0.0
CIFAR-10,softmax,static,noniid,CC,1,per_class_accs_class_8,0.0,0.0
CIFAR-10,softmax,static,noniid,CC,2,per_class_accs_class_8,0.0,0.0
CIFAR-10,softmax,static,noniid,CC,3,per_class_accs_class_8,0.0,0.0
CIFAR-10,softmax,static,noniid,CC,4,per_class_accs_class_8,0.0,0.0
CIFAR-10,softmax,static,noniid,CC,5,per_class_accs_class_8,0.0,0.0
CIFAR-10,softmax,static,noniid,CC,6,per_class_accs_class_8,0.0,0.0
CIFAR-10,softmax,static,noniid,CC,7,per_class_accs_class_8,0.0,0.0
CIFAR-10,softmax,static,noniid,CC,8,per_class_accs_class_8,0.0,0.0
CIFAR-10,softmax,static,noniid,CC,9,per_class_accs_class_8,0.0,0.0
CIFAR-10,softmax,static,noniid,CC,0,per_class_accs_class_9,0.0,0.0
CIFAR-10,softmax,static,noniid,CC,1,per_class_accs_class_9,0.0,0.0
CIFAR-10,softmax,static,noniid,CC,2,per_class_accs_class_9,0.0,0.0
CIFAR-10,softmax,static,noniid,CC,3,per_class_accs_class_9,0.0,0.0
CIFAR-10,softmax,static,noniid,CC,4,per_class_accs_class_9,0.0,0.0
CIFAR-10,softmax,static,noniid,CC,5,per_class_accs_class_9,0.0,0.0
CIFAR-10,softmax,static,noniid,CC,6,per_class_accs_class_9,0.0,0.0
CIFAR-10,softmax,static,noniid,CC,7,per_class_accs_class_9,0.0,0.0
CIFAR-10,softmax,static,noniid,CC,8,per_class_accs_class_9,0.0,0.0
CIFAR-10,softmax,static,noniid,CC,9,per_class_accs_class_9,0.0,0.0
CIFAR-10,softmax,static,noniid,FABA,0,accs,0.10585,0.009310000000000006
CIFAR-10,softmax,static,noniid,FABA,1,accs,0.10585,0.009310000000000006
CIFAR-10,softmax,static,noniid,FABA,2,accs,0.10585,0.009310000000000006
CIFAR-10,softmax,static,noniid,FABA,3,accs,0.10585,0.009310000000000006
CIFAR-10,softmax,static,noniid,FABA,4,accs,0.10585,0.009310000000000006
CIFAR-10,softmax,static,noniid,FABA,5,accs,0.10585,0.009310000000000006
CIFAR-10,softmax,static,noniid,FABA,6,accs,0.10585,0.009310000000000006
CIFAR-10,softmax,static,noniid,FABA,7,accs,0.10585,0.009310000000000006
CIFAR-10,softmax,static,noniid,FABA,8,accs,0.10585,0.009310000000000006
CIFAR-10,softmax,static,noniid,FABA,9,accs,0.12375,0.012642000000000007
CIFAR-10,softmax,static,noniid,FABA,0,losses,2.369187654685974,0.04070641616058353
CIFAR-10,softmax,static,noniid,FABA,1,losses,2.369187654685974,0.04070641616058353
CIFAR-10,softmax,static,noniid,FABA,2,losses,2.369187654685974,0.04070641616058353
CIFAR-10,softmax,static,noniid,FABA,3,losses,2.369187654685974,0.04070641616058353
CIFAR-10,softmax,static,noniid,FABA,4,losses,2.369187654685974,0.04070641616058353
CIFAR-10,softmax,static,noniid,FABA,5,losses,2.369187654685974,0.04070641616058353
CIFAR-10,softmax,static,noniid,FABA,6,losses,2.369187654685974,0.04070641616058353
CIFAR-10,softmax,static,noniid,FABA,7,losses,2.369187654685974,0.04070641616058353
CIFAR-10,softmax,static,noniid,FABA,8,losses,2.369187654685974,0.04070641616058353
CIFAR-10,softmax,static,noniid,FABA,9,losses,3.161844389343262,0.10261247566223111
CIFAR-10,softmax,static,noniid,FABA,0,xi,27.397048950195312,0.22774727642536163
CIFAR-10,softmax,static,noniid,FABA,1,xi,27.330291748046875,0.26428458094596863
CIFAR-10,softmax,static,noniid,FABA,2,xi,27.331918716430664,0.4339127242565155
CIFAR-10,softmax,static,noniid,FABA,3,xi,27.459060668945312,0.5154155492782593
CIFAR-10,softmax,static,noniid,FABA,4,xi,27.630170822143555,0.37216928601264954
CIFAR-10,softmax,static,noniid,FABA,5,xi,27.739330291748047,0.2868701219558716
CIFAR-10,softmax,static,noniid,FABA,6,xi,27.857677459716797,0.06875298172235489
CIFAR-10,softmax,static,noniid,FABA,7,xi,27.803131103515625,0.14423881471157074
CIFAR-10,softmax,static,noniid,FABA,8,xi,27.869844436645508,0.4260583519935608
CIFAR-10,softmax,static,noniid,FABA,9,xi,27.820148468017578,0.29994893074035645
CIFAR-10,softmax,static,noniid,FABA,0,A,21.86459732055664,0.4085122048854828
CIFAR-10,softmax,static,noniid,FABA,1,A,21.72775650024414,0.12778423726558685
CIFAR-10,softmax,static,noniid,FABA,2,A,21.4178466796875,0.13988544046878815
CIFAR-10,softmax,static,noniid,FABA,3,A,20.977962493896484,0.2923114001750946
CIFAR-10,softmax,static,noniid,FABA,4,A,20.67658233642578,0.3860892355442047
CIFAR-10,softmax,static,noniid,FABA,5,A,20.142963409423828,0.18258549273014069
CIFAR-10,softmax,static,noniid,FABA,6,A,19.892974853515625,0.16389533877372742
CIFAR-10,softmax,static,noniid,FABA,7,A,19.77941131591797,0.16628605127334595
CIFAR-10,softmax,static,noniid,FABA,8,A,19.583019256591797,0.21979568898677826
CIFAR-10,softmax,static,noniid,FABA,9,A,19.598508834838867,0.21014687418937683
CIFAR-10,softmax,static,noniid,FABA,0,variance,0.018691467121243477,0.00047054598690010607
CIFAR-10,softmax,static,noniid,FABA,1,variance,0.018640462309122086,0.00041268469067290425
CIFAR-10,softmax,static,noniid,FABA,2,variance,0.01851855218410492,0.0003768339811358601
CIFAR-10,softmax,static,noniid,FABA,3,variance,0.018427163362503052,0.000459427508758381
CIFAR-10,softmax,static,noniid,FABA,4,variance,0.018400520086288452,0.00039755034958943725
CIFAR-10,softmax,static,noniid,FABA,5,variance,0.0182989239692688,0.0002867417351808399
CIFAR-10,softmax,static,noniid,FABA,6,variance,0.018213793635368347,0.0002969822089653462
CIFAR-10,softmax,static,noniid,FABA,7,variance,0.018107490614056587,0.00026966884615831077
CIFAR-10,softmax,static,noniid,FABA,8,variance,0.01803264580667019,0.00011809923307737336
CIFAR-10,softmax,static,noniid,FABA,9,variance,0.018021786585450172,0.00014692582772113383
CIFAR-10,softmax,static,noniid,FABA,0,per_class_accs_class_0,0.001,0.00196
CIFAR-10,softmax,static,noniid,FABA,1,per_class_accs_class_0,0.001,0.00196
CIFAR-10,softmax,static,noniid,FABA,2,per_class_accs_class_0,0.001,0.00196
CIFAR-10,softmax,static,noniid,FABA,3,per_class_accs_class_0,0.001,0.00196
CIFAR-10,softmax,static,noniid,FABA,4,per_class_accs_class_0,0.001,0.00196
CIFAR-10,softmax,static,noniid,FABA,5,per_class_accs_class_0,0.001,0.00196
CIFAR-10,softmax,static,noniid,FABA,6,per_class_accs_class_0,0.001,0.00196
CIFAR-10,softmax,static,noniid,FABA,7,per_class_accs_class_0,0.001,0.00196
CIFAR-10,softmax,static,noniid,FABA,8,per_class_accs_class_0,0.001,0.00196
CIFAR-10,softmax,static,noniid,FABA,9,per_class_accs_class_0,0.087,0.16855999999999996
CIFAR-10,softmax,static,noniid,FABA,0,per_class_accs_class_1,0.9610000000000001,0.05879999999999994
CIFAR-10,softmax,static,noniid,FABA,1,per_class_accs_class_1,0.9610000000000001,0.05879999999999994
CIFAR-10,softmax,static,noniid,FABA,2,per_class_accs_class_1,0.9610000000000001,0.05879999999999994
CIFAR-10,softmax,static,noniid,FABA,3,per_class_accs_class_1,0.9610000000000001,0.05879999999999994
CIFAR-10,softmax,static,noniid,FABA,4,per_class_accs_class_1,0.9610000000000001,0.05879999999999994
CIFAR-10,softmax,static,noniid,FABA,5,per_class_accs_class_1,0.9610000000000001,0.05879999999999994
CIFAR-10,softmax,static,noniid,FABA,6,per_class_accs_class_1,0.9610000000000001,0.05879999999999994
CIFAR-10,softmax,static,noniid,FABA,7,per_class_accs_class_1,0.9610000000000001,0.05879999999999994
CIFAR-10,softmax,static,noniid,FABA,8,per_class_accs_class_1,0.9610000000000001,0.05879999999999994
CIFAR-10,softmax,static,noniid,FABA,9,per_class_accs_class_1,0.0335,0.053899999999999997
CIFAR-10,softmax,static,noniid,FABA,0,per_class_accs_class_2,0.013,0.02548
CIFAR-10,softmax,static,noniid,FABA,1,per_class_accs_class_2,0.013,0.02548
CIFAR-10,softmax,static,noniid,FABA,2,per_class_accs_class_2,0.013,0.02548
CIFAR-10,softmax,static,noniid,FABA,3,per_class_accs_class_2,0.013,0.02548
CIFAR-10,softmax,static,noniid,FABA,4,per_class_accs_class_2,0.013,0.02548
CIFAR-10,softmax,static,noniid,FABA,5,per_class_accs_class_2,0.013,0.02548
CIFAR-10,softmax,static,noniid,FABA,6,per_class_accs_class_2,0.013,0.02548
CIFAR-10,softmax,static,noniid,FABA,7,per_class_accs_class_2,0.013,0.02548
CIFAR-10,softmax,static,noniid,FABA,8,per_class_accs_class_2,0.013,0.02548
CIFAR-10,softmax,static,noniid,FABA,9,per_class_accs_class_2,0.429,0.8408399999999999
CIFAR-10,softmax,static,noniid,FABA,0,per_class_accs_class_3,0.041,0.0686
CIFAR-10,softmax,static,noniid,FABA,1,per_class_accs_class_3,0.041,0.0686
CIFAR-10,softmax,static,noniid,FABA,2,per_class_accs_class_3,0.041,0.0686
CIFAR-10,softmax,static,noniid,FABA,3,per_class_accs_class_3,0.041,0.0686
CIFAR-10,softmax,static,noniid,FABA,4,per_class_accs_class_3,0.041,0.0686
CIFAR-10,softmax,static,noniid,FABA,5,per_class_accs_class_3,0.041,0.0686
CIFAR-10,softmax,static,noniid,FABA,6,per_class_accs_class_3,0.041,0.0686
CIFAR-10,softmax,static,noniid,FABA,7,per_class_accs_class_3,0.041,0.0686
CIFAR-10,softmax,static,noniid,FABA,8,per_class_accs_class_3,0.041,0.0686
CIFAR-10,softmax,static,noniid,FABA,9,per_class_accs_class_3,0.031,0.035280000000000006
CIFAR-10,softmax,static,noniid,FABA,0,per_class_accs_class_4,0.0095,0.018619999999999994
CIFAR-10,softmax,static,noniid,FABA,1,per_class_accs_class_4,0.0095,0.018619999999999994
CIFAR-10,softmax,static,noniid,FABA,2,per_class_accs_class_4,0.0095,0.018619999999999994
CIFAR-10,softmax,static,noniid,FABA,3,per_class_accs_class_4,0.0095,0.018619999999999994
CIFAR-10,softmax,static,noniid,FABA,4,per_class_accs_class_4,0.0095,0.018619999999999994
CIFAR-10,softmax,static,noniid,FABA,5,per_class_accs_class_4,0.0095,0.018619999999999994
CIFAR-10,softmax,static,noniid,FABA,6,per_class_accs_class_4,0.0095,0.018619999999999994
CIFAR-10,softmax,static,noniid,FABA,7,per_class_accs_class_4,0.0095,0.018619999999999994
CIFAR-10,softmax,static,noniid,FABA,8,per_class_accs_class_4,0.0095,0.018619999999999994
CIFAR-10,softmax,static,noniid,FABA,9,per_class_accs_class_4,0.008,0.01568
CIFAR-10,softmax,static,noniid,FABA,0,per_class_accs_class_5,0.018000000000000002,0.03332
CIFAR-10,softmax,static,noniid,FABA,1,per_class_accs_class_5,0.018000000000000002,0.03332
CIFAR-10,softmax,static,noniid,FABA,2,per_class_accs_class_5,0.018000000000000002,0.03332
CIFAR-10,softmax,static,noniid,FABA,3,per_class_accs_class_5,0.018000000000000002,0.03332
CIFAR-10,softmax,static,noniid,FABA,4,per_class_accs_class_5,0.018000000000000002,0.03332
CIFAR-10,softmax,static,noniid,FABA,5,per_class_accs_class_5,0.018000000000000002,0.03332
CIFAR-10,softmax,static,noniid,FABA,6,per_class_accs_class_5,0.018000000000000002,0.03332
CIFAR-10,softmax,static,noniid,FABA,7,per_class_accs_class_5,0.018000000000000002,0.03332
CIFAR-10,softmax,static,noniid,FABA,8,per_class_accs_class_5,0.018000000000000002,0.03332
CIFAR-10,softmax,static,noniid,FABA,9,per_class_accs_class_5,0.39749999999999996,0.5693799999999999
CIFAR-10,softmax,static,noniid,FABA,0,per_class_accs_class_6,0.0045000000000000005,0.0029399999999999995
CIFAR-10,softmax,static,noniid,FABA,1,per_class_accs_class_6,0.0045000000000000005,0.0029399999999999995
CIFAR-10,softmax,static,noniid,FABA,2,per_class_accs_class_6,0.0045000000000000005,0.0029399999999999995
CIFAR-10,softmax,static,noniid,FABA,3,per_class_accs_class_6,0.0045000000000000005,0.0029399999999999995
CIFAR-10,softmax,static,noniid,FABA,4,per_class_accs_class_6,0.0045000000000000005,0.0029399999999999995
CIFAR-10,softmax,static,noniid,FABA,5,per_class_accs_class_6,0.0045000000000000005,0.0029399999999999995
CIFAR-10,softmax,static,noniid,FABA,6,per_class_accs_class_6,0.0045000000000000005,0.0029399999999999995
CIFAR-10,softmax,static,noniid,FABA,7,per_class_accs_class_6,0.0045000000000000005,0.0029399999999999995
CIFAR-10,softmax,static,noniid,FABA,8,per_class_accs_class_6,0.0045000000000000005,0.0029399999999999995
CIFAR-10,softmax,static,noniid,FABA,9,per_class_accs_class_6,0.0,0.0
CIFAR-10,softmax,static,noniid,FABA,0,per_class_accs_class_7,0.0105,0.006859999999999999
CIFAR-10,softmax,static,noniid,FABA,1,per_class_accs_class_7,0.0105,0.006859999999999999
CIFAR-10,softmax,static,noniid,FABA,2,per_class_accs_class_7,0.0105,0.006859999999999999
CIFAR-10,softmax,static,noniid,FABA,3,per_class_accs_class_7,0.0105,0.006859999999999999
CIFAR-10,softmax,static,noniid,FABA,4,per_class_accs_class_7,0.0105,0.006859999999999999
CIFAR-10,softmax,static,noniid,FABA,5,per_class_accs_class_7,0.0105,0.006859999999999999
CIFAR-10,softmax,static,noniid,FABA,6,per_class_accs_class_7,0.0105,0.006859999999999999
CIFAR-10,softmax,static,noniid,FABA,7,per_class_accs_class_7,0.0105,0.006859999999999999
CIFAR-10,softmax,static,noniid,FABA,8,per_class_accs_class_7,0.0105,0.006859999999999999
CIFAR-10,softmax,static,noniid,FABA,9,per_class_accs_class_7,0.2515,0.49294
CIFAR-10,softmax,static,noniid,FABA,0,per_class_accs_class_8,0.0,0.0
CIFAR-10,softmax,static,noniid,FABA,1,per_class_accs_class_8,0.0,0.0
CIFAR-10,softmax,static,noniid,FABA,2,per_class_accs_class_8,0.0,0.0
CIFAR-10,softmax,static,noniid,FABA,3,per_class_accs_class_8,0.0,0.0
CIFAR-10,softmax,static,noniid,FABA,4,per_class_accs_class_8,0.0,0.0
CIFAR-10,softmax,static,noniid,FABA,5,per_class_accs_class_8,0.0,0.0
CIFAR-10,softmax,static,noniid,FABA,6,per_class_accs_class_8,0.0,0.0
CIFAR-10,softmax,static,noniid,FABA,7,per_class_accs_class_8,0.0,0.0
CIFAR-10,softmax,static,noniid,FABA,8,per_class_accs_class_8,0.0,0.0
CIFAR-10,softmax,static,noniid,FABA,9,per_class_accs_class_8,0.0,0.0
CIFAR-10,softmax,static,noniid,FABA,0,per_class_accs_class_9,0.0,0.0
CIFAR-10,softmax,static,noniid,FABA,1,per_class_accs_class_9,0.0,0.0
CIFAR-10,softmax,static,noniid,FABA,2,per_class_accs_class_9,0.0,0.0
CIFAR-10,softmax,static,noniid,FABA,3,per_class_accs_class_9,0.0,0.0
CIFAR-10,softmax,static,noniid,FABA,4,per_class_accs_class_9,0.0,0.0
CIFAR-10,softmax,static,noniid,FABA,5,per_class_accs_class_9,0.0,0.0
CIFAR-10,softmax,static,noniid,FABA,6,per_class_accs_class_9,0.0,0.0
CIFAR-10,softmax,static,noniid,FABA,7,per_class_accs_class_9,0.0,0.0
CIFAR-10,softmax,static,noniid,FABA,8,per_class_accs_class_9,0.0,0.0
CIFAR-10,softmax,static,noniid,FABA,9,per_class_accs_class_9,0.0,0.0
CIFAR-10,softmax,static,noniid,LFighter,0,accs,0.11315,0.007937999999999995
CIFAR-10,softmax,static,noniid,LFighter,1,accs,0.11315,0.007937999999999995
CIFAR-10,softmax,static,noniid,LFighter,2,accs,0.11315,0.007937999999999995
CIFAR-10,softmax,static,noniid,LFighter,3,accs,0.11315,0.007937999999999995
CIFAR-10,softmax,static,noniid,LFighter,4,accs,0.11315,0.007937999999999995
CIFAR-10,softmax,static,noniid,LFighter,5,accs,0.11315,0.007937999999999995
CIFAR-10,softmax,static,noniid,LFighter,6,accs,0.11315,0.007937999999999995
CIFAR-10,softmax,static,noniid,LFighter,7,accs,0.11315,0.007937999999999995
CIFAR-10,softmax,static,noniid,LFighter,8,accs,0.11315,0.007937999999999995
CIFAR-10,softmax,static,noniid,LFighter,9,accs,0.11560000000000001,0.012152000000000008
CIFAR-10,softmax,static,noniid,LFighter,0,losses,2.42035527381897,0.0066223115692141035
CIFAR-10,softmax,static,noniid,LFighter,1,losses,2.42035527381897,0.0066223115692141035
CIFAR-10,softmax,static,noniid,LFighter,2,losses,2.42035527381897,0.0066223115692141035
CIFAR-10,softmax,static,noniid,LFighter,3,losses,2.42035527381897,0.0066223115692141035
CIFAR-10,softmax,static,noniid,LFighter,4,losses,2.42035527381897,0.0066223115692141035
CIFAR-10,softmax,static,noniid,LFighter,5,losses,2.42035527381897,0.0066223115692141035
CIFAR-10,softmax,static,noniid,LFighter,6,losses,2.42035527381897,0.0066223115692141035
CIFAR-10,softmax,static,noniid,LFighter,7,losses,2.42035527381897,0.0066223115692141035
CIFAR-10,softmax,static,noniid,LFighter,8,losses,2.42035527381897,0.0066223115692141035
CIFAR-10,softmax,static,noniid,LFighter,9,losses,3.8059249429702757,0.29422180358123784
CIFAR-10,softmax,static,noniid,LFighter,0,xi,27.01001739501953,0.5399824976921082
CIFAR-10,softmax,static,noniid,LFighter,1,xi,26.867019653320312,0.4197797179222107
CIFAR-10,softmax,static,noniid,LFighter,2,xi,26.545467376708984,0.39671188592910767
CIFAR-10,softmax,static,noniid,LFighter,3,xi,26.303855895996094,0.30564063787460327
CIFAR-10,softmax,static,noniid,LFighter,4,xi,26.02344512939453,0.24791035056114197
CIFAR-10,softmax,static,noniid,LFighter,5,xi,25.81443214416504,0.16882255673408508
CIFAR-10,softmax,static,noniid,LFighter,6,xi,25.667098999023438,0.09268437325954437
CIFAR-10,softmax,static,noniid,LFighter,7,xi,25.58620834350586,0.09888637810945511
CIFAR-10,softmax,static,noniid,LFighter,8,xi,25.503780364990234,0.01691814512014389
CIFAR-10,softmax,static,noniid,LFighter,9,xi,25.47781753540039,0.006003876216709614
CIFAR-10,softmax,static,noniid,LFighter,0,A,21.752653121948242,4.30115270614624
CIFAR-10,softmax,static,noniid,LFighter,1,A,21.667627334594727,3.8710567951202393
CIFAR-10,softmax,static,noniid,LFighter,2,A,21.44786262512207,3.2542426586151123
CIFAR-10,softmax,static,noniid,LFighter,3,A,21.30645751953125,3.0177645683288574
CIFAR-10,softmax,static,noniid,LFighter,4,A,21.156782150268555,2.5814123153686523
CIFAR-10,softmax,static,noniid,LFighter,5,A,21.03012466430664,2.4231395721435547
CIFAR-10,softmax,static,noniid,LFighter,6,A,20.913360595703125,2.1387181282043457
CIFAR-10,softmax,static,noniid,LFighter,7,A,20.829782485961914,1.9299694299697876
CIFAR-10,softmax,static,noniid,LFighter,8,A,20.673072814941406,1.613128662109375
CIFAR-10,softmax,static,noniid,LFighter,9,A,20.527618408203125,1.5375193357467651
CIFAR-10,softmax,static,noniid,LFighter,0,variance,0.01791512221097946,0.0006959399324841797
CIFAR-10,softmax,static,noniid,LFighter,1,variance,0.01791907101869583,0.000573549245018512
CIFAR-10,softmax,static,noniid,LFighter,2,variance,0.01782112941145897,0.0004368546942714602
CIFAR-10,softmax,static,noniid,LFighter,3,variance,0.017761647701263428,0.0003326594887766987
CIFAR-10,softmax,static,noniid,LFighter,4,variance,0.017715847119688988,0.0002630171366035938
CIFAR-10,softmax,static,noniid,LFighter,5,variance,0.017667334526777267,0.00020074752683285624
CIFAR-10,softmax,static,noniid,LFighter,6,variance,0.017617952078580856,0.00010840639879461378
CIFAR-10,softmax,static,noniid,LFighter,7,variance,0.017547953873872757,0.00014630336954724044
CIFAR-10,softmax,static,noniid,LFighter,8,variance,0.017496563494205475,0.0001045456956489943
CIFAR-10,softmax,static,noniid,LFighter,9,variance,0.01746796816587448,1.8336066204938106e-05
CIFAR-10,softmax,static,noniid,LFighter,0,per_class_accs_class_0,0.8500000000000001,0.08231999999999996
CIFAR-10,softmax,static,noniid,LFighter,1,per_class_accs_class_0,0.8500000000000001,0.08231999999999996
CIFAR-10,softmax,static,noniid,LFighter,2,per_class_accs_class_0,0.8500000000000001,0.08231999999999996
CIFAR-10,softmax,static,noniid,LFighter,3,per_class_accs_class_0,0.8500000000000001,0.08231999999999996
CIFAR-10,softmax,static,noniid,LFighter,4,per_class_accs_class_0,0.8500000000000001,0.08231999999999996
CIFAR-10,softmax,static,noniid,LFighter,5,per_class_accs_class_0,0.8500000000000001,0.08231999999999996
CIFAR-10,softmax,static,noniid,LFighter,6,per_class_accs_class_0,0.8500000000000001,0.08231999999999996
CIFAR-10,softmax,static,noniid,LFighter,7,per_class_accs_class_0,0.8500000000000001,0.08231999999999996
CIFAR-10,softmax,static,noniid,LFighter,8,per_class_accs_class_0,0.8500000000000001,0.08231999999999996
CIFAR-10,softmax,static,noniid,LFighter,9,per_class_accs_class_0,0.172,0.22147999999999998
CIFAR-10,softmax,static,noniid,LFighter,0,per_class_accs_class_1,0.2815,0.16169999999999998
CIFAR-10,softmax,static,noniid,LFighter,1,per_class_accs_class_1,0.2815,0.16169999999999998
CIFAR-10,softmax,static,noniid,LFighter,2,per_class_accs_class_1,0.2815,0.16169999999999998
CIFAR-10,softmax,static,noniid,LFighter,3,per_class_accs_class_1,0.2815,0.16169999999999998
CIFAR-10,softmax,static,noniid,LFighter,4,per_class_accs_class_1,0.2815,0.16169999999999998
CIFAR-10,softmax,static,noniid,LFighter,5,per_class_accs_class_1,0.2815,0.16169999999999998
CIFAR-10,softmax,static,noniid,LFighter,6,per_class_accs_class_1,0.2815,0.16169999999999998
CIFAR-10,softmax,static,noniid,LFighter,7,per_class_accs_class_1,0.2815,0.16169999999999998
CIFAR-10,softmax,static,noniid,LFighter,8,per_class_accs_class_1,0.2815,0.16169999999999998
CIFAR-10,softmax,static,noniid,LFighter,9,per_class_accs_class_1,0.7855000000000001,0.02254000000000002
CIFAR-10,softmax,static,noniid,LFighter,0,per_class_accs_class_2,0.0,0.0
CIFAR-10,softmax,static,noniid,LFighter,1,per_class_accs_class_2,0.0,0.0
CIFAR-10,softmax,static,noniid,LFighter,2,per_class_accs_class_2,0.0,0.0
CIFAR-10,softmax,static,noniid,LFighter,3,per_class_accs_class_2,0.0,0.0
CIFAR-10,softmax,static,noniid,LFighter,4,per_class_accs_class_2,0.0,0.0
CIFAR-10,softmax,static,noniid,LFighter,5,per_class_accs_class_2,0.0,0.0
CIFAR-10,softmax,static,noniid,LFighter,6,per_class_accs_class_2,0.0,0.0
CIFAR-10,softmax,static,noniid,LFighter,7,per_class_accs_class_2,0.0,0.0
CIFAR-10,softmax,static,noniid,LFighter,8,per_class_accs_class_2,0.0,0.0
CIFAR-10,softmax,static,noniid,LFighter,9,per_class_accs_class_2,0.0155,0.030379999999999997
CIFAR-10,softmax,static,noniid,LFighter,0,per_class_accs_class_3,0.0,0.0
CIFAR-10,softmax,static,noniid,LFighter,1,per_class_accs_class_3,0.0,0.0
CIFAR-10,softmax,static,noniid,LFighter,2,per_class_accs_class_3,0.0,0.0
CIFAR-10,softmax,static,noniid,LFighter,3,per_class_accs_class_3,0.0,0.0
CIFAR-10,softmax,static,noniid,LFighter,4,per_class_accs_class_3,0.0,0.0
CIFAR-10,softmax,static,noniid,LFighter,5,per_class_accs_class_3,0.0,0.0
CIFAR-10,softmax,static,noniid,LFighter,6,per_class_accs_class_3,0.0,0.0
CIFAR-10,softmax,static,noniid,LFighter,7,per_class_accs_class_3,0.0,0.0
CIFAR-10,softmax,static,noniid,LFighter,8,per_class_accs_class_3,0.0,0.0
CIFAR-10,softmax,static,noniid,LFighter,9,per_class_accs_class_3,0.0,0.0
CIFAR-10,softmax,static,noniid,LFighter,0,per_class_accs_class_4,0.0,0.0
CIFAR-10,softmax,static,noniid,LFighter,1,per_class_accs_class_4,0.0,0.0
CIFAR-10,softmax,static,noniid,LFighter,2,per_class_accs_class_4,0.0,0.0
CIFAR-10,softmax,static,noniid,LFighter,3,per_class_accs_class_4,0.0,0.0
CIFAR-10,softmax,static,noniid,LFighter,4,per_class_accs_class_4,0.0,0.0
CIFAR-10,softmax,static,noniid,LFighter,5,per_class_accs_class_4,0.0,0.0
CIFAR-10,softmax,static,noniid,LFighter,6,per_class_accs_class_4,0.0,0.0
CIFAR-10,softmax,static,noniid,LFighter,7,per_class_accs_class_4,0.0,0.0
CIFAR-10,softmax,static,noniid,LFighter,8,per_class_accs_class_4,0.0,0.0
CIFAR-10,softmax,static,noniid,LFighter,9,per_class_accs_class_4,0.001,0.00196
CIFAR-10,softmax,static,noniid,LFighter,0,per_class_accs_class_5,0.0,0.0
CIFAR-10,softmax,static,noniid,LFighter,1,per_class_accs_class_5,0.0,0.0
CIFAR-10,softmax,static,noniid,LFighter,2,per_class_accs_class_5,0.0,0.0
CIFAR-10,softmax,static,noniid,LFighter,3,per_class_accs_class_5,0.0,0.0
CIFAR-10,softmax,static,noniid,LFighter,4,per_class_accs_class_5,0.0,0.0
CIFAR-10,softmax,static,noniid,LFighter,5,per_class_accs_class_5,0.0,0.0
CIFAR-10,softmax,static,noniid,LFighter,6,per_class_accs_class_5,0.0,0.0
CIFAR-10,softmax,static,noniid,LFighter,7,per_class_accs_class_5,0.0,0.0
CIFAR-10,softmax,static,noniid,LFighter,8,per_class_accs_class_5,0.0,0.0
CIFAR-10,softmax,static,noniid,LFighter,9,per_class_accs_class_5,0.0005,0.00098
CIFAR-10,softmax,static,noniid,LFighter,0,per_class_accs_class_6,0.0,0.0
CIFAR-10,softmax,static,noniid,LFighter,1,per_class_accs_class_6,0.0,0.0
CIFAR-10,softmax,static,noniid,LFighter,2,per_class_accs_class_6,0.0,0.0
CIFAR-10,softmax,static,noniid,LFighter,3,per_class_accs_class_6,0.0,0.0
CIFAR-10,softmax,static,noniid,LFighter,4,per_class_accs_class_6,0.0,0.0
CIFAR-10,softmax,static,noniid,LFighter,5,per_class_accs_class_6,0.0,0.0
CIFAR-10,softmax,static,noniid,LFighter,6,per_class_accs_class_6,0.0,0.0
CIFAR-10,softmax,static,noniid,LFighter,7,per_class_accs_class_6,0.0,0.0
CIFAR-10,softmax,static,noniid,LFighter,8,per_class_accs_class_6,0.0,0.0
CIFAR-10,softmax,static,noniid,LFighter,9,per_class_accs_class_6,0.0005,0.00098
CIFAR-10,softmax,static,noniid,LFighter,0,per_class_accs_class_7,0.0,0.0
CIFAR-10,softmax,static,noniid,LFighter,1,per_class_accs_class_7,0.0,0.0
CIFAR-10,softmax,static,noniid,LFighter,2,per_class_accs_class_7,0.0,0.0
CIFAR-10,softmax,static,noniid,LFighter,3,per_class_accs_class_7,0.0,0.0
CIFAR-10,softmax,static,noniid,LFighter,4,per_class_accs_class_7,0.0,0.0
CIFAR-10,softmax,static,noniid,LFighter,5,per_class_accs_class_7,0.0,0.0
CIFAR-10,softmax,static,noniid,LFighter,6,per_class_accs_class_7,0.0,0.0
CIFAR-10,softmax,static,noniid,LFighter,7,per_class_accs_class_7,0.0,0.0
CIFAR-10,softmax,static,noniid,LFighter,8,per_class_accs_class_7,0.0,0.0
CIFAR-10,softmax,static,noniid,LFighter,9,per_class_accs_class_7,0.181,0.3547599999999999
CIFAR-10,softmax,static,noniid,LFighter,0,per_class_accs_class_8,0.0,0.0
CIFAR-10,softmax,static,noniid,LFighter,1,per_class_accs_class_8,0.0,0.0
CIFAR-10,softmax,static,noniid,LFighter,2,per_class_accs_class_8,0.0,0.0
CIFAR-10,softmax,static,noniid,LFighter,3,per_class_accs_class_8,0.0,0.0
CIFAR-10,softmax,static,noniid,LFighter,4,per_class_accs_class_8,0.0,0.0
CIFAR-10,softmax,static,noniid,LFighter,5,per_class_accs_class_8,0.0,0.0
CIFAR-10,softmax,static,noniid,LFighter,6,per_class_accs_class_8,0.0,0.0
CIFAR-10,softmax,static,noniid,LFighter,7,per_class_accs_class_8,0.0,0.0
CIFAR-10,softmax,static,noniid,LFighter,8,per_class_accs_class_8,0.0,0.0
CIFAR-10,softmax,static,noniid,LFighter,9,per_class_accs_class_8,0.0,0.0
CIFAR-10,softmax,static,noniid,LFighter,0,per_class_accs_class_9,0.0,0.0
CIFAR-10,softmax,static,noniid,LFighter,1,per_class_accs_class_9,0.0,0.0
CIFAR-10,softmax,static,noniid,LFighter,2,per_class_accs_class_9,0.0,0.0
CIFAR-10,softmax,static,noniid,LFighter,3,per_class_accs_class_9,0.0,0.0
CIFAR-10,softmax,static,noniid,LFighter,4,per_class_accs_class_9,0.0,0.0
CIFAR-10,softmax,static,noniid,LFighter,5,per_class_accs_class_9,0.0,0.0
CIFAR-10,softmax,static,noniid,LFighter,6,per_class_accs_class_9,0.0,0.0
CIFAR-10,softmax,static,noniid,LFighter,7,per_class_accs_class_9,0.0,0.0
CIFAR-10,softmax,static,noniid,LFighter,8,per_class_accs_class_9,0.0,0.0
CIFAR-10,softmax,static,noniid,LFighter,9,per_class_accs_class_9,0.0,0.0
