dataset,n_clients,trial,partition_method,frac_one_class,mean_unique_classes,mean_entropy
digits,5,0,IID,0.0,10.0,0.9952012497690502
digits,5,0,Dirichlet (α=10.0),0.0,10.0,0.9805438503632014
digits,5,0,Dirichlet (α=1.0),0.0,9.6,0.8275103576949778
digits,5,0,Dirichlet (α=0.5),0.0,9.6,0.7619594700619352
digits,5,0,Dirichlet (α=0.1),0.0,7.4,0.5379448114209937
digits,5,0,Forcé (1 classe/client),1.0,1.0,0.0
digits,5,1,IID,0.0,10.0,0.9940933411870574
digits,5,1,Dirichlet (α=10.0),0.0,10.0,0.9832612022098891
digits,5,1,Dirichlet (α=1.0),0.0,9.8,0.8795652670261358
digits,5,1,Dirichlet (α=0.5),0.0,9.4,0.8325005559298517
digits,5,1,Dirichlet (α=0.1),0.0,6.0,0.45608204252700785
digits,5,1,Forcé (1 classe/client),1.0,1.0,0.0
digits,5,2,IID,0.0,10.0,0.9945047289065128
digits,5,2,Dirichlet (α=10.0),0.0,10.0,0.9845085321417668
digits,5,2,Dirichlet (α=1.0),0.0,10.0,0.859564499835689
digits,5,2,Dirichlet (α=0.5),0.0,9.4,0.8059698527878453
digits,5,2,Dirichlet (α=0.1),0.0,6.4,0.5735902244058236
digits,5,2,Forcé (1 classe/client),1.0,1.0,0.0
digits,5,3,IID,0.0,10.0,0.9937704531137556
digits,5,3,Dirichlet (α=10.0),0.0,10.0,0.9772985827651619
digits,5,3,Dirichlet (α=1.0),0.0,10.0,0.8909302427102157
digits,5,3,Dirichlet (α=0.5),0.0,8.8,0.7019997715899015
digits,5,3,Dirichlet (α=0.1),0.0,6.4,0.5310647554447337
digits,5,3,Forcé (1 classe/client),1.0,1.0,0.0
digits,5,4,IID,0.0,10.0,0.9970329221888358
digits,5,4,Dirichlet (α=10.0),0.0,10.0,0.9837535788746978
digits,5,4,Dirichlet (α=1.0),0.0,10.0,0.894802472174927
digits,5,4,Dirichlet (α=0.5),0.0,8.8,0.7712803031244504
digits,5,4,Dirichlet (α=0.1),0.0,5.8,0.4942244724159862
digits,5,4,Forcé (1 classe/client),1.0,1.0,0.0
digits,5,5,IID,0.0,10.0,0.995032231826707
digits,5,5,Dirichlet (α=10.0),0.0,10.0,0.978432417856185
digits,5,5,Dirichlet (α=1.0),0.0,10.0,0.8857533032893198
digits,5,5,Dirichlet (α=0.5),0.0,9.2,0.7826691644133318
digits,5,5,Dirichlet (α=0.1),0.0,5.8,0.47338352341869616
digits,5,5,Forcé (1 classe/client),1.0,1.0,0.0
digits,5,6,IID,0.0,10.0,0.9951930069137817
digits,5,6,Dirichlet (α=10.0),0.0,10.0,0.9847822823604065
digits,5,6,Dirichlet (α=1.0),0.0,10.0,0.8797225901905739
digits,5,6,Dirichlet (α=0.5),0.0,9.4,0.7413373736313724
digits,5,6,Dirichlet (α=0.1),0.0,5.6,0.41517942446189443
digits,5,6,Forcé (1 classe/client),1.0,1.0,0.0
digits,5,7,IID,0.0,10.0,0.9950126105362564
digits,5,7,Dirichlet (α=10.0),0.0,10.0,0.9838871558431996
digits,5,7,Dirichlet (α=1.0),0.0,9.8,0.8976633928564931
digits,5,7,Dirichlet (α=0.5),0.0,9.8,0.744262015144945
digits,5,7,Dirichlet (α=0.1),0.0,6.0,0.5433248348361543
digits,5,7,Forcé (1 classe/client),1.0,1.0,0.0
digits,5,8,IID,0.0,10.0,0.996461284977461
digits,5,8,Dirichlet (α=10.0),0.0,10.0,0.9862404781690385
digits,5,8,Dirichlet (α=1.0),0.0,9.8,0.83662734876474
digits,5,8,Dirichlet (α=0.5),0.0,9.4,0.7573742941980628
digits,5,8,Dirichlet (α=0.1),0.0,5.6,0.43852765996571047
digits,5,8,Forcé (1 classe/client),1.0,1.0,0.0
digits,5,9,IID,0.0,10.0,0.9953213983461431
digits,5,9,Dirichlet (α=10.0),0.0,10.0,0.9809927252044135
digits,5,9,Dirichlet (α=1.0),0.0,9.8,0.8579101541790516
digits,5,9,Dirichlet (α=0.5),0.0,9.2,0.7857273452811541
digits,5,9,Dirichlet (α=0.1),0.0,6.4,0.46214935431272686
digits,5,9,Forcé (1 classe/client),1.0,1.0,0.0
digits,5,10,IID,0.0,10.0,0.9953074312763383
digits,5,10,Dirichlet (α=10.0),0.0,10.0,0.9796345029757478
digits,5,10,Dirichlet (α=1.0),0.0,9.8,0.8683146069357415
digits,5,10,Dirichlet (α=0.5),0.0,9.2,0.7794149861350027
digits,5,10,Dirichlet (α=0.1),0.0,7.2,0.5492783322183221
digits,5,10,Forcé (1 classe/client),1.0,1.0,0.0
digits,5,11,IID,0.0,10.0,0.9961967676688067
digits,5,11,Dirichlet (α=10.0),0.0,10.0,0.9886969205237414
digits,5,11,Dirichlet (α=1.0),0.0,10.0,0.8604925637731524
digits,5,11,Dirichlet (α=0.5),0.0,9.4,0.8164163555104034
digits,5,11,Dirichlet (α=0.1),0.0,6.6,0.5505268507276828
digits,5,11,Forcé (1 classe/client),1.0,1.0,0.0
digits,5,12,IID,0.0,10.0,0.9959199673994332
digits,5,12,Dirichlet (α=10.0),0.0,10.0,0.9887663505960779
digits,5,12,Dirichlet (α=1.0),0.0,9.8,0.8524002958644277
digits,5,12,Dirichlet (α=0.5),0.0,9.6,0.7649440891860992
digits,5,12,Dirichlet (α=0.1),0.0,6.0,0.47604955995671716
digits,5,12,Forcé (1 classe/client),1.0,1.0,0.0
digits,5,13,IID,0.0,10.0,0.9954267746675797
digits,5,13,Dirichlet (α=10.0),0.0,10.0,0.9884653204133942
digits,5,13,Dirichlet (α=1.0),0.0,10.0,0.867237481477709
digits,5,13,Dirichlet (α=0.5),0.0,9.4,0.7907905453106236
digits,5,13,Dirichlet (α=0.1),0.0,6.2,0.49942362092849457
digits,5,13,Forcé (1 classe/client),1.0,1.0,0.0
digits,5,14,IID,0.0,10.0,0.9953946202587531
digits,5,14,Dirichlet (α=10.0),0.0,10.0,0.9863248007553921
digits,5,14,Dirichlet (α=1.0),0.0,9.8,0.8760286205808061
digits,5,14,Dirichlet (α=0.5),0.0,9.6,0.7585158030431046
digits,5,14,Dirichlet (α=0.1),0.0,6.2,0.5189780038832159
digits,5,14,Forcé (1 classe/client),1.0,1.0,0.0
digits,5,15,IID,0.0,10.0,0.9963394628756962
digits,5,15,Dirichlet (α=10.0),0.0,10.0,0.9857003763141228
digits,5,15,Dirichlet (α=1.0),0.0,9.8,0.8448629410691995
digits,5,15,Dirichlet (α=0.5),0.0,9.4,0.7769289755545915
digits,5,15,Dirichlet (α=0.1),0.0,5.6,0.4585263040465131
digits,5,15,Forcé (1 classe/client),1.0,1.0,0.0
digits,5,16,IID,0.0,10.0,0.9958934784625896
digits,5,16,Dirichlet (α=10.0),0.0,10.0,0.9860208975439294
digits,5,16,Dirichlet (α=1.0),0.0,10.0,0.8557472508643851
digits,5,16,Dirichlet (α=0.5),0.0,9.2,0.8390029696360177
digits,5,16,Dirichlet (α=0.1),0.0,6.6,0.5434667713969337
digits,5,16,Forcé (1 classe/client),1.0,1.0,0.0
digits,5,17,IID,0.0,10.0,0.9970789026034202
digits,5,17,Dirichlet (α=10.0),0.0,10.0,0.9809915184956793
digits,5,17,Dirichlet (α=1.0),0.0,10.0,0.9102897500778843
digits,5,17,Dirichlet (α=0.5),0.0,9.2,0.7785462643100992
digits,5,17,Dirichlet (α=0.1),0.0,7.2,0.5627967472034667
digits,5,17,Forcé (1 classe/client),1.0,1.0,0.0
digits,5,18,IID,0.0,10.0,0.9960932282613332
digits,5,18,Dirichlet (α=10.0),0.0,10.0,0.9874272723645013
digits,5,18,Dirichlet (α=1.0),0.0,10.0,0.83812985477758
digits,5,18,Dirichlet (α=0.5),0.0,9.6,0.7469177312262862
digits,5,18,Dirichlet (α=0.1),0.0,6.6,0.46629252521341896
digits,5,18,Forcé (1 classe/client),1.0,1.0,0.0
digits,5,19,IID,0.0,10.0,0.9962204604349602
digits,5,19,Dirichlet (α=10.0),0.0,10.0,0.9863440262325185
digits,5,19,Dirichlet (α=1.0),0.0,9.8,0.8314687454080559
digits,5,19,Dirichlet (α=0.5),0.0,9.2,0.7793270059913503
digits,5,19,Dirichlet (α=0.1),0.0,5.4,0.4077591688998151
digits,5,19,Forcé (1 classe/client),1.0,1.0,0.0
digits,5,20,IID,0.0,10.0,0.9953870344093604
digits,5,20,Dirichlet (α=10.0),0.0,10.0,0.9859824388662732
digits,5,20,Dirichlet (α=1.0),0.0,9.8,0.8637796978950403
digits,5,20,Dirichlet (α=0.5),0.0,9.4,0.770450369927033
digits,5,20,Dirichlet (α=0.1),0.0,7.4,0.5611438973169555
digits,5,20,Forcé (1 classe/client),1.0,1.0,0.0
digits,5,21,IID,0.0,10.0,0.9961037095228609
digits,5,21,Dirichlet (α=10.0),0.0,10.0,0.980156500520523
digits,5,21,Dirichlet (α=1.0),0.0,9.8,0.8809632124639654
digits,5,21,Dirichlet (α=0.5),0.0,9.4,0.831961682984806
digits,5,21,Dirichlet (α=0.1),0.0,7.2,0.5253927847633193
digits,5,21,Forcé (1 classe/client),1.0,1.0,0.0
digits,5,22,IID,0.0,10.0,0.9969582459411809
digits,5,22,Dirichlet (α=10.0),0.0,10.0,0.9807005796553907
digits,5,22,Dirichlet (α=1.0),0.0,10.0,0.8827014239017469
digits,5,22,Dirichlet (α=0.5),0.0,9.8,0.7812377112330722
digits,5,22,Dirichlet (α=0.1),0.0,6.4,0.5550185779354433
digits,5,22,Forcé (1 classe/client),1.0,1.0,0.0
digits,5,23,IID,0.0,10.0,0.9955482838473528
digits,5,23,Dirichlet (α=10.0),0.0,10.0,0.9837183919963008
digits,5,23,Dirichlet (α=1.0),0.0,10.0,0.9047185036169827
digits,5,23,Dirichlet (α=0.5),0.0,9.2,0.7772815495900345
digits,5,23,Dirichlet (α=0.1),0.0,6.0,0.4743455484560015
digits,5,23,Forcé (1 classe/client),1.0,1.0,0.0
digits,5,24,IID,0.0,10.0,0.9938452522877679
digits,5,24,Dirichlet (α=10.0),0.0,10.0,0.9820245196439531
digits,5,24,Dirichlet (α=1.0),0.0,10.0,0.8306427902843238
digits,5,24,Dirichlet (α=0.5),0.0,9.4,0.7954394313013127
digits,5,24,Dirichlet (α=0.1),0.0,5.4,0.4596557951085165
digits,5,24,Forcé (1 classe/client),1.0,1.0,0.0
digits,5,25,IID,0.0,10.0,0.9958771872294095
digits,5,25,Dirichlet (α=10.0),0.0,10.0,0.9832409696858881
digits,5,25,Dirichlet (α=1.0),0.0,9.8,0.8867279666018508
digits,5,25,Dirichlet (α=0.5),0.0,9.6,0.7893188540950495
digits,5,25,Dirichlet (α=0.1),0.0,5.4,0.44666998059829555
digits,5,25,Forcé (1 classe/client),1.0,1.0,0.0
digits,5,26,IID,0.0,10.0,0.9948325518593559
digits,5,26,Dirichlet (α=10.0),0.0,10.0,0.9881896095289224
digits,5,26,Dirichlet (α=1.0),0.0,10.0,0.9250260544757978
digits,5,26,Dirichlet (α=0.5),0.0,9.2,0.7559059308730381
digits,5,26,Dirichlet (α=0.1),0.0,6.8,0.4768251751400377
digits,5,26,Forcé (1 classe/client),1.0,1.0,0.0
digits,5,27,IID,0.0,10.0,0.9948448041773228
digits,5,27,Dirichlet (α=10.0),0.0,10.0,0.9826382775706506
digits,5,27,Dirichlet (α=1.0),0.0,10.0,0.8788125997314216
digits,5,27,Dirichlet (α=0.5),0.0,9.4,0.7831652857877884
digits,5,27,Dirichlet (α=0.1),0.0,6.0,0.49101805077720895
digits,5,27,Forcé (1 classe/client),1.0,1.0,0.0
digits,5,28,IID,0.0,10.0,0.9957122372711902
digits,5,28,Dirichlet (α=10.0),0.0,10.0,0.9841737944319157
digits,5,28,Dirichlet (α=1.0),0.0,9.6,0.8315532978200479
digits,5,28,Dirichlet (α=0.5),0.0,9.6,0.7180703728630673
digits,5,28,Dirichlet (α=0.1),0.0,7.2,0.5425553487349707
digits,5,28,Forcé (1 classe/client),1.0,1.0,0.0
digits,5,29,IID,0.0,10.0,0.9944649128519739
digits,5,29,Dirichlet (α=10.0),0.0,10.0,0.9900415533389427
digits,5,29,Dirichlet (α=1.0),0.0,10.0,0.8613050300995072
digits,5,29,Dirichlet (α=0.5),0.0,9.4,0.7273771055950284
digits,5,29,Dirichlet (α=0.1),0.0,6.6,0.5114823257739585
digits,5,29,Forcé (1 classe/client),1.0,1.0,0.0
digits,10,0,IID,0.0,10.0,0.9896655274661217
digits,10,0,Dirichlet (α=10.0),0.0,10.0,0.9838053145374447
digits,10,0,Dirichlet (α=1.0),0.0,9.7,0.8325849252276596
digits,10,0,Dirichlet (α=0.5),0.0,9.1,0.8071626286757978
digits,10,0,Dirichlet (α=0.1),0.0,6.0,0.46203080760897386
digits,10,0,Forcé (1 classe/client),1.0,1.0,0.0
digits,10,1,IID,0.0,10.0,0.9902123806795936
digits,10,1,Dirichlet (α=10.0),0.0,10.0,0.985296500520535
digits,10,1,Dirichlet (α=1.0),0.0,10.0,0.8704911418006805
digits,10,1,Dirichlet (α=0.5),0.0,9.3,0.77768342735628
digits,10,1,Dirichlet (α=0.1),0.0,5.8,0.49489992878772854
digits,10,1,Forcé (1 classe/client),1.0,1.0,0.0
digits,10,2,IID,0.0,10.0,0.9921174448019808
digits,10,2,Dirichlet (α=10.0),0.0,10.0,0.9821981907643911
digits,10,2,Dirichlet (α=1.0),0.0,9.8,0.8766507719369951
digits,10,2,Dirichlet (α=0.5),0.0,9.1,0.7753492125781845
digits,10,2,Dirichlet (α=0.1),0.0,6.2,0.4929459170211737
digits,10,2,Forcé (1 classe/client),1.0,1.0,0.0
digits,10,3,IID,0.0,10.0,0.9933718089643898
digits,10,3,Dirichlet (α=10.0),0.0,10.0,0.9783905659276462
digits,10,3,Dirichlet (α=1.0),0.0,9.6,0.8512750764329547
digits,10,3,Dirichlet (α=0.5),0.0,9.2,0.7817358908736962
digits,10,3,Dirichlet (α=0.1),0.0,5.6,0.4183156886473479
digits,10,3,Forcé (1 classe/client),1.0,1.0,0.0
digits,10,4,IID,0.0,10.0,0.9890565201899637
digits,10,4,Dirichlet (α=10.0),0.0,10.0,0.9825986452583345
digits,10,4,Dirichlet (α=1.0),0.0,9.7,0.8214210207018169
digits,10,4,Dirichlet (α=0.5),0.0,8.9,0.7114358775640908
digits,10,4,Dirichlet (α=0.1),0.0,6.1,0.5197133568818134
digits,10,4,Forcé (1 classe/client),1.0,1.0,0.0
digits,10,5,IID,0.0,10.0,0.9882227945426358
digits,10,5,Dirichlet (α=10.0),0.0,10.0,0.9811445626834121
digits,10,5,Dirichlet (α=1.0),0.0,10.0,0.8696082384882183
digits,10,5,Dirichlet (α=0.5),0.0,8.9,0.7118077691802556
digits,10,5,Dirichlet (α=0.1),0.0,5.2,0.44926191983691055
digits,10,5,Forcé (1 classe/client),1.0,1.0,0.0
digits,10,6,IID,0.0,10.0,0.989373053398636
digits,10,6,Dirichlet (α=10.0),0.0,10.0,0.9814917710846928
digits,10,6,Dirichlet (α=1.0),0.0,9.5,0.8578839126913463
digits,10,6,Dirichlet (α=0.5),0.0,9.1,0.7146838153833379
digits,10,6,Dirichlet (α=0.1),0.0,5.6,0.3860185188902655
digits,10,6,Forcé (1 classe/client),1.0,1.0,0.0
digits,10,7,IID,0.0,10.0,0.9924349962335827
digits,10,7,Dirichlet (α=10.0),0.0,10.0,0.9830645352820488
digits,10,7,Dirichlet (α=1.0),0.0,9.5,0.8110384476551143
digits,10,7,Dirichlet (α=0.5),0.0,9.3,0.7944474569586036
digits,10,7,Dirichlet (α=0.1),0.0,5.5,0.48803353729046706
digits,10,7,Forcé (1 classe/client),1.0,1.0,0.0
digits,10,8,IID,0.0,10.0,0.9885323346731585
digits,10,8,Dirichlet (α=10.0),0.0,10.0,0.9839263389726935
digits,10,8,Dirichlet (α=1.0),0.0,9.5,0.8470992699675912
digits,10,8,Dirichlet (α=0.5),0.0,8.9,0.7591928281254307
digits,10,8,Dirichlet (α=0.1),0.0,5.9,0.5224790282796562
digits,10,8,Forcé (1 classe/client),1.0,1.0,0.0
digits,10,9,IID,0.0,10.0,0.9876487798076046
digits,10,9,Dirichlet (α=10.0),0.0,10.0,0.9806302707592746
digits,10,9,Dirichlet (α=1.0),0.0,9.7,0.8579318149282938
digits,10,9,Dirichlet (α=0.5),0.0,8.9,0.7081121037213716
digits,10,9,Dirichlet (α=0.1),0.1,6.3,0.4712112290332409
digits,10,9,Forcé (1 classe/client),1.0,1.0,0.0
digits,10,10,IID,0.0,10.0,0.9880350929936232
digits,10,10,Dirichlet (α=10.0),0.0,10.0,0.9809853167604761
digits,10,10,Dirichlet (α=1.0),0.0,9.5,0.8384266768505301
digits,10,10,Dirichlet (α=0.5),0.0,9.5,0.7816778723844559
digits,10,10,Dirichlet (α=0.1),0.0,4.7,0.3175100587778762
digits,10,10,Forcé (1 classe/client),1.0,1.0,0.0
digits,10,11,IID,0.0,10.0,0.9914683761308245
digits,10,11,Dirichlet (α=10.0),0.0,10.0,0.9849965131899159
digits,10,11,Dirichlet (α=1.0),0.0,9.8,0.8388852559383653
digits,10,11,Dirichlet (α=0.5),0.0,9.1,0.7510725829253959
digits,10,11,Dirichlet (α=0.1),0.0,6.3,0.4412221906865084
digits,10,11,Forcé (1 classe/client),1.0,1.0,0.0
digits,10,12,IID,0.0,10.0,0.991733363633362
digits,10,12,Dirichlet (α=10.0),0.0,10.0,0.981254701997373
digits,10,12,Dirichlet (α=1.0),0.0,9.9,0.8782794571480694
digits,10,12,Dirichlet (α=0.5),0.0,8.9,0.696695932835737
digits,10,12,Dirichlet (α=0.1),0.0,5.7,0.43445100173050477
digits,10,12,Forcé (1 classe/client),1.0,1.0,0.0
digits,10,13,IID,0.0,10.0,0.9925733085389293
digits,10,13,Dirichlet (α=10.0),0.0,10.0,0.978413895828437
digits,10,13,Dirichlet (α=1.0),0.0,9.9,0.8806801123593226
digits,10,13,Dirichlet (α=0.5),0.0,9.2,0.7594096445095612
digits,10,13,Dirichlet (α=0.1),0.0,5.2,0.3825314710525649
digits,10,13,Forcé (1 classe/client),1.0,1.0,0.0
digits,10,14,IID,0.0,10.0,0.9900886029084394
digits,10,14,Dirichlet (α=10.0),0.0,10.0,0.9822620598959906
digits,10,14,Dirichlet (α=1.0),0.0,9.6,0.8544564967433438
digits,10,14,Dirichlet (α=0.5),0.0,9.2,0.7761843230522563
digits,10,14,Dirichlet (α=0.1),0.1,5.3,0.39208831520860155
digits,10,14,Forcé (1 classe/client),1.0,1.0,0.0
digits,10,15,IID,0.0,10.0,0.9906853565658041
digits,10,15,Dirichlet (α=10.0),0.0,10.0,0.9901187949408884
digits,10,15,Dirichlet (α=1.0),0.0,9.8,0.8919741113294852
digits,10,15,Dirichlet (α=0.5),0.0,9.0,0.7683800970363293
digits,10,15,Dirichlet (α=0.1),0.0,5.4,0.4387234559699073
digits,10,15,Forcé (1 classe/client),1.0,1.0,0.0
digits,10,16,IID,0.0,10.0,0.9928266288298524
digits,10,16,Dirichlet (α=10.0),0.0,10.0,0.9822846056671196
digits,10,16,Dirichlet (α=1.0),0.0,9.7,0.8508757736333419
digits,10,16,Dirichlet (α=0.5),0.0,9.4,0.7933742666636932
digits,10,16,Dirichlet (α=0.1),0.0,5.9,0.5171320397542002
digits,10,16,Forcé (1 classe/client),1.0,1.0,0.0
digits,10,17,IID,0.0,10.0,0.9907702201657969
digits,10,17,Dirichlet (α=10.0),0.0,10.0,0.9812838348804904
digits,10,17,Dirichlet (α=1.0),0.0,9.8,0.8554704716707213
digits,10,17,Dirichlet (α=0.5),0.0,8.9,0.7812897764347169
digits,10,17,Dirichlet (α=0.1),0.0,5.1,0.35526099441064685
digits,10,17,Forcé (1 classe/client),1.0,1.0,0.0
digits,10,18,IID,0.0,10.0,0.9913655166707891
digits,10,18,Dirichlet (α=10.0),0.0,10.0,0.9834561478677648
digits,10,18,Dirichlet (α=1.0),0.0,9.9,0.8430637261880571
digits,10,18,Dirichlet (α=0.5),0.0,9.5,0.7459654848614914
digits,10,18,Dirichlet (α=0.1),0.0,5.9,0.4782144765821606
digits,10,18,Forcé (1 classe/client),1.0,1.0,0.0
digits,10,19,IID,0.0,10.0,0.9897831110944182
digits,10,19,Dirichlet (α=10.0),0.0,10.0,0.9857614805833755
digits,10,19,Dirichlet (α=1.0),0.0,9.8,0.84254361270155
digits,10,19,Dirichlet (α=0.5),0.0,9.0,0.7691938580147266
digits,10,19,Dirichlet (α=0.1),0.0,6.1,0.5230461258051685
digits,10,19,Forcé (1 classe/client),1.0,1.0,0.0
digits,10,20,IID,0.0,10.0,0.9899437913929929
digits,10,20,Dirichlet (α=10.0),0.0,10.0,0.9814098525557757
digits,10,20,Dirichlet (α=1.0),0.0,9.7,0.8577775357077171
digits,10,20,Dirichlet (α=0.5),0.0,9.2,0.7401088035467618
digits,10,20,Dirichlet (α=0.1),0.0,5.8,0.47937015452164944
digits,10,20,Forcé (1 classe/client),1.0,1.0,0.0
digits,10,21,IID,0.0,10.0,0.990266990576497
digits,10,21,Dirichlet (α=10.0),0.0,10.0,0.984845190927618
digits,10,21,Dirichlet (α=1.0),0.0,9.7,0.8405008490883089
digits,10,21,Dirichlet (α=0.5),0.0,8.9,0.7533196736328928
digits,10,21,Dirichlet (α=0.1),0.0,5.5,0.3794335643219815
digits,10,21,Forcé (1 classe/client),1.0,1.0,0.0
digits,10,22,IID,0.0,10.0,0.9852997467074379
digits,10,22,Dirichlet (α=10.0),0.0,10.0,0.9896013148137213
digits,10,22,Dirichlet (α=1.0),0.0,9.7,0.8748271629402812
digits,10,22,Dirichlet (α=0.5),0.0,9.0,0.7284143528251217
digits,10,22,Dirichlet (α=0.1),0.0,6.2,0.4615998018002534
digits,10,22,Forcé (1 classe/client),1.0,1.0,0.0
digits,10,23,IID,0.0,10.0,0.9922189269667626
digits,10,23,Dirichlet (α=10.0),0.0,10.0,0.9749946141872362
digits,10,23,Dirichlet (α=1.0),0.0,9.5,0.852443924250425
digits,10,23,Dirichlet (α=0.5),0.0,9.4,0.8064987085754959
digits,10,23,Dirichlet (α=0.1),0.0,5.6,0.4328834033041802
digits,10,23,Forcé (1 classe/client),1.0,1.0,0.0
digits,10,24,IID,0.0,10.0,0.9894911708549723
digits,10,24,Dirichlet (α=10.0),0.0,10.0,0.9836626025315862
digits,10,24,Dirichlet (α=1.0),0.0,9.6,0.841711020639331
digits,10,24,Dirichlet (α=0.5),0.0,9.1,0.758374817989236
digits,10,24,Dirichlet (α=0.1),0.0,5.9,0.5220665902106185
digits,10,24,Forcé (1 classe/client),1.0,1.0,0.0
digits,10,25,IID,0.0,10.0,0.9894390809492771
digits,10,25,Dirichlet (α=10.0),0.0,10.0,0.9853599183387024
digits,10,25,Dirichlet (α=1.0),0.0,9.5,0.844702170132825
digits,10,25,Dirichlet (α=0.5),0.0,9.0,0.7389869522507094
digits,10,25,Dirichlet (α=0.1),0.0,6.6,0.5590899882027355
digits,10,25,Forcé (1 classe/client),1.0,1.0,0.0
digits,10,26,IID,0.0,10.0,0.9904836977625425
digits,10,26,Dirichlet (α=10.0),0.0,10.0,0.9847227165968777
digits,10,26,Dirichlet (α=1.0),0.0,9.4,0.8517326702452989
digits,10,26,Dirichlet (α=0.5),0.0,9.0,0.7299468289236934
digits,10,26,Dirichlet (α=0.1),0.0,5.6,0.47140583235994227
digits,10,26,Forcé (1 classe/client),1.0,1.0,0.0
digits,10,27,IID,0.0,10.0,0.9885121646678963
digits,10,27,Dirichlet (α=10.0),0.0,10.0,0.9783446848404285
digits,10,27,Dirichlet (α=1.0),0.0,9.9,0.8453830170312319
digits,10,27,Dirichlet (α=0.5),0.0,9.4,0.7424428873525167
digits,10,27,Dirichlet (α=0.1),0.0,6.0,0.515060726511541
digits,10,27,Forcé (1 classe/client),1.0,1.0,0.0
digits,10,28,IID,0.0,10.0,0.9903865804739288
digits,10,28,Dirichlet (α=10.0),0.0,10.0,0.9808665504181631
digits,10,28,Dirichlet (α=1.0),0.0,9.7,0.8756873050562952
digits,10,28,Dirichlet (α=0.5),0.0,9.2,0.7514163895255004
digits,10,28,Dirichlet (α=0.1),0.0,6.0,0.45755087274260725
digits,10,28,Forcé (1 classe/client),1.0,1.0,0.0
digits,10,29,IID,0.0,10.0,0.9919138622329104
digits,10,29,Dirichlet (α=10.0),0.0,10.0,0.9802425763469762
digits,10,29,Dirichlet (α=1.0),0.0,9.5,0.8526548164332277
digits,10,29,Dirichlet (α=0.5),0.0,9.3,0.7756028975949398
digits,10,29,Dirichlet (α=0.1),0.2,5.3,0.41543180200122587
digits,10,29,Forcé (1 classe/client),1.0,1.0,0.0
digits,20,0,IID,0.0,10.0,0.9835151218177334
digits,20,0,Dirichlet (α=10.0),0.0,10.0,0.9813052638507835
digits,20,0,Dirichlet (α=1.0),0.0,9.5,0.8415503767970021
digits,20,0,Dirichlet (α=0.5),0.0,8.6,0.7506275772530974
digits,20,0,Dirichlet (α=0.1),0.15,4.1,0.27939567093443973
digits,20,0,Forcé (1 classe/client),1.0,1.0,0.0
digits,20,1,IID,0.0,10.0,0.9792083344423071
digits,20,1,Dirichlet (α=10.0),0.0,10.0,0.9788734359854058
digits,20,1,Dirichlet (α=1.0),0.0,9.45,0.8416020253864499
digits,20,1,Dirichlet (α=0.5),0.0,8.75,0.7202878983547685
digits,20,1,Dirichlet (α=0.1),0.05,4.95,0.35848114059305153
digits,20,1,Forcé (1 classe/client),1.0,1.0,0.0
digits,20,2,IID,0.0,10.0,0.9804202827629537
digits,20,2,Dirichlet (α=10.0),0.0,10.0,0.9799386961699355
digits,20,2,Dirichlet (α=1.0),0.0,9.5,0.8506424389132897
digits,20,2,Dirichlet (α=0.5),0.0,8.65,0.7569555834197336
digits,20,2,Dirichlet (α=0.1),0.05,4.75,0.3519726462798261
digits,20,2,Forcé (1 classe/client),1.0,1.0,0.0
digits,20,3,IID,0.0,10.0,0.9793684596137968
digits,20,3,Dirichlet (α=10.0),0.0,10.0,0.9833339755976569
digits,20,3,Dirichlet (α=1.0),0.0,9.4,0.8503865869354572
digits,20,3,Dirichlet (α=0.5),0.0,8.5,0.7291245682502593
digits,20,3,Dirichlet (α=0.1),0.0,4.8,0.37873793926383437
digits,20,3,Forcé (1 classe/client),1.0,1.0,0.0
digits,20,4,IID,0.0,10.0,0.981235405633859
digits,20,4,Dirichlet (α=10.0),0.0,10.0,0.9840884190324388
digits,20,4,Dirichlet (α=1.0),0.0,9.2,0.8155851898702877
digits,20,4,Dirichlet (α=0.5),0.0,8.2,0.7056972718050918
digits,20,4,Dirichlet (α=0.1),0.05,4.3,0.38653182963513083
digits,20,4,Forcé (1 classe/client),1.0,1.0,0.0
digits,20,5,IID,0.0,10.0,0.9795307556469994
digits,20,5,Dirichlet (α=10.0),0.0,10.0,0.9813022507335987
digits,20,5,Dirichlet (α=1.0),0.0,9.85,0.8361108547731251
digits,20,5,Dirichlet (α=0.5),0.0,8.4,0.6826862173025792
digits,20,5,Dirichlet (α=0.1),0.05,5.1,0.4394823996068135
digits,20,5,Forcé (1 classe/client),1.0,1.0,0.0
digits,20,6,IID,0.0,10.0,0.9778791246066524
digits,20,6,Dirichlet (α=10.0),0.0,10.0,0.9808127021006575
digits,20,6,Dirichlet (α=1.0),0.0,9.7,0.8662675213750969
digits,20,6,Dirichlet (α=0.5),0.0,8.8,0.7272992036471277
digits,20,6,Dirichlet (α=0.1),0.05,5.2,0.40099645829442965
digits,20,6,Forcé (1 classe/client),1.0,1.0,0.0
digits,20,7,IID,0.0,10.0,0.9801977099538612
digits,20,7,Dirichlet (α=10.0),0.0,10.0,0.9807165484502347
digits,20,7,Dirichlet (α=1.0),0.0,9.7,0.8328583517811868
digits,20,7,Dirichlet (α=0.5),0.0,9.15,0.7975370261629113
digits,20,7,Dirichlet (α=0.1),0.05,4.45,0.3680015212903435
digits,20,7,Forcé (1 classe/client),1.0,1.0,0.0
digits,20,8,IID,0.0,10.0,0.9814820429077045
digits,20,8,Dirichlet (α=10.0),0.0,10.0,0.9783196426458585
digits,20,8,Dirichlet (α=1.0),0.0,9.35,0.8428211986941813
digits,20,8,Dirichlet (α=0.5),0.0,8.6,0.7436253825625186
digits,20,8,Dirichlet (α=0.1),0.0,5.65,0.45512901113693066
digits,20,8,Forcé (1 classe/client),1.0,1.0,0.0
digits,20,9,IID,0.0,10.0,0.9762636897742432
digits,20,9,Dirichlet (α=10.0),0.0,10.0,0.9853313699079154
digits,20,9,Dirichlet (α=1.0),0.0,9.45,0.8785863227465571
digits,20,9,Dirichlet (α=0.5),0.0,8.75,0.7491736498836551
digits,20,9,Dirichlet (α=0.1),0.05,4.9,0.44066531789392355
digits,20,9,Forcé (1 classe/client),1.0,1.0,0.0
digits,20,10,IID,0.0,10.0,0.9783900683414684
digits,20,10,Dirichlet (α=10.0),0.0,10.0,0.9792064457151088
digits,20,10,Dirichlet (α=1.0),0.0,9.3,0.8324378694229881
digits,20,10,Dirichlet (α=0.5),0.0,8.45,0.6931670660048037
digits,20,10,Dirichlet (α=0.1),0.2,4.35,0.34461685508868395
digits,20,10,Forcé (1 classe/client),1.0,1.0,0.0
digits,20,11,IID,0.0,10.0,0.9799527381411843
digits,20,11,Dirichlet (α=10.0),0.0,10.0,0.978705903720446
digits,20,11,Dirichlet (α=1.0),0.0,9.5,0.8512571512735428
digits,20,11,Dirichlet (α=0.5),0.0,8.6,0.7468457203150031
digits,20,11,Dirichlet (α=0.1),0.05,4.95,0.4195269850642533
digits,20,11,Forcé (1 classe/client),1.0,1.0,0.0
digits,20,12,IID,0.0,9.95,0.9781783140159599
digits,20,12,Dirichlet (α=10.0),0.0,10.0,0.982118450110154
digits,20,12,Dirichlet (α=1.0),0.0,9.4,0.8309848484746564
digits,20,12,Dirichlet (α=0.5),0.0,8.8,0.7508420001075886
digits,20,12,Dirichlet (α=0.1),0.05,5.55,0.4409090905343215
digits,20,12,Forcé (1 classe/client),1.0,1.0,0.0
digits,20,13,IID,0.0,10.0,0.9779985673865875
digits,20,13,Dirichlet (α=10.0),0.0,10.0,0.9804103147236882
digits,20,13,Dirichlet (α=1.0),0.0,9.45,0.8183753449487892
digits,20,13,Dirichlet (α=0.5),0.0,8.7,0.7421739075713295
digits,20,13,Dirichlet (α=0.1),0.05,4.55,0.37517547302581045
digits,20,13,Forcé (1 classe/client),1.0,1.0,0.0
digits,20,14,IID,0.0,10.0,0.9822509510344108
digits,20,14,Dirichlet (α=10.0),0.0,10.0,0.9810064593469485
digits,20,14,Dirichlet (α=1.0),0.0,9.45,0.8561046674249155
digits,20,14,Dirichlet (α=0.5),0.0,8.85,0.7206625883494663
digits,20,14,Dirichlet (α=0.1),0.0,5.65,0.5136760123208387
digits,20,14,Forcé (1 classe/client),1.0,1.0,0.0
digits,20,15,IID,0.0,10.0,0.9810563775858201
digits,20,15,Dirichlet (α=10.0),0.0,10.0,0.9802401926541753
digits,20,15,Dirichlet (α=1.0),0.0,9.2,0.8264478107022395
digits,20,15,Dirichlet (α=0.5),0.0,8.4,0.7201563747941564
digits,20,15,Dirichlet (α=0.1),0.1,5.0,0.39203210382176684
digits,20,15,Forcé (1 classe/client),1.0,1.0,0.0
digits,20,16,IID,0.0,10.0,0.9825407208266552
digits,20,16,Dirichlet (α=10.0),0.0,10.0,0.9803572436628964
digits,20,16,Dirichlet (α=1.0),0.0,9.5,0.8468793424572768
digits,20,16,Dirichlet (α=0.5),0.0,8.35,0.7253784908894646
digits,20,16,Dirichlet (α=0.1),0.0,4.15,0.31894199529778194
digits,20,16,Forcé (1 classe/client),1.0,1.0,0.0
digits,20,17,IID,0.0,10.0,0.9841919173916919
digits,20,17,Dirichlet (α=10.0),0.0,10.0,0.9789796925825567
digits,20,17,Dirichlet (α=1.0),0.0,9.45,0.8598739751940073
digits,20,17,Dirichlet (α=0.5),0.0,8.65,0.7529085097543176
digits,20,17,Dirichlet (α=0.1),0.1,4.75,0.36041399244461036
digits,20,17,Forcé (1 classe/client),1.0,1.0,0.0
digits,20,18,IID,0.0,10.0,0.9776526771035499
digits,20,18,Dirichlet (α=10.0),0.0,10.0,0.9814761221441202
digits,20,18,Dirichlet (α=1.0),0.0,9.3,0.8184250929097727
digits,20,18,Dirichlet (α=0.5),0.0,8.45,0.6923711669643
digits,20,18,Dirichlet (α=0.1),0.05,4.65,0.3676579199223997
digits,20,18,Forcé (1 classe/client),1.0,1.0,0.0
digits,20,19,IID,0.0,10.0,0.9760511238102417
digits,20,19,Dirichlet (α=10.0),0.0,10.0,0.9792489610314714
digits,20,19,Dirichlet (α=1.0),0.0,9.4,0.8305395729537404
digits,20,19,Dirichlet (α=0.5),0.0,8.65,0.7454600495419468
digits,20,19,Dirichlet (α=0.1),0.0,5.7,0.43744310209000065
digits,20,19,Forcé (1 classe/client),1.0,1.0,0.0
digits,20,20,IID,0.0,10.0,0.9776056875865976
digits,20,20,Dirichlet (α=10.0),0.0,10.0,0.9807531542753887
digits,20,20,Dirichlet (α=1.0),0.0,9.3,0.8466072294572771
digits,20,20,Dirichlet (α=0.5),0.0,8.25,0.7319224697251341
digits,20,20,Dirichlet (α=0.1),0.05,4.7,0.4006542112527079
digits,20,20,Forcé (1 classe/client),1.0,1.0,0.0
digits,20,21,IID,0.0,10.0,0.9814018766738635
digits,20,21,Dirichlet (α=10.0),0.0,10.0,0.9816488390043092
digits,20,21,Dirichlet (α=1.0),0.0,9.45,0.8263516365946012
digits,20,21,Dirichlet (α=0.5),0.0,8.55,0.7242793782708508
digits,20,21,Dirichlet (α=0.1),0.0,4.75,0.3964875030598172
digits,20,21,Forcé (1 classe/client),1.0,1.0,0.0
digits,20,22,IID,0.0,10.0,0.9803487231818636
digits,20,22,Dirichlet (α=10.0),0.0,10.0,0.981576628703537
digits,20,22,Dirichlet (α=1.0),0.0,9.5,0.8552200416551192
digits,20,22,Dirichlet (α=0.5),0.0,8.9,0.7185437137124422
digits,20,22,Dirichlet (α=0.1),0.15,4.65,0.37350025987129454
digits,20,22,Forcé (1 classe/client),1.0,1.0,0.0
digits,20,23,IID,0.0,10.0,0.9774859557666064
digits,20,23,Dirichlet (α=10.0),0.0,10.0,0.981439286790007
digits,20,23,Dirichlet (α=1.0),0.0,9.4,0.8481102994285872
digits,20,23,Dirichlet (α=0.5),0.0,8.75,0.7290331874063559
digits,20,23,Dirichlet (α=0.1),0.1,5.4,0.46978019779855995
digits,20,23,Forcé (1 classe/client),1.0,1.0,0.0
digits,20,24,IID,0.0,10.0,0.9831824196153663
digits,20,24,Dirichlet (α=10.0),0.0,10.0,0.9779715328886265
digits,20,24,Dirichlet (α=1.0),0.0,9.75,0.8539584900481527
digits,20,24,Dirichlet (α=0.5),0.0,8.5,0.7096901540281881
digits,20,24,Dirichlet (α=0.1),0.0,5.35,0.44435421563587657
digits,20,24,Forcé (1 classe/client),1.0,1.0,0.0
digits,20,25,IID,0.0,10.0,0.9793240183895886
digits,20,25,Dirichlet (α=10.0),0.0,10.0,0.9813904737676099
digits,20,25,Dirichlet (α=1.0),0.0,9.65,0.8387519860162225
digits,20,25,Dirichlet (α=0.5),0.0,8.5,0.7325718960837281
digits,20,25,Dirichlet (α=0.1),0.0,5.35,0.4773724177486792
digits,20,25,Forcé (1 classe/client),1.0,1.0,0.0
digits,20,26,IID,0.0,10.0,0.9789715197607676
digits,20,26,Dirichlet (α=10.0),0.0,10.0,0.9841819279930057
digits,20,26,Dirichlet (α=1.0),0.0,9.35,0.8297823123521753
digits,20,26,Dirichlet (α=0.5),0.0,8.85,0.7936068937671338
digits,20,26,Dirichlet (α=0.1),0.1,4.5,0.36448914598977256
digits,20,26,Forcé (1 classe/client),1.0,1.0,0.0
digits,20,27,IID,0.0,10.0,0.9801760577124327
digits,20,27,Dirichlet (α=10.0),0.0,10.0,0.9836791886482846
digits,20,27,Dirichlet (α=1.0),0.0,9.3,0.8243414758858785
digits,20,27,Dirichlet (α=0.5),0.0,8.35,0.729942037736844
digits,20,27,Dirichlet (α=0.1),0.0,4.75,0.37427077772742634
digits,20,27,Forcé (1 classe/client),1.0,1.0,0.0
digits,20,28,IID,0.0,10.0,0.9772966317075357
digits,20,28,Dirichlet (α=10.0),0.0,10.0,0.9814596376041594
digits,20,28,Dirichlet (α=1.0),0.0,9.55,0.8487760695445402
digits,20,28,Dirichlet (α=0.5),0.0,8.5,0.6923190092505258
digits,20,28,Dirichlet (α=0.1),0.05,4.65,0.39492566809732454
digits,20,28,Forcé (1 classe/client),1.0,1.0,0.0
digits,20,29,IID,0.0,10.0,0.9748131298543813
digits,20,29,Dirichlet (α=10.0),0.0,10.0,0.978688117352872
digits,20,29,Dirichlet (α=1.0),0.0,9.45,0.8272157095266879
digits,20,29,Dirichlet (α=0.5),0.0,8.55,0.6890270522319895
digits,20,29,Dirichlet (α=0.1),0.05,4.85,0.4332093842066458
digits,20,29,Forcé (1 classe/client),1.0,1.0,0.0
digits,50,0,IID,0.0,9.82,0.9394997338487425
digits,50,0,Dirichlet (α=10.0),0.0,10.0,0.9762406908041824
digits,50,0,Dirichlet (α=1.0),0.0,8.98,0.8392162734401251
digits,50,0,Dirichlet (α=0.5),0.0,7.38,0.6858211004290585
digits,50,0,Dirichlet (α=0.1),0.12,4.14,0.34411390830975436
digits,50,0,Forcé (1 classe/client),1.0,1.0,0.0
digits,50,1,IID,0.0,9.8,0.9447294445146084
digits,50,1,Dirichlet (α=10.0),0.0,10.0,0.9789925414516347
digits,50,1,Dirichlet (α=1.0),0.0,8.88,0.8368323703584831
digits,50,1,Dirichlet (α=0.5),0.0,7.64,0.7189893189209675
digits,50,1,Dirichlet (α=0.1),0.16,3.88,0.32986079903786736
digits,50,1,Forcé (1 classe/client),1.0,1.0,0.0
digits,50,2,IID,0.0,9.88,0.9425099024438244
digits,50,2,Dirichlet (α=10.0),0.0,10.0,0.9783168267710235
digits,50,2,Dirichlet (α=1.0),0.0,8.74,0.8191407169317252
digits,50,2,Dirichlet (α=0.5),0.0,7.56,0.7350536416212613
digits,50,2,Dirichlet (α=0.1),0.18,3.66,0.32987113764407233
digits,50,2,Forcé (1 classe/client),1.0,1.0,0.0
digits,50,3,IID,0.0,9.84,0.9456536936649801
digits,50,3,Dirichlet (α=10.0),0.0,10.0,0.9795078779032309
digits,50,3,Dirichlet (α=1.0),0.0,8.82,0.8291298680146069
digits,50,3,Dirichlet (α=0.5),0.0,7.48,0.6947406969843193
digits,50,3,Dirichlet (α=0.1),0.1,4.16,0.3685770752875843
digits,50,3,Forcé (1 classe/client),1.0,1.0,0.0
digits,50,4,IID,0.0,9.78,0.9450881813571865
digits,50,4,Dirichlet (α=10.0),0.0,9.98,0.9762631150203543
digits,50,4,Dirichlet (α=1.0),0.0,8.88,0.8399899551889303
digits,50,4,Dirichlet (α=0.5),0.0,7.84,0.717863508310862
digits,50,4,Dirichlet (α=0.1),0.1,3.62,0.3185295609989584
digits,50,4,Forcé (1 classe/client),1.0,1.0,0.0
digits,50,5,IID,0.0,9.78,0.9439234284738458
digits,50,5,Dirichlet (α=10.0),0.0,10.0,0.9785290002705817
digits,50,5,Dirichlet (α=1.0),0.0,8.68,0.8242730660449041
digits,50,5,Dirichlet (α=0.5),0.0,7.92,0.7324019426635053
digits,50,5,Dirichlet (α=0.1),0.06,4.5,0.40632051788987655
digits,50,5,Forcé (1 classe/client),1.0,1.0,0.0
digits,50,6,IID,0.0,9.8,0.9390442513394958
digits,50,6,Dirichlet (α=10.0),0.0,9.98,0.9776322319260414
digits,50,6,Dirichlet (α=1.0),0.0,8.68,0.8330626794525614
digits,50,6,Dirichlet (α=0.5),0.0,7.76,0.7400019675569055
digits,50,6,Dirichlet (α=0.1),0.1,4.28,0.4045931708952264
digits,50,6,Forcé (1 classe/client),1.0,1.0,0.0
digits,50,7,IID,0.0,9.84,0.948352046777817
digits,50,7,Dirichlet (α=10.0),0.0,10.0,0.979380841819689
digits,50,7,Dirichlet (α=1.0),0.0,8.5,0.8060185347857827
digits,50,7,Dirichlet (α=0.5),0.0,7.8,0.7323609397558308
digits,50,7,Dirichlet (α=0.1),0.18,4.02,0.33295974376242166
digits,50,7,Forcé (1 classe/client),1.0,1.0,0.0
digits,50,8,IID,0.0,9.8,0.9491268855539039
digits,50,8,Dirichlet (α=10.0),0.0,10.0,0.9760775365026779
digits,50,8,Dirichlet (α=1.0),0.0,8.68,0.835472846897738
digits,50,8,Dirichlet (α=0.5),0.0,7.64,0.7320602636813563
digits,50,8,Dirichlet (α=0.1),0.12,4.2,0.3926726977533479
digits,50,8,Forcé (1 classe/client),1.0,1.0,0.0
digits,50,9,IID,0.0,9.76,0.9381031419806337
digits,50,9,Dirichlet (α=10.0),0.0,10.0,0.9769754355872544
digits,50,9,Dirichlet (α=1.0),0.0,8.64,0.8202556672384023
digits,50,9,Dirichlet (α=0.5),0.0,7.94,0.7205983276129289
digits,50,9,Dirichlet (α=0.1),0.08,4.26,0.3725600472492646
digits,50,9,Forcé (1 classe/client),1.0,1.0,0.0
digits,50,10,IID,0.0,9.76,0.9429273657559442
digits,50,10,Dirichlet (α=10.0),0.0,10.0,0.9752402742798647
digits,50,10,Dirichlet (α=1.0),0.0,8.9,0.8264191247269317
digits,50,10,Dirichlet (α=0.5),0.0,7.7,0.7427864474418264
digits,50,10,Dirichlet (α=0.1),0.08,4.22,0.35763980695456
digits,50,10,Forcé (1 classe/client),1.0,1.0,0.0
digits,50,11,IID,0.0,9.84,0.9459963998418268
digits,50,11,Dirichlet (α=10.0),0.0,10.0,0.9807649458551845
digits,50,11,Dirichlet (α=1.0),0.0,8.82,0.8123556997442524
digits,50,11,Dirichlet (α=0.5),0.0,7.92,0.7311262588333542
digits,50,11,Dirichlet (α=0.1),0.1,4.28,0.37816129511761426
digits,50,11,Forcé (1 classe/client),1.0,1.0,0.0
digits,50,12,IID,0.0,9.86,0.9438665837713646
digits,50,12,Dirichlet (α=10.0),0.0,10.0,0.9784815378967895
digits,50,12,Dirichlet (α=1.0),0.0,8.68,0.8109629231803244
digits,50,12,Dirichlet (α=0.5),0.0,7.68,0.7223648792228429
digits,50,12,Dirichlet (α=0.1),0.12,4.1,0.3481588299450031
digits,50,12,Forcé (1 classe/client),1.0,1.0,0.0
digits,50,13,IID,0.0,9.72,0.941103402716714
digits,50,13,Dirichlet (α=10.0),0.0,10.0,0.979940182703062
digits,50,13,Dirichlet (α=1.0),0.0,8.84,0.8341740595701546
digits,50,13,Dirichlet (α=0.5),0.0,7.7,0.7149234611754781
digits,50,13,Dirichlet (α=0.1),0.12,3.64,0.28713998237588617
digits,50,13,Forcé (1 classe/client),1.0,1.0,0.0
digits,50,14,IID,0.0,9.74,0.9384096095845395
digits,50,14,Dirichlet (α=10.0),0.0,10.0,0.9777236177024724
digits,50,14,Dirichlet (α=1.0),0.0,8.84,0.8336957585832878
digits,50,14,Dirichlet (α=0.5),0.0,7.36,0.6858742213916819
digits,50,14,Dirichlet (α=0.1),0.08,4.18,0.3513624343344979
digits,50,14,Forcé (1 classe/client),1.0,1.0,0.0
digits,50,15,IID,0.0,9.86,0.9448545106658885
digits,50,15,Dirichlet (α=10.0),0.0,10.0,0.9779205152643615
digits,50,15,Dirichlet (α=1.0),0.0,8.76,0.8284544294590758
digits,50,15,Dirichlet (α=0.5),0.0,7.74,0.7181356262484327
digits,50,15,Dirichlet (α=0.1),0.12,4.38,0.3445577868950057
digits,50,15,Forcé (1 classe/client),1.0,1.0,0.0
digits,50,16,IID,0.0,9.72,0.9431155034227363
digits,50,16,Dirichlet (α=10.0),0.0,10.0,0.9780507420474427
digits,50,16,Dirichlet (α=1.0),0.0,8.62,0.8164927913380297
digits,50,16,Dirichlet (α=0.5),0.0,7.4,0.7035593545763266
digits,50,16,Dirichlet (α=0.1),0.1,4.38,0.40036494033077114
digits,50,16,Forcé (1 classe/client),1.0,1.0,0.0
digits,50,17,IID,0.0,9.88,0.9509265646183416
digits,50,17,Dirichlet (α=10.0),0.0,10.0,0.9763997739108499
digits,50,17,Dirichlet (α=1.0),0.0,8.9,0.8271395946067649
digits,50,17,Dirichlet (α=0.5),0.0,7.6,0.7118941546723165
digits,50,17,Dirichlet (α=0.1),0.1,4.1,0.3495274507519817
digits,50,17,Forcé (1 classe/client),1.0,1.0,0.0
digits,50,18,IID,0.0,9.72,0.9437921183513037
digits,50,18,Dirichlet (α=10.0),0.0,10.0,0.9770158092358403
digits,50,18,Dirichlet (α=1.0),0.0,8.62,0.8168461231114585
digits,50,18,Dirichlet (α=0.5),0.0,7.44,0.6886517132550586
digits,50,18,Dirichlet (α=0.1),0.08,4.3,0.37577405345018905
digits,50,18,Forcé (1 classe/client),1.0,1.0,0.0
digits,50,19,IID,0.0,9.88,0.9437861652255459
digits,50,19,Dirichlet (α=10.0),0.0,10.0,0.9793485807624833
digits,50,19,Dirichlet (α=1.0),0.0,8.6,0.8074027073797303
digits,50,19,Dirichlet (α=0.5),0.0,7.82,0.7299148451471759
digits,50,19,Dirichlet (α=0.1),0.18,3.92,0.3202074857604138
digits,50,19,Forcé (1 classe/client),1.0,1.0,0.0
digits,50,20,IID,0.0,9.88,0.9443897346172387
digits,50,20,Dirichlet (α=10.0),0.0,10.0,0.978254784344767
digits,50,20,Dirichlet (α=1.0),0.0,8.58,0.8126244922212379
digits,50,20,Dirichlet (α=0.5),0.0,7.64,0.7202216926363958
digits,50,20,Dirichlet (α=0.1),0.04,4.16,0.3894253138820701
digits,50,20,Forcé (1 classe/client),1.0,1.0,0.0
digits,50,21,IID,0.0,9.62,0.9279284526874751
digits,50,21,Dirichlet (α=10.0),0.0,10.0,0.9779327177407449
digits,50,21,Dirichlet (α=1.0),0.0,8.76,0.827403722529823
digits,50,21,Dirichlet (α=0.5),0.0,7.66,0.7232957652727433
digits,50,21,Dirichlet (α=0.1),0.12,3.98,0.3438082814539141
digits,50,21,Forcé (1 classe/client),1.0,1.0,0.0
digits,50,22,IID,0.0,9.82,0.9424404109346771
digits,50,22,Dirichlet (α=10.0),0.0,10.0,0.9778731537676315
digits,50,22,Dirichlet (α=1.0),0.0,8.78,0.8267116704381482
digits,50,22,Dirichlet (α=0.5),0.0,7.6,0.7196001017200997
digits,50,22,Dirichlet (α=0.1),0.08,4.12,0.34582005026721274
digits,50,22,Forcé (1 classe/client),1.0,1.0,0.0
digits,50,23,IID,0.0,9.86,0.9438185582021684
digits,50,23,Dirichlet (α=10.0),0.0,10.0,0.9753205178093741
digits,50,23,Dirichlet (α=1.0),0.0,9.08,0.8372273895401393
digits,50,23,Dirichlet (α=0.5),0.0,7.64,0.6917946226969302
digits,50,23,Dirichlet (α=0.1),0.1,4.16,0.3778774085915883
digits,50,23,Forcé (1 classe/client),1.0,1.0,0.0
digits,50,24,IID,0.0,9.78,0.9394873215691747
digits,50,24,Dirichlet (α=10.0),0.0,10.0,0.9778824202304968
digits,50,24,Dirichlet (α=1.0),0.0,8.68,0.830090367092859
digits,50,24,Dirichlet (α=0.5),0.0,7.82,0.7260294567049779
digits,50,24,Dirichlet (α=0.1),0.06,4.4,0.39831608510997596
digits,50,24,Forcé (1 classe/client),1.0,1.0,0.0
digits,50,25,IID,0.0,9.78,0.9406022366665491
digits,50,25,Dirichlet (α=10.0),0.0,10.0,0.9777074503046209
digits,50,25,Dirichlet (α=1.0),0.0,8.64,0.8172486829324302
digits,50,25,Dirichlet (α=0.5),0.0,7.94,0.7221771433334792
digits,50,25,Dirichlet (α=0.1),0.08,4.12,0.3670052947624219
digits,50,25,Forcé (1 classe/client),1.0,1.0,0.0
digits,50,26,IID,0.0,9.84,0.9432637712778749
digits,50,26,Dirichlet (α=10.0),0.0,10.0,0.9787253959489775
digits,50,26,Dirichlet (α=1.0),0.0,8.88,0.8419186692583231
digits,50,26,Dirichlet (α=0.5),0.0,7.54,0.7161296715206811
digits,50,26,Dirichlet (α=0.1),0.12,4.58,0.39116784044006275
digits,50,26,Forcé (1 classe/client),1.0,1.0,0.0
digits,50,27,IID,0.0,9.76,0.9415974876725771
digits,50,27,Dirichlet (α=10.0),0.0,10.0,0.9802716239539276
digits,50,27,Dirichlet (α=1.0),0.0,8.78,0.8163403041910788
digits,50,27,Dirichlet (α=0.5),0.0,7.46,0.6933923649309481
digits,50,27,Dirichlet (α=0.1),0.1,4.26,0.37247205326963917
digits,50,27,Forcé (1 classe/client),1.0,1.0,0.0
digits,50,28,IID,0.0,9.82,0.9395422071796403
digits,50,28,Dirichlet (α=10.0),0.0,10.0,0.9762416837892691
digits,50,28,Dirichlet (α=1.0),0.0,8.82,0.8237494033144799
digits,50,28,Dirichlet (α=0.5),0.0,7.64,0.7138712672993975
digits,50,28,Dirichlet (α=0.1),0.08,4.26,0.37140085008047136
digits,50,28,Forcé (1 classe/client),1.0,1.0,0.0
digits,50,29,IID,0.0,9.9,0.949618079404431
digits,50,29,Dirichlet (α=10.0),0.0,10.0,0.9789646027208058
digits,50,29,Dirichlet (α=1.0),0.0,8.6,0.8301353655109152
digits,50,29,Dirichlet (α=0.5),0.0,7.56,0.7140516601049007
digits,50,29,Dirichlet (α=0.1),0.08,4.18,0.36092739985211153
digits,50,29,Forcé (1 classe/client),1.0,1.0,0.0
digits,75,0,IID,0.0,9.186666666666667,0.9082292504459543
digits,75,0,Dirichlet (α=10.0),0.0,9.893333333333333,0.9736591580982424
digits,75,0,Dirichlet (α=1.0),0.0,8.146666666666667,0.801708800116305
digits,75,0,Dirichlet (α=0.5),0.02666666666666667,6.906666666666666,0.6777662427210999
digits,75,0,Dirichlet (α=0.1),0.10666666666666667,4.133333333333334,0.36938480569563215
digits,75,0,Forcé (1 classe/client),1.0,1.0,0.0
digits,75,1,IID,0.0,9.213333333333333,0.9060893681528572
digits,75,1,Dirichlet (α=10.0),0.0,9.946666666666667,0.9760869868485577
digits,75,1,Dirichlet (α=1.0),0.0,8.2,0.8036660783120178
digits,75,1,Dirichlet (α=0.5),0.0,7.32,0.7184217728408667
digits,75,1,Dirichlet (α=0.1),0.10666666666666667,3.973333333333333,0.37655887667186116
digits,75,1,Forcé (1 classe/client),1.0,1.0,0.0
digits,75,2,IID,0.0,9.333333333333334,0.9124943846939034
digits,75,2,Dirichlet (α=10.0),0.0,9.96,0.9732809108671825
digits,75,2,Dirichlet (α=1.0),0.0,8.2,0.8077664919354937
digits,75,2,Dirichlet (α=0.5),0.0,7.28,0.7162326661298128
digits,75,2,Dirichlet (α=0.1),0.10666666666666667,4.08,0.3937857005122714
digits,75,2,Forcé (1 classe/client),1.0,1.0,0.0
digits,75,3,IID,0.0,9.266666666666667,0.9081039655700109
digits,75,3,Dirichlet (α=10.0),0.0,9.973333333333333,0.9740917695044942
digits,75,3,Dirichlet (α=1.0),0.0,8.226666666666667,0.8129120316219483
digits,75,3,Dirichlet (α=0.5),0.0,7.133333333333334,0.702652026399122
digits,75,3,Dirichlet (α=0.1),0.17333333333333334,3.88,0.36659496944186293
digits,75,3,Forcé (1 classe/client),1.0,1.0,0.0
digits,75,4,IID,0.0,9.2,0.9067305520852966
digits,75,4,Dirichlet (α=10.0),0.0,9.96,0.9741093062635375
digits,75,4,Dirichlet (α=1.0),0.0,7.986666666666666,0.7921492605345221
digits,75,4,Dirichlet (α=0.5),0.0,7.2,0.7067111664659488
digits,75,4,Dirichlet (α=0.1),0.16,3.9066666666666667,0.3492374820110696
digits,75,4,Forcé (1 classe/client),1.0,1.0,0.0
digits,75,5,IID,0.0,9.373333333333333,0.9179094978448308
digits,75,5,Dirichlet (α=10.0),0.0,9.973333333333333,0.9741305248550592
digits,75,5,Dirichlet (α=1.0),0.0,8.186666666666667,0.8147100238237901
digits,75,5,Dirichlet (α=0.5),0.013333333333333334,6.8533333333333335,0.6760290724006064
digits,75,5,Dirichlet (α=0.1),0.21333333333333335,3.493333333333333,0.30430896621785786
digits,75,5,Forcé (1 classe/client),1.0,1.0,0.0
digits,75,6,IID,0.0,9.253333333333334,0.9088410682838006
digits,75,6,Dirichlet (α=10.0),0.0,9.946666666666667,0.9719381031089144
digits,75,6,Dirichlet (α=1.0),0.0,8.36,0.8146605504154691
digits,75,6,Dirichlet (α=0.5),0.013333333333333334,7.1866666666666665,0.7101629414730315
digits,75,6,Dirichlet (α=0.1),0.16,3.7466666666666666,0.3325127772725811
digits,75,6,Forcé (1 classe/client),1.0,1.0,0.0
digits,75,7,IID,0.0,9.226666666666667,0.913929708883249
digits,75,7,Dirichlet (α=10.0),0.0,9.973333333333333,0.9742290246287001
digits,75,7,Dirichlet (α=1.0),0.0,8.146666666666667,0.8066480186105007
digits,75,7,Dirichlet (α=0.5),0.0,6.8933333333333335,0.6765947419990386
digits,75,7,Dirichlet (α=0.1),0.12,3.8666666666666667,0.3478087402215109
digits,75,7,Forcé (1 classe/client),1.0,1.0,0.0
digits,75,8,IID,0.0,9.093333333333334,0.9033701408695437
digits,75,8,Dirichlet (α=10.0),0.0,9.973333333333333,0.97476366217957
digits,75,8,Dirichlet (α=1.0),0.0,8.2,0.8078885574740415
digits,75,8,Dirichlet (α=0.5),0.0,6.866666666666666,0.6783477996490767
digits,75,8,Dirichlet (α=0.1),0.12,3.6933333333333334,0.3393262036265823
digits,75,8,Forcé (1 classe/client),1.0,1.0,0.0
digits,75,9,IID,0.0,9.146666666666667,0.9060951107207057
digits,75,9,Dirichlet (α=10.0),0.0,9.96,0.9737633847821207
digits,75,9,Dirichlet (α=1.0),0.0,8.24,0.8110130850841718
digits,75,9,Dirichlet (α=0.5),0.0,7.0,0.6873907976894617
digits,75,9,Dirichlet (α=0.1),0.10666666666666667,3.8933333333333335,0.3582227473062835
digits,75,9,Forcé (1 classe/client),1.0,1.0,0.0
digits,75,10,IID,0.0,9.333333333333334,0.9129497212052349
digits,75,10,Dirichlet (α=10.0),0.0,9.973333333333333,0.9746531110009425
digits,75,10,Dirichlet (α=1.0),0.0,8.213333333333333,0.7926191894416055
digits,75,10,Dirichlet (α=0.5),0.0,7.066666666666666,0.6964426848449343
digits,75,10,Dirichlet (α=0.1),0.2,3.6533333333333333,0.318608274090963
digits,75,10,Forcé (1 classe/client),1.0,1.0,0.0
digits,75,11,IID,0.0,9.16,0.9059573059150151
digits,75,11,Dirichlet (α=10.0),0.0,9.906666666666666,0.9730358827978417
digits,75,11,Dirichlet (α=1.0),0.0,8.266666666666667,0.8058361461247658
digits,75,11,Dirichlet (α=0.5),0.0,7.093333333333334,0.6963237936912562
digits,75,11,Dirichlet (α=0.1),0.18666666666666668,3.8,0.34543784876351985
digits,75,11,Forcé (1 classe/client),1.0,1.0,0.0
digits,75,12,IID,0.0,9.066666666666666,0.9016846532439545
digits,75,12,Dirichlet (α=10.0),0.0,9.973333333333333,0.9740891413868699
digits,75,12,Dirichlet (α=1.0),0.0,8.32,0.8015057738644044
digits,75,12,Dirichlet (α=0.5),0.0,7.1466666666666665,0.6969947507118327
digits,75,12,Dirichlet (α=0.1),0.18666666666666668,3.8666666666666667,0.35920930762170916
digits,75,12,Forcé (1 classe/client),1.0,1.0,0.0
digits,75,13,IID,0.0,9.133333333333333,0.9058045281763673
digits,75,13,Dirichlet (α=10.0),0.0,9.96,0.9721609301368257
digits,75,13,Dirichlet (α=1.0),0.0,8.333333333333334,0.8163780340885132
digits,75,13,Dirichlet (α=0.5),0.0,7.226666666666667,0.7095236277308602
digits,75,13,Dirichlet (α=0.1),0.12,3.8266666666666667,0.3489612763778463
digits,75,13,Forcé (1 classe/client),1.0,1.0,0.0
digits,75,14,IID,0.0,9.36,0.9151833839676391
digits,75,14,Dirichlet (α=10.0),0.0,9.946666666666667,0.9733821075885724
digits,75,14,Dirichlet (α=1.0),0.0,8.346666666666666,0.8163275634524851
digits,75,14,Dirichlet (α=0.5),0.0,7.053333333333334,0.7036249441527004
digits,75,14,Dirichlet (α=0.1),0.10666666666666667,3.88,0.3754183121339362
digits,75,14,Forcé (1 classe/client),1.0,1.0,0.0
digits,75,15,IID,0.0,9.186666666666667,0.9072895272466104
digits,75,15,Dirichlet (α=10.0),0.0,9.946666666666667,0.976092395938555
digits,75,15,Dirichlet (α=1.0),0.0,8.266666666666667,0.8159112884322797
digits,75,15,Dirichlet (α=0.5),0.013333333333333334,7.12,0.709010131596743
digits,75,15,Dirichlet (α=0.1),0.16,3.7733333333333334,0.34959065424050023
digits,75,15,Forcé (1 classe/client),1.0,1.0,0.0
digits,75,16,IID,0.0,9.16,0.901667440402019
digits,75,16,Dirichlet (α=10.0),0.0,9.986666666666666,0.9758470390123313
digits,75,16,Dirichlet (α=1.0),0.0,8.093333333333334,0.8017362663283772
digits,75,16,Dirichlet (α=0.5),0.0,7.013333333333334,0.6818549514545057
digits,75,16,Dirichlet (α=0.1),0.17333333333333334,3.546666666666667,0.30214575025317253
digits,75,16,Forcé (1 classe/client),1.0,1.0,0.0
digits,75,17,IID,0.0,9.266666666666667,0.9118106411297269
digits,75,17,Dirichlet (α=10.0),0.0,9.933333333333334,0.9735449276259937
digits,75,17,Dirichlet (α=1.0),0.0,8.2,0.808149116669983
digits,75,17,Dirichlet (α=0.5),0.013333333333333334,6.96,0.6901997021430485
digits,75,17,Dirichlet (α=0.1),0.14666666666666667,3.7866666666666666,0.3521480328833221
digits,75,17,Forcé (1 classe/client),1.0,1.0,0.0
digits,75,18,IID,0.0,9.24,0.9140151864537965
digits,75,18,Dirichlet (α=10.0),0.0,9.986666666666666,0.974485256024733
digits,75,18,Dirichlet (α=1.0),0.0,8.346666666666666,0.8141233098881486
digits,75,18,Dirichlet (α=0.5),0.013333333333333334,7.1066666666666665,0.6954603579092875
digits,75,18,Dirichlet (α=0.1),0.2,3.6666666666666665,0.3050037547828334
digits,75,18,Forcé (1 classe/client),1.0,1.0,0.0
digits,75,19,IID,0.0,9.253333333333334,0.9109713648395003
digits,75,19,Dirichlet (α=10.0),0.0,9.906666666666666,0.9718379921973492
digits,75,19,Dirichlet (α=1.0),0.0,8.213333333333333,0.8095355543002222
digits,75,19,Dirichlet (α=0.5),0.0,7.213333333333333,0.7192196565983041
digits,75,19,Dirichlet (α=0.1),0.12,3.8266666666666667,0.3645597248644286
digits,75,19,Forcé (1 classe/client),1.0,1.0,0.0
digits,75,20,IID,0.0,9.066666666666666,0.903465610007136
digits,75,20,Dirichlet (α=10.0),0.0,9.96,0.9760151771753908
digits,75,20,Dirichlet (α=1.0),0.0,8.173333333333334,0.8134666743127384
digits,75,20,Dirichlet (α=0.5),0.013333333333333334,7.1066666666666665,0.702892869442691
digits,75,20,Dirichlet (α=0.1),0.16,3.973333333333333,0.3624988557384822
digits,75,20,Forcé (1 classe/client),1.0,1.0,0.0
digits,75,21,IID,0.0,9.2,0.9022894954680176
digits,75,21,Dirichlet (α=10.0),0.0,9.906666666666666,0.972070659198581
digits,75,21,Dirichlet (α=1.0),0.0,8.28,0.8142339338379251
digits,75,21,Dirichlet (α=0.5),0.0,7.04,0.6931816528353808
digits,75,21,Dirichlet (α=0.1),0.21333333333333335,3.8933333333333335,0.35350233409355514
digits,75,21,Forcé (1 classe/client),1.0,1.0,0.0
digits,75,22,IID,0.0,9.2,0.908670161829728
digits,75,22,Dirichlet (α=10.0),0.0,9.986666666666666,0.9768036629138055
digits,75,22,Dirichlet (α=1.0),0.0,8.213333333333333,0.8120996045665233
digits,75,22,Dirichlet (α=0.5),0.0,7.213333333333333,0.7182611504629407
digits,75,22,Dirichlet (α=0.1),0.14666666666666667,3.72,0.30889475269571304
digits,75,22,Forcé (1 classe/client),1.0,1.0,0.0
digits,75,23,IID,0.0,9.12,0.9082303517141211
digits,75,23,Dirichlet (α=10.0),0.0,9.946666666666667,0.9725851813008995
digits,75,23,Dirichlet (α=1.0),0.0,7.973333333333334,0.7876532057773513
digits,75,23,Dirichlet (α=0.5),0.0,7.053333333333334,0.683113608134787
digits,75,23,Dirichlet (α=0.1),0.2,3.84,0.34355718337263
digits,75,23,Forcé (1 classe/client),1.0,1.0,0.0
digits,75,24,IID,0.0,9.213333333333333,0.9109614501789441
digits,75,24,Dirichlet (α=10.0),0.0,9.92,0.9740045421303573
digits,75,24,Dirichlet (α=1.0),0.0,8.16,0.8040848721672706
digits,75,24,Dirichlet (α=0.5),0.0,7.24,0.7239035639543406
digits,75,24,Dirichlet (α=0.1),0.13333333333333333,3.76,0.35426826584877047
digits,75,24,Forcé (1 classe/client),1.0,1.0,0.0
digits,75,25,IID,0.0,9.173333333333334,0.9081357436678479
digits,75,25,Dirichlet (α=10.0),0.0,9.92,0.9723104949531369
digits,75,25,Dirichlet (α=1.0),0.0,8.0,0.7935227953936617
digits,75,25,Dirichlet (α=0.5),0.0,7.213333333333333,0.7101510668180547
digits,75,25,Dirichlet (α=0.1),0.14666666666666667,3.8533333333333335,0.35227136725525615
digits,75,25,Forcé (1 classe/client),1.0,1.0,0.0
digits,75,26,IID,0.0,9.226666666666667,0.9061977775232718
digits,75,26,Dirichlet (α=10.0),0.0,9.986666666666666,0.9731387909567271
digits,75,26,Dirichlet (α=1.0),0.0,8.48,0.8278079718357463
digits,75,26,Dirichlet (α=0.5),0.013333333333333334,6.866666666666666,0.6865199244363589
digits,75,26,Dirichlet (α=0.1),0.16,3.68,0.3216970442844111
digits,75,26,Forcé (1 classe/client),1.0,1.0,0.0
digits,75,27,IID,0.0,9.16,0.9033155746648187
digits,75,27,Dirichlet (α=10.0),0.0,9.96,0.9719181976437682
digits,75,27,Dirichlet (α=1.0),0.0,8.146666666666667,0.8102503993411158
digits,75,27,Dirichlet (α=0.5),0.0,7.32,0.7190729990910737
digits,75,27,Dirichlet (α=0.1),0.22666666666666666,3.7466666666666666,0.34479913905230347
digits,75,27,Forcé (1 classe/client),1.0,1.0,0.0
digits,75,28,IID,0.0,9.226666666666667,0.912963243818326
digits,75,28,Dirichlet (α=10.0),0.0,9.88,0.9718226030197958
digits,75,28,Dirichlet (α=1.0),0.0,8.106666666666667,0.798593279150693
digits,75,28,Dirichlet (α=0.5),0.0,7.066666666666666,0.6829716889109545
digits,75,28,Dirichlet (α=0.1),0.14666666666666667,3.84,0.3491334249154439
digits,75,28,Forcé (1 classe/client),1.0,1.0,0.0
digits,75,29,IID,0.0,9.253333333333334,0.9101091666144108
digits,75,29,Dirichlet (α=10.0),0.0,9.986666666666666,0.9766429583798099
digits,75,29,Dirichlet (α=1.0),0.0,8.28,0.8179902488963674
digits,75,29,Dirichlet (α=0.5),0.0,7.04,0.6905858322273984
digits,75,29,Dirichlet (α=0.1),0.09333333333333334,3.76,0.346508517335405
digits,75,29,Forcé (1 classe/client),1.0,1.0,0.0
digits,100,0,IID,0.0,8.34,0.8665130230233105
digits,100,0,Dirichlet (α=10.0),0.0,9.63,0.9602343590050125
digits,100,0,Dirichlet (α=1.0),0.0,7.81,0.7980799732038425
digits,100,0,Dirichlet (α=0.5),0.01,6.73,0.6906195063817734
digits,100,0,Dirichlet (α=0.1),0.17,3.44,0.31958808149701123
digits,100,0,Forcé (1 classe/client),1.0,1.0,0.0
digits,100,1,IID,0.0,8.29,0.862877779356491
digits,100,1,Dirichlet (α=10.0),0.0,9.68,0.9626255012813704
digits,100,1,Dirichlet (α=1.0),0.01,7.68,0.781349828213457
digits,100,1,Dirichlet (α=0.5),0.01,6.56,0.665026346191227
digits,100,1,Dirichlet (α=0.1),0.23,3.6,0.3138093381071638
digits,100,1,Forcé (1 classe/client),1.0,1.0,0.0
digits,100,2,IID,0.0,8.58,0.8808651241195631
digits,100,2,Dirichlet (α=10.0),0.0,9.62,0.9596710349052922
digits,100,2,Dirichlet (α=1.0),0.0,7.99,0.8102914503306698
digits,100,2,Dirichlet (α=0.5),0.0,6.86,0.6934069215304013
digits,100,2,Dirichlet (α=0.1),0.18,3.7,0.3556939356563473
digits,100,2,Forcé (1 classe/client),1.0,1.0,0.0
digits,100,3,IID,0.0,8.48,0.8764027562697398
digits,100,3,Dirichlet (α=10.0),0.0,9.74,0.9649395396217016
digits,100,3,Dirichlet (α=1.0),0.0,7.69,0.7887853144938378
digits,100,3,Dirichlet (α=0.5),0.02,6.88,0.7040307096588135
digits,100,3,Dirichlet (α=0.1),0.26,3.53,0.30972040715825205
digits,100,3,Forcé (1 classe/client),1.0,1.0,0.0
digits,100,4,IID,0.0,8.49,0.8695477090184415
digits,100,4,Dirichlet (α=10.0),0.0,9.73,0.9668902105242806
digits,100,4,Dirichlet (α=1.0),0.0,7.78,0.7870342471285405
digits,100,4,Dirichlet (α=0.5),0.01,6.69,0.6787806250393456
digits,100,4,Dirichlet (α=0.1),0.2,3.52,0.31477385250988144
digits,100,4,Forcé (1 classe/client),1.0,1.0,0.0
digits,100,5,IID,0.0,8.54,0.8754452429926044
digits,100,5,Dirichlet (α=10.0),0.0,9.76,0.9678945914894728
digits,100,5,Dirichlet (α=1.0),0.0,7.78,0.787231731026986
digits,100,5,Dirichlet (α=0.5),0.01,6.96,0.7023915382074988
digits,100,5,Dirichlet (α=0.1),0.14,3.54,0.35069246514876945
digits,100,5,Forcé (1 classe/client),1.0,1.0,0.0
digits,100,6,IID,0.0,8.39,0.8644501998799945
digits,100,6,Dirichlet (α=10.0),0.0,9.75,0.9690773261780745
digits,100,6,Dirichlet (α=1.0),0.0,7.7,0.7872889989935988
digits,100,6,Dirichlet (α=0.5),0.0,6.73,0.6866682669143712
digits,100,6,Dirichlet (α=0.1),0.15,3.42,0.31775357851167724
digits,100,6,Forcé (1 classe/client),1.0,1.0,0.0
digits,100,7,IID,0.0,8.47,0.8705956692114293
digits,100,7,Dirichlet (α=10.0),0.0,9.67,0.9626847018314568
digits,100,7,Dirichlet (α=1.0),0.0,7.59,0.7734729821288636
digits,100,7,Dirichlet (α=0.5),0.0,6.63,0.6780878100324712
digits,100,7,Dirichlet (α=0.1),0.22,3.65,0.33263125878179467
digits,100,7,Forcé (1 classe/client),1.0,1.0,0.0
digits,100,8,IID,0.0,8.57,0.8807386231972926
digits,100,8,Dirichlet (α=10.0),0.0,9.76,0.9676161930744515
digits,100,8,Dirichlet (α=1.0),0.0,7.66,0.7856569942021312
digits,100,8,Dirichlet (α=0.5),0.01,6.71,0.696582470829489
digits,100,8,Dirichlet (α=0.1),0.2,3.65,0.34318790597487864
digits,100,8,Forcé (1 classe/client),1.0,1.0,0.0
digits,100,9,IID,0.0,8.66,0.8819984269345841
digits,100,9,Dirichlet (α=10.0),0.0,9.66,0.9620465822750154
digits,100,9,Dirichlet (α=1.0),0.0,7.84,0.8028436526870947
digits,100,9,Dirichlet (α=0.5),0.01,6.6,0.6675571619042906
digits,100,9,Dirichlet (α=0.1),0.24,3.28,0.2901132722006845
digits,100,9,Forcé (1 classe/client),1.0,1.0,0.0
digits,100,10,IID,0.0,8.52,0.8747591480582705
digits,100,10,Dirichlet (α=10.0),0.0,9.7,0.9657076768623197
digits,100,10,Dirichlet (α=1.0),0.0,7.62,0.7901359047153145
digits,100,10,Dirichlet (α=0.5),0.01,6.63,0.6703834873141865
digits,100,10,Dirichlet (α=0.1),0.22,3.34,0.2997997828331628
digits,100,10,Forcé (1 classe/client),1.0,1.0,0.0
digits,100,11,IID,0.0,8.68,0.8819352546044833
digits,100,11,Dirichlet (α=10.0),0.0,9.76,0.9669391392467966
digits,100,11,Dirichlet (α=1.0),0.0,7.55,0.76989861690712
digits,100,11,Dirichlet (α=0.5),0.0,6.68,0.6821099193235838
digits,100,11,Dirichlet (α=0.1),0.19,3.68,0.33926424607649663
digits,100,11,Forcé (1 classe/client),1.0,1.0,0.0
digits,100,12,IID,0.0,8.54,0.8760237307757691
digits,100,12,Dirichlet (α=10.0),0.0,9.67,0.96192700318703
digits,100,12,Dirichlet (α=1.0),0.0,7.65,0.7795059181802836
digits,100,12,Dirichlet (α=0.5),0.02,6.72,0.6839666528291007
digits,100,12,Dirichlet (α=0.1),0.22,3.49,0.3134398085039981
digits,100,12,Forcé (1 classe/client),1.0,1.0,0.0
digits,100,13,IID,0.0,8.68,0.8789031379519412
digits,100,13,Dirichlet (α=10.0),0.0,9.73,0.9666051000942538
digits,100,13,Dirichlet (α=1.0),0.0,7.64,0.7833568491293528
digits,100,13,Dirichlet (α=0.5),0.0,6.65,0.677897651451488
digits,100,13,Dirichlet (α=0.1),0.21,3.62,0.33154822607645573
digits,100,13,Forcé (1 classe/client),1.0,1.0,0.0
digits,100,14,IID,0.0,8.48,0.8707817332883501
digits,100,14,Dirichlet (α=10.0),0.0,9.78,0.9681164806496626
digits,100,14,Dirichlet (α=1.0),0.0,7.82,0.7935321765767978
digits,100,14,Dirichlet (α=0.5),0.01,6.55,0.6634468891557038
digits,100,14,Dirichlet (α=0.1),0.15,3.7,0.33916726756723825
digits,100,14,Forcé (1 classe/client),1.0,1.0,0.0
digits,100,15,IID,0.0,8.46,0.8738710956733555
digits,100,15,Dirichlet (α=10.0),0.0,9.66,0.9622797750858028
digits,100,15,Dirichlet (α=1.0),0.0,7.76,0.7874526805375277
digits,100,15,Dirichlet (α=0.5),0.01,6.52,0.6687794893139487
digits,100,15,Dirichlet (α=0.1),0.25,3.48,0.32945301460742726
digits,100,15,Forcé (1 classe/client),1.0,1.0,0.0
digits,100,16,IID,0.0,8.44,0.8730597320251239
digits,100,16,Dirichlet (α=10.0),0.0,9.72,0.9676068970336914
digits,100,16,Dirichlet (α=1.0),0.0,7.76,0.7884106769468354
digits,100,16,Dirichlet (α=0.5),0.0,6.76,0.687814654894944
digits,100,16,Dirichlet (α=0.1),0.16,3.52,0.3278959464461804
digits,100,16,Forcé (1 classe/client),1.0,1.0,0.0
digits,100,17,IID,0.0,8.53,0.8778741934299863
digits,100,17,Dirichlet (α=10.0),0.0,9.78,0.9685428679899039
digits,100,17,Dirichlet (α=1.0),0.0,7.72,0.7879856773453288
digits,100,17,Dirichlet (α=0.5),0.0,6.52,0.6620978064115475
digits,100,17,Dirichlet (α=0.1),0.27,3.49,0.30291408414893906
digits,100,17,Forcé (1 classe/client),1.0,1.0,0.0
digits,100,18,IID,0.0,8.47,0.8709106577347603
digits,100,18,Dirichlet (α=10.0),0.0,9.75,0.9675823069541084
digits,100,18,Dirichlet (α=1.0),0.0,7.72,0.7861319640395499
digits,100,18,Dirichlet (α=0.5),0.01,6.73,0.6717405427523744
digits,100,18,Dirichlet (α=0.1),0.23,3.64,0.3401685936323712
digits,100,18,Forcé (1 classe/client),1.0,1.0,0.0
digits,100,19,IID,0.0,8.53,0.8746282456999858
digits,100,19,Dirichlet (α=10.0),0.0,9.78,0.9692220737068367
digits,100,19,Dirichlet (α=1.0),0.0,7.8,0.7930524915076274
digits,100,19,Dirichlet (α=0.5),0.01,6.6,0.6675025634344149
digits,100,19,Dirichlet (α=0.1),0.19,3.62,0.35232119092842806
digits,100,19,Forcé (1 classe/client),1.0,1.0,0.0
digits,100,20,IID,0.0,8.5,0.8714849416087138
digits,100,20,Dirichlet (α=10.0),0.0,9.73,0.9660700245531451
digits,100,20,Dirichlet (α=1.0),0.0,7.61,0.7763428126944868
digits,100,20,Dirichlet (α=0.5),0.02,6.59,0.6682186958463632
digits,100,20,Dirichlet (α=0.1),0.14,3.87,0.3681024430977034
digits,100,20,Forcé (1 classe/client),1.0,1.0,0.0
digits,100,21,IID,0.0,8.49,0.8734624586504784
digits,100,21,Dirichlet (α=10.0),0.0,9.75,0.9672502971744967
digits,100,21,Dirichlet (α=1.0),0.01,7.69,0.7815307224569402
digits,100,21,Dirichlet (α=0.5),0.01,6.49,0.6635336728994209
digits,100,21,Dirichlet (α=0.1),0.19,3.44,0.3074577821198121
digits,100,21,Forcé (1 classe/client),1.0,1.0,0.0
digits,100,22,IID,0.0,8.42,0.8689849467480384
digits,100,22,Dirichlet (α=10.0),0.0,9.79,0.9696527198781654
digits,100,22,Dirichlet (α=1.0),0.0,7.54,0.773611934992229
digits,100,22,Dirichlet (α=0.5),0.0,6.65,0.675115908716112
digits,100,22,Dirichlet (α=0.1),0.14,3.62,0.3322767672691561
digits,100,22,Forcé (1 classe/client),1.0,1.0,0.0
digits,100,23,IID,0.0,8.66,0.8839959502432109
digits,100,23,Dirichlet (α=10.0),0.0,9.72,0.9640886483718927
digits,100,23,Dirichlet (α=1.0),0.0,7.51,0.7765622252459599
digits,100,23,Dirichlet (α=0.5),0.0,6.82,0.6983575612603643
digits,100,23,Dirichlet (α=0.1),0.22,3.42,0.3077283844834296
digits,100,23,Forcé (1 classe/client),1.0,1.0,0.0
digits,100,24,IID,0.0,8.63,0.882491398152657
digits,100,24,Dirichlet (α=10.0),0.0,9.78,0.9680730036470012
digits,100,24,Dirichlet (α=1.0),0.0,7.68,0.7879620445269124
digits,100,24,Dirichlet (α=0.5),0.01,6.68,0.6805961988994044
digits,100,24,Dirichlet (α=0.1),0.19,3.51,0.3205533379495991
digits,100,24,Forcé (1 classe/client),1.0,1.0,0.0
digits,100,25,IID,0.0,8.4,0.8659761708598418
digits,100,25,Dirichlet (α=10.0),0.0,9.74,0.9663195490002976
digits,100,25,Dirichlet (α=1.0),0.0,7.88,0.8043701885273158
digits,100,25,Dirichlet (α=0.5),0.01,6.62,0.671992355093088
digits,100,25,Dirichlet (α=0.1),0.23,3.32,0.290817455600801
digits,100,25,Forcé (1 classe/client),1.0,1.0,0.0
digits,100,26,IID,0.0,8.53,0.8740971843308626
digits,100,26,Dirichlet (α=10.0),0.0,9.74,0.9668751132793301
digits,100,26,Dirichlet (α=1.0),0.0,7.55,0.772625216989988
digits,100,26,Dirichlet (α=0.5),0.02,6.7,0.6767348061788947
digits,100,26,Dirichlet (α=0.1),0.19,3.38,0.30899925039231074
digits,100,26,Forcé (1 classe/client),1.0,1.0,0.0
digits,100,27,IID,0.0,8.56,0.877709572479197
digits,100,27,Dirichlet (α=10.0),0.0,9.75,0.967051600801797
digits,100,27,Dirichlet (α=1.0),0.0,7.74,0.7971740001390528
digits,100,27,Dirichlet (α=0.5),0.03,6.76,0.6813016646275812
digits,100,27,Dirichlet (α=0.1),0.16,3.55,0.32271130783860874
digits,100,27,Forcé (1 classe/client),1.0,1.0,0.0
digits,100,28,IID,0.0,8.49,0.8757045338643017
digits,100,28,Dirichlet (α=10.0),0.0,9.74,0.9663108970662685
digits,100,28,Dirichlet (α=1.0),0.0,7.78,0.7913570253598969
digits,100,28,Dirichlet (α=0.5),0.03,6.79,0.683939695120242
digits,100,28,Dirichlet (α=0.1),0.21,3.56,0.3385938644674961
digits,100,28,Forcé (1 classe/client),1.0,1.0,0.0
digits,100,29,IID,0.0,8.53,0.8759516171713906
digits,100,29,Dirichlet (α=10.0),0.0,9.72,0.9664592629384046
digits,100,29,Dirichlet (α=1.0),0.0,7.66,0.7803077877996073
digits,100,29,Dirichlet (α=0.5),0.01,6.89,0.6942646481599106
digits,100,29,Dirichlet (α=0.1),0.16,3.74,0.35140010945235267
digits,100,29,Forcé (1 classe/client),1.0,1.0,0.0
iris,5,0,IID,0.0,3.0,0.97349043676615
iris,5,0,Dirichlet (α=10.0),0.0,3.0,0.9636447742067802
iris,5,0,Dirichlet (α=1.0),0.0,2.8,0.8393128984792602
iris,5,0,Dirichlet (α=0.5),0.0,2.8,0.7570770862766028
iris,5,0,Dirichlet (α=0.1),0.0,1.8,0.32611770927952927
iris,5,0,Forcé (1 classe/client),1.0,1.0,0.0
iris,5,1,IID,0.0,3.0,0.9753456139278219
iris,5,1,Dirichlet (α=10.0),0.0,3.0,0.9881842354623915
iris,5,1,Dirichlet (α=1.0),0.0,3.0,0.9235304845710115
iris,5,1,Dirichlet (α=0.5),0.0,2.8,0.6641104710218476
iris,5,1,Dirichlet (α=0.1),0.4,1.4,0.29026359329995677
iris,5,1,Forcé (1 classe/client),1.0,1.0,0.0
iris,5,2,IID,0.0,3.0,0.9882051558410513
iris,5,2,Dirichlet (α=10.0),0.0,3.0,0.9564802112512887
iris,5,2,Dirichlet (α=1.0),0.0,3.0,0.8264024489427527
iris,5,2,Dirichlet (α=0.5),0.0,2.8,0.7839408277009505
iris,5,2,Dirichlet (α=0.1),0.4,1.8,0.20440514141309576
iris,5,2,Forcé (1 classe/client),1.0,1.0,0.0
iris,5,3,IID,0.0,3.0,0.9768263448728339
iris,5,3,Dirichlet (α=10.0),0.0,3.0,0.9845770002392552
iris,5,3,Dirichlet (α=1.0),0.0,3.0,0.8154983522953267
iris,5,3,Dirichlet (α=0.5),0.0,2.8,0.8554840321868031
iris,5,3,Dirichlet (α=0.1),0.4,1.6,0.12065827989148363
iris,5,3,Forcé (1 classe/client),1.0,1.0,0.0
iris,5,4,IID,0.0,3.0,0.9902927989782796
iris,5,4,Dirichlet (α=10.0),0.0,3.0,0.990038203606755
iris,5,4,Dirichlet (α=1.0),0.0,2.8,0.6639004813534857
iris,5,4,Dirichlet (α=0.5),0.0,2.8,0.7637189450537732
iris,5,4,Dirichlet (α=0.1),0.4,1.8,0.36251991274509066
iris,5,4,Forcé (1 classe/client),1.0,1.0,0.0
iris,5,5,IID,0.0,3.0,0.9703411670776111
iris,5,5,Dirichlet (α=10.0),0.0,3.0,0.9846351205656017
iris,5,5,Dirichlet (α=1.0),0.0,3.0,0.8036703692600022
iris,5,5,Dirichlet (α=0.5),0.2,2.6,0.6269920906416742
iris,5,5,Dirichlet (α=0.1),0.4,1.4,0.1572267481907631
iris,5,5,Forcé (1 classe/client),1.0,1.0,0.0
iris,5,6,IID,0.0,3.0,0.9900168970877914
iris,5,6,Dirichlet (α=10.0),0.0,3.0,0.9678340338592507
iris,5,6,Dirichlet (α=1.0),0.0,3.0,0.7965430696697934
iris,5,6,Dirichlet (α=0.5),0.0,2.8,0.7553399841918997
iris,5,6,Dirichlet (α=0.1),0.2,1.8,0.4069849080278736
iris,5,6,Forcé (1 classe/client),1.0,1.0,0.0
iris,5,7,IID,0.0,3.0,0.9800649802001388
iris,5,7,Dirichlet (α=10.0),0.0,3.0,0.9892341412791918
iris,5,7,Dirichlet (α=1.0),0.0,3.0,0.8752626167700873
iris,5,7,Dirichlet (α=0.5),0.0,3.0,0.771550254366691
iris,5,7,Dirichlet (α=0.1),0.6,1.6,0.2944178450007352
iris,5,7,Forcé (1 classe/client),1.0,1.0,0.0
iris,5,8,IID,0.0,3.0,0.9831869532251567
iris,5,8,Dirichlet (α=10.0),0.0,3.0,0.9842476899728716
iris,5,8,Dirichlet (α=1.0),0.0,3.0,0.8389153518948724
iris,5,8,Dirichlet (α=0.5),0.0,2.8,0.5399578875004538
iris,5,8,Dirichlet (α=0.1),0.4,2.2,0.5181686600941809
iris,5,8,Forcé (1 classe/client),1.0,1.0,0.0
iris,5,9,IID,0.0,3.0,0.9913976440241166
iris,5,9,Dirichlet (α=10.0),0.0,3.0,0.9879730056015774
iris,5,9,Dirichlet (α=1.0),0.0,3.0,0.7913624353805833
iris,5,9,Dirichlet (α=0.5),0.0,2.6,0.6474949700370912
iris,5,9,Dirichlet (α=0.1),0.4,2.0,0.33068311348903945
iris,5,9,Forcé (1 classe/client),1.0,1.0,0.0
iris,5,10,IID,0.0,3.0,0.9866838180939583
iris,5,10,Dirichlet (α=10.0),0.0,3.0,0.9862110618078903
iris,5,10,Dirichlet (α=1.0),0.0,2.8,0.667559637015971
iris,5,10,Dirichlet (α=0.5),0.0,2.6,0.7057798657559182
iris,5,10,Dirichlet (α=0.1),0.2,2.0,0.4212699184372456
iris,5,10,Forcé (1 classe/client),1.0,1.0,0.0
iris,5,11,IID,0.0,3.0,0.977375894354649
iris,5,11,Dirichlet (α=10.0),0.0,3.0,0.9743522974586074
iris,5,11,Dirichlet (α=1.0),0.0,3.0,0.7410854054178629
iris,5,11,Dirichlet (α=0.5),0.0,3.0,0.741488552055143
iris,5,11,Dirichlet (α=0.1),0.4,2.0,0.36359179444013895
iris,5,11,Forcé (1 classe/client),1.0,1.0,0.0
iris,5,12,IID,0.0,3.0,0.9797668027832078
iris,5,12,Dirichlet (α=10.0),0.0,3.0,0.9841318584496952
iris,5,12,Dirichlet (α=1.0),0.0,3.0,0.7581046284354045
iris,5,12,Dirichlet (α=0.5),0.0,3.0,0.6392402747817807
iris,5,12,Dirichlet (α=0.1),0.4,1.4,0.32602107717294915
iris,5,12,Forcé (1 classe/client),1.0,1.0,0.0
iris,5,13,IID,0.0,3.0,0.9596757353944302
iris,5,13,Dirichlet (α=10.0),0.0,3.0,0.9882236192528533
iris,5,13,Dirichlet (α=1.0),0.0,3.0,0.8585566736825827
iris,5,13,Dirichlet (α=0.5),0.2,2.6,0.45697208667831213
iris,5,13,Dirichlet (α=0.1),0.2,2.2,0.4559030905969316
iris,5,13,Forcé (1 classe/client),1.0,1.0,0.0
iris,5,14,IID,0.0,3.0,0.9800306165951156
iris,5,14,Dirichlet (α=10.0),0.0,3.0,0.9505138640099545
iris,5,14,Dirichlet (α=1.0),0.0,3.0,0.8792252560256909
iris,5,14,Dirichlet (α=0.5),0.0,2.8,0.44259857143570025
iris,5,14,Dirichlet (α=0.1),0.2,2.4,0.44527647705120643
iris,5,14,Forcé (1 classe/client),1.0,1.0,0.0
iris,5,15,IID,0.0,3.0,0.9865822518773186
iris,5,15,Dirichlet (α=10.0),0.0,3.0,0.9906242526177478
iris,5,15,Dirichlet (α=1.0),0.0,2.6,0.7898371040712685
iris,5,15,Dirichlet (α=0.5),0.0,2.6,0.6397435891111475
iris,5,15,Dirichlet (α=0.1),0.2,2.0,0.5256500402084365
iris,5,15,Forcé (1 classe/client),1.0,1.0,0.0
iris,5,16,IID,0.0,3.0,0.9881422596291267
iris,5,16,Dirichlet (α=10.0),0.0,3.0,0.9694118229699964
iris,5,16,Dirichlet (α=1.0),0.0,3.0,0.8365425354672491
iris,5,16,Dirichlet (α=0.5),0.2,2.6,0.6672064695836365
iris,5,16,Dirichlet (α=0.1),0.0,2.0,0.29613919236804553
iris,5,16,Forcé (1 classe/client),1.0,1.0,0.0
iris,5,17,IID,0.0,3.0,0.9761795226116396
iris,5,17,Dirichlet (α=10.0),0.0,3.0,0.9724443152312375
iris,5,17,Dirichlet (α=1.0),0.0,3.0,0.793910375199122
iris,5,17,Dirichlet (α=0.5),0.0,2.6,0.6697115470402765
iris,5,17,Dirichlet (α=0.1),0.0,1.8,0.43302945894265116
iris,5,17,Forcé (1 classe/client),1.0,1.0,0.0
iris,5,18,IID,0.0,3.0,0.9752690483503332
iris,5,18,Dirichlet (α=10.0),0.0,3.0,0.972693541439237
iris,5,18,Dirichlet (α=1.0),0.0,2.8,0.823524716165265
iris,5,18,Dirichlet (α=0.5),0.0,2.8,0.6803956782359549
iris,5,18,Dirichlet (α=0.1),0.2,1.6,0.349429478175188
iris,5,18,Forcé (1 classe/client),1.0,1.0,0.0
iris,5,19,IID,0.0,3.0,0.96071730737439
iris,5,19,Dirichlet (α=10.0),0.0,3.0,0.9885764805722215
iris,5,19,Dirichlet (α=1.0),0.0,2.8,0.6889345635218055
iris,5,19,Dirichlet (α=0.5),0.0,2.4,0.4761532122417952
iris,5,19,Dirichlet (α=0.1),0.4,1.4,0.2022515259175269
iris,5,19,Forcé (1 classe/client),1.0,1.0,0.0
iris,5,20,IID,0.0,3.0,0.9811373613507012
iris,5,20,Dirichlet (α=10.0),0.0,3.0,0.9576929070462178
iris,5,20,Dirichlet (α=1.0),0.0,3.0,0.7799765334747548
iris,5,20,Dirichlet (α=0.5),0.4,2.2,0.5560027133223352
iris,5,20,Dirichlet (α=0.1),0.4,1.8,0.18412930583418502
iris,5,20,Forcé (1 classe/client),1.0,1.0,0.0
iris,5,21,IID,0.0,3.0,0.9747440509586628
iris,5,21,Dirichlet (α=10.0),0.0,3.0,0.9779919237646293
iris,5,21,Dirichlet (α=1.0),0.0,3.0,0.8443049531303115
iris,5,21,Dirichlet (α=0.5),0.0,2.8,0.7330398538492181
iris,5,21,Dirichlet (α=0.1),0.4,1.6,0.3095607793118345
iris,5,21,Forcé (1 classe/client),1.0,1.0,0.0
iris,5,22,IID,0.0,3.0,0.9807933335672903
iris,5,22,Dirichlet (α=10.0),0.0,3.0,0.9514483457120949
iris,5,22,Dirichlet (α=1.0),0.0,3.0,0.945604153932574
iris,5,22,Dirichlet (α=0.5),0.0,2.6,0.6336581654932376
iris,5,22,Dirichlet (α=0.1),0.2,1.6,0.2862780961117161
iris,5,22,Forcé (1 classe/client),1.0,1.0,0.0
iris,5,23,IID,0.0,3.0,0.9800232883049558
iris,5,23,Dirichlet (α=10.0),0.0,3.0,0.9870900325149936
iris,5,23,Dirichlet (α=1.0),0.0,2.8,0.6721171803550524
iris,5,23,Dirichlet (α=0.5),0.0,2.6,0.7226286264496709
iris,5,23,Dirichlet (α=0.1),0.2,2.2,0.559519263033224
iris,5,23,Forcé (1 classe/client),1.0,1.0,0.0
iris,5,24,IID,0.0,3.0,0.9578395838641445
iris,5,24,Dirichlet (α=10.0),0.0,3.0,0.9714795654854488
iris,5,24,Dirichlet (α=1.0),0.0,3.0,0.7963016566301014
iris,5,24,Dirichlet (α=0.5),0.2,2.2,0.45613271361725716
iris,5,24,Dirichlet (α=0.1),0.2,1.4,0.3431715443850168
iris,5,24,Forcé (1 classe/client),1.0,1.0,0.0
iris,5,25,IID,0.0,3.0,0.9493440806765836
iris,5,25,Dirichlet (α=10.0),0.0,3.0,0.9625691949736728
iris,5,25,Dirichlet (α=1.0),0.0,3.0,0.886106363789189
iris,5,25,Dirichlet (α=0.5),0.0,2.6,0.5311248621371444
iris,5,25,Dirichlet (α=0.1),0.4,1.4,0.22573773908820818
iris,5,25,Forcé (1 classe/client),1.0,1.0,0.0
iris,5,26,IID,0.0,3.0,0.9662433736987127
iris,5,26,Dirichlet (α=10.0),0.0,3.0,0.9773350027346488
iris,5,26,Dirichlet (α=1.0),0.0,2.8,0.7835608771988224
iris,5,26,Dirichlet (α=0.5),0.2,2.6,0.5215465950297034
iris,5,26,Dirichlet (α=0.1),0.2,1.6,0.3359063931698701
iris,5,26,Forcé (1 classe/client),1.0,1.0,0.0
iris,5,27,IID,0.0,3.0,0.9873427723619853
iris,5,27,Dirichlet (α=10.0),0.0,3.0,0.9600031139178942
iris,5,27,Dirichlet (α=1.0),0.0,2.8,0.7252382682450443
iris,5,27,Dirichlet (α=0.5),0.0,2.6,0.621107266954595
iris,5,27,Dirichlet (α=0.1),0.4,1.4,0.26859019603962553
iris,5,27,Forcé (1 classe/client),1.0,1.0,0.0
iris,5,28,IID,0.0,3.0,0.9716600674660121
iris,5,28,Dirichlet (α=10.0),0.0,3.0,0.9850962551755679
iris,5,28,Dirichlet (α=1.0),0.0,3.0,0.8162234124740875
iris,5,28,Dirichlet (α=0.5),0.0,3.0,0.7043728699035595
iris,5,28,Dirichlet (α=0.1),0.4,1.4,0.19899289987996624
iris,5,28,Forcé (1 classe/client),1.0,1.0,0.0
iris,5,29,IID,0.0,3.0,0.9620020792051216
iris,5,29,Dirichlet (α=10.0),0.0,3.0,0.9919128861534441
iris,5,29,Dirichlet (α=1.0),0.0,2.6,0.6865089477255684
iris,5,29,Dirichlet (α=0.5),0.0,2.4,0.5715044790668172
iris,5,29,Dirichlet (α=0.1),0.4,2.0,0.33498805791021297
iris,5,29,Forcé (1 classe/client),1.0,1.0,0.0
iris,10,0,IID,0.0,3.0,0.9701054951352509
iris,10,0,Dirichlet (α=10.0),0.0,3.0,0.9654594246835444
iris,10,0,Dirichlet (α=1.0),0.0,2.6,0.7185357773580577
iris,10,0,Dirichlet (α=0.5),0.3,2.1,0.34320407805543784
iris,10,0,Dirichlet (α=0.1),0.3,1.5,0.20874018549308332
iris,10,0,Forcé (1 classe/client),1.0,1.0,0.0
iris,10,1,IID,0.0,3.0,0.9483664545725485
iris,10,1,Dirichlet (α=10.0),0.0,3.0,0.9579676497854424
iris,10,1,Dirichlet (α=1.0),0.0,2.7,0.7333564622433881
iris,10,1,Dirichlet (α=0.5),0.2,2.4,0.6326707292472038
iris,10,1,Dirichlet (α=0.1),0.3,1.8,0.37827916025390274
iris,10,1,Forcé (1 classe/client),1.0,1.0,0.0
iris,10,2,IID,0.0,3.0,0.9355193837136486
iris,10,2,Dirichlet (α=10.0),0.0,3.0,0.9833463622843601
iris,10,2,Dirichlet (α=1.0),0.0,2.8,0.8005361677977575
iris,10,2,Dirichlet (α=0.5),0.0,2.6,0.6635794266176374
iris,10,2,Dirichlet (α=0.1),0.5,1.3,0.22848039759694636
iris,10,2,Forcé (1 classe/client),1.0,1.0,0.0
iris,10,3,IID,0.0,3.0,0.9112976112474559
iris,10,3,Dirichlet (α=10.0),0.0,3.0,0.952341371984368
iris,10,3,Dirichlet (α=1.0),0.0,2.9,0.7225472462432212
iris,10,3,Dirichlet (α=0.5),0.1,2.6,0.6720296280148277
iris,10,3,Dirichlet (α=0.1),0.3,1.5,0.2415513594578938
iris,10,3,Forcé (1 classe/client),1.0,1.0,0.0
iris,10,4,IID,0.0,3.0,0.9401300619380535
iris,10,4,Dirichlet (α=10.0),0.0,3.0,0.9489706331037489
iris,10,4,Dirichlet (α=1.0),0.1,2.7,0.7528627085661113
iris,10,4,Dirichlet (α=0.5),0.0,2.7,0.7172037934285499
iris,10,4,Dirichlet (α=0.1),0.3,1.7,0.33216676027309794
iris,10,4,Forcé (1 classe/client),1.0,1.0,0.0
iris,10,5,IID,0.0,3.0,0.9533602891746348
iris,10,5,Dirichlet (α=10.0),0.0,3.0,0.9908322167964771
iris,10,5,Dirichlet (α=1.0),0.0,2.7,0.7801587243192669
iris,10,5,Dirichlet (α=0.5),0.1,1.9,0.4188329227886213
iris,10,5,Dirichlet (α=0.1),0.5,1.5,0.2744410629435192
iris,10,5,Forcé (1 classe/client),1.0,1.0,0.0
iris,10,6,IID,0.0,3.0,0.9012142197871968
iris,10,6,Dirichlet (α=10.0),0.0,3.0,0.9769886557051114
iris,10,6,Dirichlet (α=1.0),0.0,2.6,0.7293023071719509
iris,10,6,Dirichlet (α=0.5),0.0,2.7,0.7171637095262811
iris,10,6,Dirichlet (α=0.1),0.2,1.7,0.38180560699454563
iris,10,6,Forcé (1 classe/client),1.0,1.0,0.0
iris,10,7,IID,0.0,3.0,0.9553129257715067
iris,10,7,Dirichlet (α=10.0),0.0,3.0,0.9896023321072415
iris,10,7,Dirichlet (α=1.0),0.0,2.9,0.7351436890416543
iris,10,7,Dirichlet (α=0.5),0.1,2.4,0.5389448205049967
iris,10,7,Dirichlet (α=0.1),0.3,1.3,0.31969782778444655
iris,10,7,Forcé (1 classe/client),1.0,1.0,0.0
iris,10,8,IID,0.0,3.0,0.9418400373499018
iris,10,8,Dirichlet (α=10.0),0.0,3.0,0.96734230378906
iris,10,8,Dirichlet (α=1.0),0.0,2.8,0.7835623413298027
iris,10,8,Dirichlet (α=0.5),0.1,2.5,0.6549090884380452
iris,10,8,Dirichlet (α=0.1),0.4,1.1,0.15596336047148568
iris,10,8,Forcé (1 classe/client),1.0,1.0,0.0
iris,10,9,IID,0.0,3.0,0.9589379458258485
iris,10,9,Dirichlet (α=10.0),0.0,3.0,0.9818522991586554
iris,10,9,Dirichlet (α=1.0),0.0,2.9,0.7892431773740982
iris,10,9,Dirichlet (α=0.5),0.0,2.9,0.8668664892632618
iris,10,9,Dirichlet (α=0.1),0.6,1.5,0.22925073329519777
iris,10,9,Forcé (1 classe/client),1.0,1.0,0.0
iris,10,10,IID,0.0,3.0,0.9580687727223716
iris,10,10,Dirichlet (α=10.0),0.0,3.0,0.9413902036616217
iris,10,10,Dirichlet (α=1.0),0.0,2.7,0.710926213524105
iris,10,10,Dirichlet (α=0.5),0.0,2.6,0.6907736630833399
iris,10,10,Dirichlet (α=0.1),0.3,1.4,0.3070835453302504
iris,10,10,Forcé (1 classe/client),1.0,1.0,0.0
iris,10,11,IID,0.0,3.0,0.968974054279878
iris,10,11,Dirichlet (α=10.0),0.0,3.0,0.9726302921738963
iris,10,11,Dirichlet (α=1.0),0.1,2.8,0.6825313186658462
iris,10,11,Dirichlet (α=0.5),0.0,2.7,0.7844982698276599
iris,10,11,Dirichlet (α=0.1),0.4,1.1,0.1752624436860502
iris,10,11,Forcé (1 classe/client),1.0,1.0,0.0
iris,10,12,IID,0.0,3.0,0.9377718800167948
iris,10,12,Dirichlet (α=10.0),0.0,3.0,0.9602505075017799
iris,10,12,Dirichlet (α=1.0),0.0,2.9,0.8070765224216336
iris,10,12,Dirichlet (α=0.5),0.0,2.7,0.6179576536864341
iris,10,12,Dirichlet (α=0.1),0.6,1.3,0.1214114099334505
iris,10,12,Forcé (1 classe/client),1.0,1.0,0.0
iris,10,13,IID,0.0,3.0,0.9267360666286566
iris,10,13,Dirichlet (α=10.0),0.0,3.0,0.9700133234683257
iris,10,13,Dirichlet (α=1.0),0.0,2.6,0.7521822618446304
iris,10,13,Dirichlet (α=0.5),0.2,2.3,0.5168692456547351
iris,10,13,Dirichlet (α=0.1),0.4,1.3,0.16056152890129788
iris,10,13,Forcé (1 classe/client),1.0,1.0,0.0
iris,10,14,IID,0.0,3.0,0.929029864089632
iris,10,14,Dirichlet (α=10.0),0.0,3.0,0.9777847969065976
iris,10,14,Dirichlet (α=1.0),0.0,2.8,0.7583582882434748
iris,10,14,Dirichlet (α=0.5),0.0,2.3,0.5108498205577738
iris,10,14,Dirichlet (α=0.1),0.4,1.1,0.21255801691414908
iris,10,14,Forcé (1 classe/client),1.0,1.0,0.0
iris,10,15,IID,0.0,3.0,0.940970864246425
iris,10,15,Dirichlet (α=10.0),0.0,3.0,0.9470091326175452
iris,10,15,Dirichlet (α=1.0),0.1,2.8,0.7194395456869846
iris,10,15,Dirichlet (α=0.5),0.1,2.3,0.5293547984450796
iris,10,15,Dirichlet (α=0.1),0.4,1.7,0.30626738173281226
iris,10,15,Forcé (1 classe/client),1.0,1.0,0.0
iris,10,16,IID,0.0,3.0,0.9140802028572207
iris,10,16,Dirichlet (α=10.0),0.0,3.0,0.9695421755867393
iris,10,16,Dirichlet (α=1.0),0.0,2.8,0.741882715195846
iris,10,16,Dirichlet (α=0.5),0.1,2.4,0.625822161817103
iris,10,16,Dirichlet (α=0.1),0.3,1.5,0.2399124725342145
iris,10,16,Forcé (1 classe/client),1.0,1.0,0.0
iris,10,17,IID,0.0,3.0,0.957198905263146
iris,10,17,Dirichlet (α=10.0),0.0,3.0,0.9730654203366488
iris,10,17,Dirichlet (α=1.0),0.0,2.8,0.8211326417386783
iris,10,17,Dirichlet (α=0.5),0.2,2.5,0.5583061344889184
iris,10,17,Dirichlet (α=0.1),0.7,1.2,0.13471328816876083
iris,10,17,Forcé (1 classe/client),1.0,1.0,0.0
iris,10,18,IID,0.0,3.0,0.9692471693272523
iris,10,18,Dirichlet (α=10.0),0.0,3.0,0.9498031778574585
iris,10,18,Dirichlet (α=1.0),0.0,2.8,0.7427641093399255
iris,10,18,Dirichlet (α=0.5),0.0,2.6,0.6694797940518835
iris,10,18,Dirichlet (α=0.1),0.2,1.2,0.1438031460886683
iris,10,18,Forcé (1 classe/client),1.0,1.0,0.0
iris,10,19,IID,0.0,3.0,0.9035991463673556
iris,10,19,Dirichlet (α=10.0),0.0,3.0,0.9839691047240666
iris,10,19,Dirichlet (α=1.0),0.0,3.0,0.8388155350650063
iris,10,19,Dirichlet (α=0.5),0.0,2.4,0.6199872174150012
iris,10,19,Dirichlet (α=0.1),0.3,1.6,0.2664795101527958
iris,10,19,Forcé (1 classe/client),1.0,1.0,0.0
iris,10,20,IID,0.0,3.0,0.9583910213753513
iris,10,20,Dirichlet (α=10.0),0.0,3.0,0.976817251709095
iris,10,20,Dirichlet (α=1.0),0.1,2.7,0.7025771361511814
iris,10,20,Dirichlet (α=0.5),0.0,2.4,0.566849853246969
iris,10,20,Dirichlet (α=0.1),0.4,0.9,0.1495078906582673
iris,10,20,Forcé (1 classe/client),1.0,1.0,0.0
iris,10,21,IID,0.0,3.0,0.9339150460729082
iris,10,21,Dirichlet (α=10.0),0.0,3.0,0.9721080610779215
iris,10,21,Dirichlet (α=1.0),0.0,2.7,0.7682079309951122
iris,10,21,Dirichlet (α=0.5),0.1,2.3,0.5376252928078674
iris,10,21,Dirichlet (α=0.1),0.3,1.2,0.269339945086922
iris,10,21,Forcé (1 classe/client),1.0,1.0,0.0
iris,10,22,IID,0.0,3.0,0.9318154705470991
iris,10,22,Dirichlet (α=10.0),0.0,3.0,0.9673391436002335
iris,10,22,Dirichlet (α=1.0),0.0,3.0,0.8109050584419215
iris,10,22,Dirichlet (α=0.5),0.1,2.3,0.5518592244549527
iris,10,22,Dirichlet (α=0.1),0.5,1.5,0.2345267432318054
iris,10,22,Forcé (1 classe/client),1.0,1.0,0.0
iris,10,23,IID,0.0,3.0,0.9634436806348938
iris,10,23,Dirichlet (α=10.0),0.0,3.0,0.9722548330931012
iris,10,23,Dirichlet (α=1.0),0.0,2.8,0.818763006182383
iris,10,23,Dirichlet (α=0.5),0.1,2.5,0.6984070496581888
iris,10,23,Dirichlet (α=0.1),0.3,1.7,0.302084499713811
iris,10,23,Forcé (1 classe/client),1.0,1.0,0.0
iris,10,24,IID,0.0,3.0,0.9446923009126014
iris,10,24,Dirichlet (α=10.0),0.0,3.0,0.9833085424532442
iris,10,24,Dirichlet (α=1.0),0.0,2.9,0.8541512503394013
iris,10,24,Dirichlet (α=0.5),0.2,2.4,0.5061457483318119
iris,10,24,Dirichlet (α=0.1),0.1,1.6,0.324881662554179
iris,10,24,Forcé (1 classe/client),1.0,1.0,0.0
iris,10,25,IID,0.0,3.0,0.9298026205812742
iris,10,25,Dirichlet (α=10.0),0.0,3.0,0.9789410010720363
iris,10,25,Dirichlet (α=1.0),0.0,2.8,0.7923184926957607
iris,10,25,Dirichlet (α=0.5),0.0,2.7,0.788608997817982
iris,10,25,Dirichlet (α=0.1),0.5,1.6,0.271058701303094
iris,10,25,Forcé (1 classe/client),1.0,1.0,0.0
iris,10,26,IID,0.0,3.0,0.9395722901920778
iris,10,26,Dirichlet (α=10.0),0.0,3.0,0.96837727349998
iris,10,26,Dirichlet (α=1.0),0.1,2.8,0.7384709275030001
iris,10,26,Dirichlet (α=0.5),0.1,2.4,0.5493244312837573
iris,10,26,Dirichlet (α=0.1),0.5,1.4,0.19677452328211772
iris,10,26,Forcé (1 classe/client),1.0,1.0,0.0
iris,10,27,IID,0.0,3.0,0.9477023506997166
iris,10,27,Dirichlet (α=10.0),0.0,3.0,0.9690919516994987
iris,10,27,Dirichlet (α=1.0),0.1,2.7,0.801981070488055
iris,10,27,Dirichlet (α=0.5),0.0,2.3,0.5684522318552371
iris,10,27,Dirichlet (α=0.1),0.5,1.5,0.2506404975804827
iris,10,27,Forcé (1 classe/client),1.0,1.0,0.0
iris,10,28,IID,0.0,3.0,0.9040662414619071
iris,10,28,Dirichlet (α=10.0),0.0,3.0,0.9711262425849222
iris,10,28,Dirichlet (α=1.0),0.1,2.6,0.6874592689467198
iris,10,28,Dirichlet (α=0.5),0.2,2.4,0.5127404762918406
iris,10,28,Dirichlet (α=0.1),0.3,1.5,0.29026232437644095
iris,10,28,Forcé (1 classe/client),1.0,1.0,0.0
iris,10,29,IID,0.0,3.0,0.9276610495418873
iris,10,29,Dirichlet (α=10.0),0.0,3.0,0.9757643070003679
iris,10,29,Dirichlet (α=1.0),0.2,2.4,0.5641906358015653
iris,10,29,Dirichlet (α=0.5),0.1,2.1,0.5363134912529246
iris,10,29,Dirichlet (α=0.1),0.4,1.5,0.33275028643600885
iris,10,29,Forcé (1 classe/client),1.0,1.0,0.0
iris,20,0,IID,0.0,2.9,0.8729846972301327
iris,20,0,Dirichlet (α=10.0),0.0,3.0,0.9677955917763541
iris,20,0,Dirichlet (α=1.0),0.1,2.55,0.6596111676581004
iris,20,0,Dirichlet (α=0.5),0.25,2.2,0.5413430661893984
iris,20,0,Dirichlet (α=0.1),0.5,1.3,0.2252964305185005
iris,20,0,Forcé (1 classe/client),1.0,1.0,0.0
iris,20,1,IID,0.0,2.95,0.8929916017520412
iris,20,1,Dirichlet (α=10.0),0.0,3.0,0.9657075086391457
iris,20,1,Dirichlet (α=1.0),0.1,2.55,0.7227559838664168
iris,20,1,Dirichlet (α=0.5),0.1,2.35,0.6135511306107668
iris,20,1,Dirichlet (α=0.1),0.25,1.35,0.27267528855816947
iris,20,1,Forcé (1 classe/client),1.0,1.0,0.0
iris,20,2,IID,0.0,2.9,0.8877142945069216
iris,20,2,Dirichlet (α=10.0),0.0,3.0,0.9647228229245426
iris,20,2,Dirichlet (α=1.0),0.0,2.55,0.6970046382268407
iris,20,2,Dirichlet (α=0.5),0.2,2.1,0.504635099687772
iris,20,2,Dirichlet (α=0.1),0.3,1.1,0.21870716985416414
iris,20,2,Forcé (1 classe/client),1.0,1.0,0.0
iris,20,3,IID,0.0,3.0,0.9231821038121201
iris,20,3,Dirichlet (α=10.0),0.0,3.0,0.9699146630854069
iris,20,3,Dirichlet (α=1.0),0.1,2.5,0.7030070513854472
iris,20,3,Dirichlet (α=0.5),0.3,2.1,0.47958414667897176
iris,20,3,Dirichlet (α=0.1),0.3,1.15,0.23654842666288034
iris,20,3,Forcé (1 classe/client),1.0,1.0,0.0
iris,20,4,IID,0.0,2.85,0.8849366419817647
iris,20,4,Dirichlet (α=10.0),0.0,2.95,0.9445595214635178
iris,20,4,Dirichlet (α=1.0),0.05,2.65,0.7271366352470843
iris,20,4,Dirichlet (α=0.5),0.1,2.3,0.616908824246005
iris,20,4,Dirichlet (α=0.1),0.15,1.4,0.33704972348701623
iris,20,4,Forcé (1 classe/client),1.0,1.0,0.0
iris,20,5,IID,0.0,2.95,0.8925773270960798
iris,20,5,Dirichlet (α=10.0),0.0,2.95,0.9413335604366321
iris,20,5,Dirichlet (α=1.0),0.05,2.5,0.6958949087824289
iris,20,5,Dirichlet (α=0.5),0.2,2.05,0.46491729917084845
iris,20,5,Dirichlet (α=0.1),0.45,1.3,0.20277283654851413
iris,20,5,Forcé (1 classe/client),1.0,1.0,0.0
iris,20,6,IID,0.0,2.75,0.8033732903645857
iris,20,6,Dirichlet (α=10.0),0.0,3.0,0.9563686154176347
iris,20,6,Dirichlet (α=1.0),0.15,2.4,0.6649470620987419
iris,20,6,Dirichlet (α=0.5),0.25,2.25,0.534349447975843
iris,20,6,Dirichlet (α=0.1),0.3,1.35,0.22713679448132923
iris,20,6,Forcé (1 classe/client),1.0,1.0,0.0
iris,20,7,IID,0.0,2.85,0.8634631504444157
iris,20,7,Dirichlet (α=10.0),0.0,3.0,0.9620392259348212
iris,20,7,Dirichlet (α=1.0),0.1,2.5,0.6497945683781973
iris,20,7,Dirichlet (α=0.5),0.2,2.0,0.44392441901584456
iris,20,7,Dirichlet (α=0.1),0.25,1.35,0.26303087918053436
iris,20,7,Forcé (1 classe/client),1.0,1.0,0.0
iris,20,8,IID,0.0,2.85,0.8454582513787189
iris,20,8,Dirichlet (α=10.0),0.0,3.0,0.9553419268770733
iris,20,8,Dirichlet (α=1.0),0.15,2.5,0.6742760586921086
iris,20,8,Dirichlet (α=0.5),0.35,1.7,0.3700278108298974
iris,20,8,Dirichlet (α=0.1),0.6,1.2,0.13257535308306886
iris,20,8,Forcé (1 classe/client),1.0,1.0,0.0
iris,20,9,IID,0.0,2.9,0.8724623147845518
iris,20,9,Dirichlet (α=10.0),0.0,3.0,0.9669725448467498
iris,20,9,Dirichlet (α=1.0),0.05,2.55,0.7253657144411421
iris,20,9,Dirichlet (α=0.5),0.15,2.1,0.47801726074156664
iris,20,9,Dirichlet (α=0.1),0.2,1.2,0.2354379133535352
iris,20,9,Forcé (1 classe/client),1.0,1.0,0.0
iris,20,10,IID,0.0,2.95,0.8847045359039566
iris,20,10,Dirichlet (α=10.0),0.0,3.0,0.976401837941976
iris,20,10,Dirichlet (α=1.0),0.1,2.6,0.7410344934602032
iris,20,10,Dirichlet (α=0.5),0.3,2.25,0.5694052494503534
iris,20,10,Dirichlet (α=0.1),0.3,1.1,0.16233481737785754
iris,20,10,Forcé (1 classe/client),1.0,1.0,0.0
iris,20,11,IID,0.0,2.8,0.8725382878044746
iris,20,11,Dirichlet (α=10.0),0.0,3.0,0.9691184774725838
iris,20,11,Dirichlet (α=1.0),0.05,2.55,0.7227109235394767
iris,20,11,Dirichlet (α=0.5),0.1,2.35,0.6489439509168694
iris,20,11,Dirichlet (α=0.1),0.4,1.1,0.16014895141294602
iris,20,11,Forcé (1 classe/client),1.0,1.0,0.0
iris,20,12,IID,0.0,2.75,0.8458406783912056
iris,20,12,Dirichlet (α=10.0),0.0,3.0,0.9679832572565392
iris,20,12,Dirichlet (α=1.0),0.0,2.6,0.7702782145306255
iris,20,12,Dirichlet (α=0.5),0.25,2.3,0.5497088288471433
iris,20,12,Dirichlet (α=0.1),0.35,1.1,0.13834919228230158
iris,20,12,Forcé (1 classe/client),1.0,1.0,0.0
iris,20,13,IID,0.0,2.9,0.8757569714683602
iris,20,13,Dirichlet (α=10.0),0.0,3.0,0.970598775432648
iris,20,13,Dirichlet (α=1.0),0.05,2.75,0.8099031083657593
iris,20,13,Dirichlet (α=0.5),0.05,2.25,0.6371640138050209
iris,20,13,Dirichlet (α=0.1),0.35,1.0,0.11758451443542932
iris,20,13,Forcé (1 classe/client),1.0,1.0,0.0
iris,20,14,IID,0.0,3.0,0.8859912647684027
iris,20,14,Dirichlet (α=10.0),0.0,3.0,0.9566713389799292
iris,20,14,Dirichlet (α=1.0),0.15,2.5,0.6707858987336394
iris,20,14,Dirichlet (α=0.5),0.2,2.3,0.5790254379519814
iris,20,14,Dirichlet (α=0.1),0.45,1.15,0.19079857570988207
iris,20,14,Forcé (1 classe/client),1.0,1.0,0.0
iris,20,15,IID,0.0,2.95,0.9117392913248825
iris,20,15,Dirichlet (α=10.0),0.0,2.9,0.9402206614552879
iris,20,15,Dirichlet (α=1.0),0.05,2.3,0.6460802466459186
iris,20,15,Dirichlet (α=0.5),0.35,2.15,0.5104343017949249
iris,20,15,Dirichlet (α=0.1),0.3,1.05,0.14723734252371293
iris,20,15,Forcé (1 classe/client),1.0,1.0,0.0
iris,20,16,IID,0.0,2.9,0.895060804191251
iris,20,16,Dirichlet (α=10.0),0.0,3.0,0.9565914673962338
iris,20,16,Dirichlet (α=1.0),0.05,2.6,0.7207859712219357
iris,20,16,Dirichlet (α=0.5),0.05,2.4,0.665345268352292
iris,20,16,Dirichlet (α=0.1),0.3,1.15,0.2321001354327826
iris,20,16,Forcé (1 classe/client),1.0,1.0,0.0
iris,20,17,IID,0.0,2.95,0.8890856630178773
iris,20,17,Dirichlet (α=10.0),0.0,3.0,0.9595070738060452
iris,20,17,Dirichlet (α=1.0),0.15,2.55,0.686752727491162
iris,20,17,Dirichlet (α=0.5),0.15,2.2,0.5461952945840778
iris,20,17,Dirichlet (α=0.1),0.3,1.45,0.2693544499014578
iris,20,17,Forcé (1 classe/client),1.0,1.0,0.0
iris,20,18,IID,0.0,2.95,0.899386902644809
iris,20,18,Dirichlet (α=10.0),0.0,2.9,0.935271080519074
iris,20,18,Dirichlet (α=1.0),0.15,2.45,0.666656622069147
iris,20,18,Dirichlet (α=0.5),0.2,2.1,0.49442539366764926
iris,20,18,Dirichlet (α=0.1),0.3,1.2,0.21347941383912516
iris,20,18,Forcé (1 classe/client),1.0,1.0,0.0
iris,20,19,IID,0.0,2.8,0.8693042212481277
iris,20,19,Dirichlet (α=10.0),0.0,3.0,0.9727708354197567
iris,20,19,Dirichlet (α=1.0),0.1,2.55,0.7197311019823647
iris,20,19,Dirichlet (α=0.5),0.15,2.25,0.5907149574814587
iris,20,19,Dirichlet (α=0.1),0.65,1.15,0.14071738782247442
iris,20,19,Forcé (1 classe/client),1.0,1.0,0.0
iris,20,20,IID,0.0,2.95,0.8847013578042425
iris,20,20,Dirichlet (α=10.0),0.0,3.0,0.9542177015318913
iris,20,20,Dirichlet (α=1.0),0.15,2.5,0.6740302006436449
iris,20,20,Dirichlet (α=0.5),0.1,2.1,0.5813263630760382
iris,20,20,Dirichlet (α=0.1),0.35,1.25,0.21832624938010156
iris,20,20,Forcé (1 classe/client),1.0,1.0,0.0
iris,20,21,IID,0.0,2.75,0.7982811248273962
iris,20,21,Dirichlet (α=10.0),0.0,3.0,0.9732120181400707
iris,20,21,Dirichlet (α=1.0),0.1,2.5,0.6323095086429781
iris,20,21,Dirichlet (α=0.5),0.25,2.1,0.5206789765941511
iris,20,21,Dirichlet (α=0.1),0.4,1.3,0.23741202235044953
iris,20,21,Forcé (1 classe/client),1.0,1.0,0.0
iris,20,22,IID,0.0,2.85,0.873341956394907
iris,20,22,Dirichlet (α=10.0),0.0,3.0,0.9738902725622044
iris,20,22,Dirichlet (α=1.0),0.1,2.45,0.6392400192509102
iris,20,22,Dirichlet (α=0.5),0.15,2.15,0.546597667353222
iris,20,22,Dirichlet (α=0.1),0.3,1.2,0.18333131241814896
iris,20,22,Forcé (1 classe/client),1.0,1.0,0.0
iris,20,23,IID,0.0,3.0,0.9116314706614848
iris,20,23,Dirichlet (α=10.0),0.0,3.0,0.9589649488214389
iris,20,23,Dirichlet (α=1.0),0.1,2.55,0.6995891094275806
iris,20,23,Dirichlet (α=0.5),0.3,2.0,0.47333121026566227
iris,20,23,Dirichlet (α=0.1),0.25,1.35,0.25988245433848506
iris,20,23,Forcé (1 classe/client),1.0,1.0,0.0
iris,20,24,IID,0.0,2.9,0.8753269903236026
iris,20,24,Dirichlet (α=10.0),0.0,3.0,0.964752229040236
iris,20,24,Dirichlet (α=1.0),0.1,2.55,0.6616484789816098
iris,20,24,Dirichlet (α=0.5),0.2,2.0,0.4837157952392791
iris,20,24,Dirichlet (α=0.1),0.35,1.0,0.13610226442844864
iris,20,24,Forcé (1 classe/client),1.0,1.0,0.0
iris,20,25,IID,0.0,2.9,0.8836168369052364
iris,20,25,Dirichlet (α=10.0),0.0,3.0,0.9779809313224863
iris,20,25,Dirichlet (α=1.0),0.1,2.3,0.6179547666419978
iris,20,25,Dirichlet (α=0.5),0.25,2.1,0.5304764346785146
iris,20,25,Dirichlet (α=0.1),0.2,1.3,0.27841292096891096
iris,20,25,Forcé (1 classe/client),1.0,1.0,0.0
iris,20,26,IID,0.0,2.9,0.883315871439545
iris,20,26,Dirichlet (α=10.0),0.0,3.0,0.9696167631062677
iris,20,26,Dirichlet (α=1.0),0.1,2.7,0.7700264844377716
iris,20,26,Dirichlet (α=0.5),0.15,2.1,0.5752296930125503
iris,20,26,Dirichlet (α=0.1),0.25,0.9,0.11260873937127687
iris,20,26,Forcé (1 classe/client),1.0,1.0,0.0
iris,20,27,IID,0.0,2.95,0.9023246975300078
iris,20,27,Dirichlet (α=10.0),0.0,3.0,0.9622968728203636
iris,20,27,Dirichlet (α=1.0),0.2,2.4,0.6292955359669327
iris,20,27,Dirichlet (α=0.5),0.1,2.35,0.619033948133488
iris,20,27,Dirichlet (α=0.1),0.4,1.05,0.11204227295982343
iris,20,27,Forcé (1 classe/client),1.0,1.0,0.0
iris,20,28,IID,0.0,2.85,0.8692329784928605
iris,20,28,Dirichlet (α=10.0),0.0,2.95,0.9376651174916815
iris,20,28,Dirichlet (α=1.0),0.1,2.55,0.6953937155333687
iris,20,28,Dirichlet (α=0.5),0.15,2.4,0.6141758847189237
iris,20,28,Dirichlet (α=0.1),0.25,0.85,0.1610858687180146
iris,20,28,Forcé (1 classe/client),1.0,1.0,0.0
iris,20,29,IID,0.0,3.0,0.9135775433146657
iris,20,29,Dirichlet (α=10.0),0.0,3.0,0.9620933715014394
iris,20,29,Dirichlet (α=1.0),0.1,2.45,0.6808426321545946
iris,20,29,Dirichlet (α=0.5),0.3,2.1,0.49193116712023033
iris,20,29,Dirichlet (α=0.1),0.35,1.25,0.25572669310845664
iris,20,29,Forcé (1 classe/client),1.0,1.0,0.0
iris,50,0,IID,0.02,2.26,0.6855661149999864
iris,50,0,Dirichlet (α=10.0),0.22,2.28,0.6650123641080192
iris,50,0,Dirichlet (α=1.0),0.2,1.86,0.5157582900385286
iris,50,0,Dirichlet (α=0.5),0.32,1.62,0.39314471839401477
iris,50,0,Dirichlet (α=0.1),0.38,0.82,0.1133011653422011
iris,50,0,Forcé (1 classe/client),1.0,1.0,0.0
iris,50,1,IID,0.04,2.2,0.6571537182857002
iris,50,1,Dirichlet (α=10.0),0.2,2.28,0.6643391184863784
iris,50,1,Dirichlet (α=1.0),0.3,1.94,0.5132789184823024
iris,50,1,Dirichlet (α=0.5),0.32,1.58,0.37834576930781516
iris,50,1,Dirichlet (α=0.1),0.32,0.82,0.1436243357546432
iris,50,1,Forcé (1 classe/client),1.0,1.0,0.0
iris,50,2,IID,0.08,2.24,0.6676280985714169
iris,50,2,Dirichlet (α=10.0),0.1,2.22,0.6807207265367384
iris,50,2,Dirichlet (α=1.0),0.18,1.96,0.5489241680195317
iris,50,2,Dirichlet (α=0.5),0.3,1.6,0.37762775287905626
iris,50,2,Dirichlet (α=0.1),0.36,1.0,0.19130493380600797
iris,50,2,Forcé (1 classe/client),1.0,1.0,0.0
iris,50,3,IID,0.2,2.04,0.5644528919999892
iris,50,3,Dirichlet (α=10.0),0.24,2.2,0.6331165674646597
iris,50,3,Dirichlet (α=1.0),0.18,1.86,0.5064262231502957
iris,50,3,Dirichlet (α=0.5),0.36,1.78,0.4180842554294746
iris,50,3,Dirichlet (α=0.1),0.38,0.94,0.1771784136772394
iris,50,3,Forcé (1 classe/client),1.0,1.0,0.0
iris,50,4,IID,0.1,2.2,0.6476280985714169
iris,50,4,Dirichlet (α=10.0),0.18,2.3,0.6751027358215194
iris,50,4,Dirichlet (α=1.0),0.24,1.88,0.513204582345255
iris,50,4,Dirichlet (α=0.5),0.3,1.68,0.40273990100014645
iris,50,4,Dirichlet (α=0.1),0.34,0.92,0.15680906103470538
iris,50,4,Forcé (1 classe/client),1.0,1.0,0.0
iris,50,5,IID,0.08,2.14,0.6255661149999864
iris,50,5,Dirichlet (α=10.0),0.14,2.32,0.6998970372862352
iris,50,5,Dirichlet (α=1.0),0.24,1.94,0.5189682916094074
iris,50,5,Dirichlet (α=0.5),0.3,1.68,0.42407169720846205
iris,50,5,Dirichlet (α=0.1),0.24,0.78,0.14135138987313772
iris,50,5,Forcé (1 classe/client),1.0,1.0,0.0
iris,50,6,IID,0.12,2.18,0.6360404952857031
iris,50,6,Dirichlet (α=10.0),0.18,2.3,0.6779505010361677
iris,50,6,Dirichlet (α=1.0),0.3,2.08,0.554048424195774
iris,50,6,Dirichlet (α=0.5),0.36,1.7,0.41370874982373523
iris,50,6,Dirichlet (α=0.1),0.3,0.96,0.1973976707787992
iris,50,6,Forcé (1 classe/client),1.0,1.0,0.0
iris,50,7,IID,0.08,2.06,0.591916528142842
iris,50,7,Dirichlet (α=10.0),0.16,2.32,0.6969212628715036
iris,50,7,Dirichlet (α=1.0),0.26,1.94,0.5189711232543235
iris,50,7,Dirichlet (α=0.5),0.36,1.64,0.3823894571895439
iris,50,7,Dirichlet (α=0.1),0.26,0.92,0.18418534954295418
iris,50,7,Forcé (1 classe/client),1.0,1.0,0.0
iris,50,8,IID,0.12,2.02,0.5687413215714142
iris,50,8,Dirichlet (α=10.0),0.32,2.18,0.5915636637863755
iris,50,8,Dirichlet (α=1.0),0.18,1.84,0.5087956840328716
iris,50,8,Dirichlet (α=0.5),0.22,1.62,0.42108614239037195
iris,50,8,Dirichlet (α=0.1),0.32,0.94,0.17537318596507595
iris,50,8,Forcé (1 classe/client),1.0,1.0,0.0
iris,50,9,IID,0.1,2.18,0.6392157018571308
iris,50,9,Dirichlet (α=10.0),0.14,2.28,0.6867154147150961
iris,50,9,Dirichlet (α=1.0),0.3,2.04,0.5447430889574473
iris,50,9,Dirichlet (α=0.5),0.32,1.58,0.3782261086860044
iris,50,9,Dirichlet (α=0.1),0.32,0.92,0.1646538774707167
iris,50,9,Forcé (1 classe/client),1.0,1.0,0.0
iris,50,10,IID,0.06,2.22,0.6623909084285586
iris,50,10,Dirichlet (α=10.0),0.24,2.24,0.643311038000449
iris,50,10,Dirichlet (α=1.0),0.28,1.7,0.4232636281882798
iris,50,10,Dirichlet (α=0.5),0.34,1.7,0.4171860457558117
iris,50,10,Dirichlet (α=0.1),0.26,0.84,0.15871472448374738
iris,50,10,Forcé (1 classe/client),1.0,1.0,0.0
iris,50,11,IID,0.12,2.14,0.6192157018571308
iris,50,11,Dirichlet (α=10.0),0.12,2.22,0.6740624167363071
iris,50,11,Dirichlet (α=1.0),0.26,1.88,0.49855822877119765
iris,50,11,Dirichlet (α=0.5),0.28,1.66,0.42227281204545375
iris,50,11,Dirichlet (α=0.1),0.34,0.9,0.15142827706274142
iris,50,11,Forcé (1 classe/client),1.0,1.0,0.0
iris,50,12,IID,0.14,2.14,0.616040495285703
iris,50,12,Dirichlet (α=10.0),0.14,2.22,0.6669921164651675
iris,50,12,Dirichlet (α=1.0),0.28,2.02,0.5333985148172216
iris,50,12,Dirichlet (α=0.5),0.38,1.68,0.3941015373051922
iris,50,12,Dirichlet (α=0.1),0.38,0.98,0.17733042394175705
iris,50,12,Forcé (1 classe/client),1.0,1.0,0.0
iris,50,13,IID,0.06,2.22,0.6623909084285586
iris,50,13,Dirichlet (α=10.0),0.22,2.22,0.6374335507645056
iris,50,13,Dirichlet (α=1.0),0.16,1.98,0.5700869432903025
iris,50,13,Dirichlet (α=0.5),0.22,1.82,0.4859229256994426
iris,50,13,Dirichlet (α=0.1),0.32,0.88,0.15313042652677392
iris,50,13,Forcé (1 classe/client),1.0,1.0,0.0
iris,50,14,IID,0.08,2.14,0.6255661149999864
iris,50,14,Dirichlet (α=10.0),0.14,2.42,0.7351753430362344
iris,50,14,Dirichlet (α=1.0),0.26,1.96,0.5238239499281253
iris,50,14,Dirichlet (α=0.5),0.22,1.66,0.44029251592323065
iris,50,14,Dirichlet (α=0.1),0.42,0.92,0.15597861353379552
iris,50,14,Forcé (1 classe/client),1.0,1.0,0.0
iris,50,15,IID,0.08,2.18,0.6423909084285586
iris,50,15,Dirichlet (α=10.0),0.16,2.28,0.6806481193220233
iris,50,15,Dirichlet (α=1.0),0.14,1.9,0.5374824557213099
iris,50,15,Dirichlet (α=0.5),0.3,1.64,0.4061958562913275
iris,50,15,Dirichlet (α=0.1),0.32,0.78,0.13120668390937842
iris,50,15,Forcé (1 classe/client),1.0,1.0,0.0
iris,50,16,IID,0.04,2.18,0.6487413215714142
iris,50,16,Dirichlet (α=10.0),0.2,2.28,0.6637445993790944
iris,50,16,Dirichlet (α=1.0),0.24,1.76,0.46169008577493587
iris,50,16,Dirichlet (α=0.5),0.32,1.5,0.3492445749635483
iris,50,16,Dirichlet (α=0.1),0.34,0.78,0.14015525562864595
iris,50,16,Forcé (1 classe/client),1.0,1.0,0.0
iris,50,17,IID,0.1,2.02,0.571916528142842
iris,50,17,Dirichlet (α=10.0),0.26,2.18,0.6194573566079484
iris,50,17,Dirichlet (α=1.0),0.3,1.94,0.5069331842648576
iris,50,17,Dirichlet (α=0.5),0.24,1.68,0.44077495258612037
iris,50,17,Dirichlet (α=0.1),0.24,0.96,0.21108977797223286
iris,50,17,Forcé (1 classe/client),1.0,1.0,0.0
iris,50,18,IID,0.1,2.08,0.5971537182857003
iris,50,18,Dirichlet (α=10.0),0.22,2.26,0.6533014140008823
iris,50,18,Dirichlet (α=1.0),0.2,2.02,0.5700991096752955
iris,50,18,Dirichlet (α=0.5),0.3,1.62,0.3960158207650604
iris,50,18,Dirichlet (α=0.1),0.22,1.0,0.2346534646796139
iris,50,18,Forcé (1 classe/client),1.0,1.0,0.0
iris,50,19,IID,0.18,1.94,0.5255661149999864
iris,50,19,Dirichlet (α=10.0),0.12,2.24,0.6785418121435961
iris,50,19,Dirichlet (α=1.0),0.2,1.9,0.5244805411407986
iris,50,19,Dirichlet (α=0.5),0.26,1.56,0.3891253660464988
iris,50,19,Dirichlet (α=0.1),0.3,0.96,0.1830177452328703
iris,50,19,Forcé (1 classe/client),1.0,1.0,0.0
iris,50,20,IID,0.08,2.16,0.6339785117142724
iris,50,20,Dirichlet (α=10.0),0.16,2.26,0.6749333408935928
iris,50,20,Dirichlet (α=1.0),0.28,1.96,0.511896273466277
iris,50,20,Dirichlet (α=0.5),0.22,1.58,0.39731447774547635
iris,50,20,Dirichlet (α=0.1),0.34,0.84,0.13487713596023093
iris,50,20,Forcé (1 classe/client),1.0,1.0,0.0
iris,50,21,IID,0.16,2.12,0.6044528919999891
iris,50,21,Dirichlet (α=10.0),0.18,2.12,0.6246945467508067
iris,50,21,Dirichlet (α=1.0),0.22,1.92,0.5164766919527594
iris,50,21,Dirichlet (α=0.5),0.24,1.82,0.48531163749582895
iris,50,21,Dirichlet (α=0.1),0.28,0.96,0.19598659063964466
iris,50,21,Forcé (1 classe/client),1.0,1.0,0.0
iris,50,22,IID,0.1,2.16,0.6308033051428447
iris,50,22,Dirichlet (α=10.0),0.14,2.22,0.6685024501575063
iris,50,22,Dirichlet (α=1.0),0.16,1.96,0.5534023821266495
iris,50,22,Dirichlet (α=0.5),0.3,1.7,0.41615114323554314
iris,50,22,Dirichlet (α=0.1),0.32,0.82,0.1424794548158806
iris,50,22,Forcé (1 classe/client),1.0,1.0,0.0
iris,50,23,IID,0.14,2.04,0.5739785117142725
iris,50,23,Dirichlet (α=10.0),0.22,2.26,0.6525535399649499
iris,50,23,Dirichlet (α=1.0),0.3,1.8,0.456199733457192
iris,50,23,Dirichlet (α=0.5),0.4,1.64,0.36694546607450973
iris,50,23,Dirichlet (α=0.1),0.4,0.8,0.1254336503510878
iris,50,23,Forcé (1 classe/client),1.0,1.0,0.0
iris,50,24,IID,0.08,2.16,0.6339785117142724
iris,50,24,Dirichlet (α=10.0),0.1,2.38,0.7326739489072195
iris,50,24,Dirichlet (α=1.0),0.28,1.92,0.5049228723079193
iris,50,24,Dirichlet (α=0.5),0.36,1.68,0.3875736203764925
iris,50,24,Dirichlet (α=0.1),0.32,0.8,0.13539545881720066
iris,50,24,Forcé (1 classe/client),1.0,1.0,0.0
iris,50,25,IID,0.06,2.2,0.6539785117142725
iris,50,25,Dirichlet (α=10.0),0.18,2.24,0.6559296330718783
iris,50,25,Dirichlet (α=1.0),0.12,1.88,0.5304488345542665
iris,50,25,Dirichlet (α=0.5),0.22,1.8,0.4666991623386877
iris,50,25,Dirichlet (α=0.1),0.3,0.96,0.1770665527619035
iris,50,25,Forcé (1 classe/client),1.0,1.0,0.0
iris,50,26,IID,0.1,2.16,0.6308033051428447
iris,50,26,Dirichlet (α=10.0),0.18,2.24,0.6539422779147395
iris,50,26,Dirichlet (α=1.0),0.24,1.92,0.5223555520538297
iris,50,26,Dirichlet (α=0.5),0.28,1.74,0.4559829435084438
iris,50,26,Dirichlet (α=0.1),0.38,1.06,0.19677310250202076
iris,50,26,Forcé (1 classe/client),1.0,1.0,0.0
iris,50,27,IID,0.22,2.04,0.5612776854285613
iris,50,27,Dirichlet (α=10.0),0.16,2.16,0.6390573080364538
iris,50,27,Dirichlet (α=1.0),0.34,1.76,0.44300925400604446
iris,50,27,Dirichlet (α=0.5),0.2,1.8,0.48661553226072596
iris,50,27,Dirichlet (α=0.1),0.38,0.9,0.1516754948339279
iris,50,27,Forcé (1 classe/client),1.0,1.0,0.0
iris,50,28,IID,0.06,2.26,0.6792157018571308
iris,50,28,Dirichlet (α=10.0),0.14,2.24,0.6713187237645805
iris,50,28,Dirichlet (α=1.0),0.24,1.94,0.5304218950071433
iris,50,28,Dirichlet (α=0.5),0.26,1.84,0.48660500644724863
iris,50,28,Dirichlet (α=0.1),0.3,0.84,0.1470503088031955
iris,50,28,Forcé (1 classe/client),1.0,1.0,0.0
iris,50,29,IID,0.1,2.14,0.6223909084285586
iris,50,29,Dirichlet (α=10.0),0.18,2.28,0.6687806062863823
iris,50,29,Dirichlet (α=1.0),0.22,1.8,0.4864795430027557
iris,50,29,Dirichlet (α=0.5),0.2,1.6,0.4137367933819613
iris,50,29,Dirichlet (α=0.1),0.28,0.94,0.1898966203596275
iris,50,29,Forcé (1 classe/client),1.0,1.0,0.0
iris,75,0,IID,0.22666666666666666,1.7733333333333334,0.48791900942859373
iris,75,0,Dirichlet (α=10.0),0.05333333333333334,1.8533333333333333,0.5939362913096242
iris,75,0,Dirichlet (α=1.0),0.29333333333333333,1.5466666666666666,0.3969885802805733
iris,75,0,Dirichlet (α=0.5),0.32,1.28,0.29339529118691243
iris,75,0,Dirichlet (α=0.1),0.3466666666666667,0.8,0.14067588755561408
iris,75,0,Forcé (1 classe/client),1.0,1.0,0.0
iris,75,1,IID,0.30666666666666664,1.6933333333333334,0.4374446291428771
iris,75,1,Dirichlet (α=10.0),0.09333333333333334,1.84,0.5717393943809608
iris,75,1,Dirichlet (α=1.0),0.3333333333333333,1.56,0.3893532775703516
iris,75,1,Dirichlet (α=0.5),0.29333333333333333,1.3466666666666667,0.3294439832087677
iris,75,1,Dirichlet (α=0.1),0.24,0.8133333333333334,0.16288037559423282
iris,75,1,Forcé (1 classe/client),1.0,1.0,0.0
iris,75,2,IID,0.37333333333333335,1.6266666666666667,0.39538264557144664
iris,75,2,Dirichlet (α=10.0),0.09333333333333334,1.84,0.5740680770000544
iris,75,2,Dirichlet (α=1.0),0.29333333333333333,1.5466666666666666,0.3959640528764898
iris,75,2,Dirichlet (α=0.5),0.26666666666666666,1.24,0.30598632718859453
iris,75,2,Dirichlet (α=0.1),0.25333333333333335,0.7466666666666667,0.14420015135963746
iris,75,2,Forcé (1 classe/client),1.0,1.0,0.0
iris,75,3,IID,0.37333333333333335,1.6266666666666667,0.39538264557144664
iris,75,3,Dirichlet (α=10.0),0.08,1.9066666666666667,0.6034092288809567
iris,75,3,Dirichlet (α=1.0),0.24,1.5466666666666666,0.4171339394999014
iris,75,3,Dirichlet (α=0.5),0.32,1.44,0.3540341100504942
iris,75,3,Dirichlet (α=0.1),0.30666666666666664,0.84,0.15840816659958873
iris,75,3,Forcé (1 classe/client),1.0,1.0,0.0
iris,75,4,IID,0.21333333333333335,1.7866666666666666,0.4963314061428798
iris,75,4,Dirichlet (α=10.0),0.08,1.8266666666666667,0.5746257578333381
iris,75,4,Dirichlet (α=1.0),0.26666666666666666,1.4533333333333334,0.3731663340964175
iris,75,4,Dirichlet (α=0.5),0.32,1.4533333333333334,0.357544511385199
iris,75,4,Dirichlet (α=0.1),0.28,0.8533333333333334,0.1649132654128463
iris,75,4,Forcé (1 classe/client),1.0,1.0,0.0
iris,75,5,IID,0.32,1.68,0.42903223242859106
iris,75,5,Dirichlet (α=10.0),0.13333333333333333,1.8933333333333333,0.5818479666667183
iris,75,5,Dirichlet (α=1.0),0.14666666666666667,1.52,0.4350875691509708
iris,75,5,Dirichlet (α=0.5),0.30666666666666664,1.4,0.34255238269867
iris,75,5,Dirichlet (α=0.1),0.29333333333333333,0.8533333333333334,0.16643109058342584
iris,75,5,Forcé (1 classe/client),1.0,1.0,0.0
iris,75,6,IID,0.28,1.72,0.4542694225714493
iris,75,6,Dirichlet (α=10.0),0.06666666666666667,1.88,0.5970588157381012
iris,75,6,Dirichlet (α=1.0),0.26666666666666666,1.5733333333333333,0.41728581070024706
iris,75,6,Dirichlet (α=0.5),0.3466666666666667,1.4266666666666667,0.33970342878677745
iris,75,6,Dirichlet (α=0.1),0.21333333333333335,0.8266666666666667,0.18596889102644754
iris,75,6,Forcé (1 classe/client),1.0,1.0,0.0
iris,75,7,IID,0.18666666666666668,1.8133333333333332,0.513156199571452
iris,75,7,Dirichlet (α=10.0),0.10666666666666667,1.8533333333333333,0.5724541326428649
iris,75,7,Dirichlet (α=1.0),0.24,1.6,0.42884285796686505
iris,75,7,Dirichlet (α=0.5),0.26666666666666666,1.4,0.3534076905420328
iris,75,7,Dirichlet (α=0.1),0.24,0.68,0.13055024096898454
iris,75,7,Forcé (1 classe/client),1.0,1.0,0.0
iris,75,8,IID,0.26666666666666666,1.7333333333333334,0.4626818192857354
iris,75,8,Dirichlet (α=10.0),0.12,1.88,0.5804184901429099
iris,75,8,Dirichlet (α=1.0),0.22666666666666666,1.6266666666666667,0.4433201860668704
iris,75,8,Dirichlet (α=0.5),0.24,1.3866666666666667,0.3589159411147259
iris,75,8,Dirichlet (α=0.1),0.29333333333333333,0.76,0.1363782287915119
iris,75,8,Forcé (1 classe/client),1.0,1.0,0.0
iris,75,9,IID,0.37333333333333335,1.6266666666666667,0.39538264557144664
iris,75,9,Dirichlet (α=10.0),0.06666666666666667,1.84,0.5815812676190553
iris,75,9,Dirichlet (α=1.0),0.30666666666666664,1.5466666666666666,0.39215526992415467
iris,75,9,Dirichlet (α=0.5),0.24,1.3466666666666667,0.33869523225068826
iris,75,9,Dirichlet (α=0.1),0.3466666666666667,0.88,0.16637945225752615
iris,75,9,Forcé (1 classe/client),1.0,1.0,0.0
iris,75,10,IID,0.3333333333333333,1.6666666666666667,0.420619835714305
iris,75,10,Dirichlet (α=10.0),0.08,1.8933333333333333,0.5977735540000052
iris,75,10,Dirichlet (α=1.0),0.26666666666666666,1.5466666666666666,0.4054259190209895
iris,75,10,Dirichlet (α=0.5),0.36,1.4933333333333334,0.35824663576223903
iris,75,10,Dirichlet (α=0.1),0.30666666666666664,0.8533333333333334,0.1539226704319231
iris,75,10,Forcé (1 classe/client),1.0,1.0,0.0
iris,75,11,IID,0.38666666666666666,1.6133333333333333,0.3869702488571606
iris,75,11,Dirichlet (α=10.0),0.04,1.8533333333333333,0.5970588157381012
iris,75,11,Dirichlet (α=1.0),0.25333333333333335,1.52,0.3941702734526269
iris,75,11,Dirichlet (α=0.5),0.26666666666666666,1.4266666666666667,0.3667544612704466
iris,75,11,Dirichlet (α=0.1),0.28,0.8133333333333334,0.16499379718205254
iris,75,11,Forcé (1 classe/client),1.0,1.0,0.0
iris,75,12,IID,0.37333333333333335,1.6266666666666667,0.39538264557144664
iris,75,12,Dirichlet (α=10.0),0.06666666666666667,1.8933333333333333,0.6021642201905293
iris,75,12,Dirichlet (α=1.0),0.29333333333333333,1.5333333333333334,0.3988179222890191
iris,75,12,Dirichlet (α=0.5),0.22666666666666666,1.3733333333333333,0.3566230815631666
iris,75,12,Dirichlet (α=0.1),0.28,0.84,0.17220278181203927
iris,75,12,Forcé (1 classe/client),1.0,1.0,0.0
iris,75,13,IID,0.3333333333333333,1.6666666666666667,0.42061983571430495
iris,75,13,Dirichlet (α=10.0),0.06666666666666667,1.8533333333333333,0.5881161485952918
iris,75,13,Dirichlet (α=1.0),0.26666666666666666,1.5866666666666667,0.42439189034212066
iris,75,13,Dirichlet (α=0.5),0.26666666666666666,1.44,0.3666876270482012
iris,75,13,Dirichlet (α=0.1),0.32,0.8266666666666667,0.1518517845282656
iris,75,13,Forcé (1 classe/client),1.0,1.0,0.0
iris,75,14,IID,0.3466666666666667,1.6533333333333333,0.4122074390000188
iris,75,14,Dirichlet (α=10.0),0.04,1.8933333333333333,0.6111068873333387
iris,75,14,Dirichlet (α=1.0),0.21333333333333335,1.44,0.384855890344056
iris,75,14,Dirichlet (α=0.5),0.22666666666666666,1.3866666666666667,0.36104819376453556
iris,75,14,Dirichlet (α=0.1),0.18666666666666668,0.8133333333333334,0.1859274671282568
iris,75,14,Forcé (1 classe/client),1.0,1.0,0.0
iris,75,15,IID,0.29333333333333333,1.7066666666666668,0.4458570258571632
iris,75,15,Dirichlet (α=10.0),0.14666666666666667,1.9066666666666667,0.5825627049286225
iris,75,15,Dirichlet (α=1.0),0.22666666666666666,1.4133333333333333,0.3725039634226421
iris,75,15,Dirichlet (α=0.5),0.26666666666666666,1.32,0.32076880720240486
iris,75,15,Dirichlet (α=0.1),0.36,0.84,0.14961278570650796
iris,75,15,Forcé (1 classe/client),1.0,1.0,0.0
iris,75,16,IID,0.4,1.6,0.37855785214287446
iris,75,16,Dirichlet (α=10.0),0.10666666666666667,1.8666666666666667,0.5780898075238163
iris,75,16,Dirichlet (α=1.0),0.28,1.52,0.39440032802234964
iris,75,16,Dirichlet (α=0.5),0.36,1.4666666666666666,0.34342784131689424
iris,75,16,Dirichlet (α=0.1),0.38666666666666666,0.9066666666666666,0.1623636102358292
iris,75,16,Forcé (1 classe/client),1.0,1.0,0.0
iris,75,17,IID,0.21333333333333335,1.7866666666666666,0.4963314061428798
iris,75,17,Dirichlet (α=10.0),0.05333333333333334,1.9066666666666667,0.6121905612620049
iris,75,17,Dirichlet (α=1.0),0.25333333333333335,1.5733333333333333,0.420784155281969
iris,75,17,Dirichlet (α=0.5),0.29333333333333333,1.3466666666666667,0.32615561648138325
iris,75,17,Dirichlet (α=0.1),0.25333333333333335,0.8,0.15887257764066207
iris,75,17,Forcé (1 classe/client),1.0,1.0,0.0
iris,75,18,IID,0.28,1.72,0.45426942257144937
iris,75,18,Dirichlet (α=10.0),0.05333333333333334,1.84,0.5874014103333877
iris,75,18,Dirichlet (α=1.0),0.26666666666666666,1.56,0.4122572936414465
iris,75,18,Dirichlet (α=0.5),0.25333333333333335,1.24,0.3057983569980622
iris,75,18,Dirichlet (α=0.1),0.24,0.8266666666666667,0.1745116285193035
iris,75,18,Forcé (1 classe/client),1.0,1.0,0.0
iris,75,19,IID,0.28,1.72,0.45426942257144937
iris,75,19,Dirichlet (α=10.0),0.02666666666666667,1.92,0.6258696971904804
iris,75,19,Dirichlet (α=1.0),0.25333333333333335,1.52,0.40094722223250917
iris,75,19,Dirichlet (α=0.5),0.30666666666666664,1.48,0.3710527684066071
iris,75,19,Dirichlet (α=0.1),0.37333333333333335,0.9466666666666667,0.17100875560545262
iris,75,19,Forcé (1 classe/client),1.0,1.0,0.0
iris,75,20,IID,0.22666666666666666,1.7733333333333334,0.48791900942859373
iris,75,20,Dirichlet (α=10.0),0.12,1.8,0.5494633939048181
iris,75,20,Dirichlet (α=1.0),0.25333333333333335,1.52,0.403424345604961
iris,75,20,Dirichlet (α=0.5),0.30666666666666664,1.32,0.3135567425172692
iris,75,20,Dirichlet (α=0.1),0.25333333333333335,0.7866666666666666,0.15210750187260874
iris,75,20,Forcé (1 classe/client),1.0,1.0,0.0
iris,75,21,IID,0.26666666666666666,1.7333333333333334,0.4626818192857355
iris,75,21,Dirichlet (α=10.0),0.09333333333333334,1.8533333333333333,0.5782742753571974
iris,75,21,Dirichlet (α=1.0),0.26666666666666666,1.52,0.39800790034386135
iris,75,21,Dirichlet (α=0.5),0.28,1.3466666666666667,0.3296268170809509
iris,75,21,Dirichlet (α=0.1),0.29333333333333333,0.7733333333333333,0.1360883547667019
iris,75,21,Forcé (1 classe/client),1.0,1.0,0.0
iris,75,22,IID,0.24,1.76,0.4795066127143077
iris,75,22,Dirichlet (α=10.0),0.12,1.9466666666666668,0.6055534436666692
iris,75,22,Dirichlet (α=1.0),0.2,1.52,0.41759140634485076
iris,75,22,Dirichlet (α=0.5),0.37333333333333335,1.3866666666666667,0.31203110498124714
iris,75,22,Dirichlet (α=0.1),0.24,0.8,0.16101218851696356
iris,75,22,Forcé (1 classe/client),1.0,1.0,0.0
iris,75,23,IID,0.37333333333333335,1.6266666666666667,0.39538264557144664
iris,75,23,Dirichlet (α=10.0),0.05333333333333334,1.84,0.5859719338095792
iris,75,23,Dirichlet (α=1.0),0.22666666666666666,1.64,0.45244712324301417
iris,75,23,Dirichlet (α=0.5),0.30666666666666664,1.4666666666666666,0.36224007092988386
iris,75,23,Dirichlet (α=0.1),0.3333333333333333,0.72,0.11458586033571166
iris,75,23,Forcé (1 classe/client),1.0,1.0,0.0
iris,75,24,IID,0.21333333333333335,1.7866666666666666,0.4963314061428798
iris,75,24,Dirichlet (α=10.0),0.10666666666666667,1.9066666666666667,0.5921652895238145
iris,75,24,Dirichlet (α=1.0),0.28,1.5866666666666667,0.41710642934772524
iris,75,24,Dirichlet (α=0.5),0.26666666666666666,1.3466666666666667,0.3337346981631531
iris,75,24,Dirichlet (α=0.1),0.3333333333333333,0.8,0.1390827057858514
iris,75,24,Forcé (1 classe/client),1.0,1.0,0.0
iris,75,25,IID,0.29333333333333333,1.7066666666666668,0.4458570258571632
iris,75,25,Dirichlet (α=10.0),0.09333333333333334,1.9066666666666667,0.5984882922619095
iris,75,25,Dirichlet (α=1.0),0.30666666666666664,1.6,0.41207985030967687
iris,75,25,Dirichlet (α=0.5),0.32,1.2933333333333332,0.29604394884187685
iris,75,25,Dirichlet (α=0.1),0.25333333333333335,0.72,0.13209058625618167
iris,75,25,Forcé (1 classe/client),1.0,1.0,0.0
iris,75,26,IID,0.36,1.64,0.4037950422857327
iris,75,26,Dirichlet (α=10.0),0.05333333333333334,1.8933333333333333,0.608514633333385
iris,75,26,Dirichlet (α=1.0),0.28,1.6133333333333333,0.4253912196520911
iris,75,26,Dirichlet (α=0.5),0.30666666666666664,1.3866666666666667,0.33798515115931327
iris,75,26,Dirichlet (α=0.1),0.38666666666666666,0.8133333333333334,0.13292329577817877
iris,75,26,Forcé (1 classe/client),1.0,1.0,0.0
iris,75,27,IID,0.4266666666666667,1.5733333333333333,0.3617330587143023
iris,75,27,Dirichlet (α=10.0),0.10666666666666667,1.8533333333333333,0.5747828152619585
iris,75,27,Dirichlet (α=1.0),0.16,1.56,0.4433918487193411
iris,75,27,Dirichlet (α=0.5),0.28,1.3866666666666667,0.34940475374776936
iris,75,27,Dirichlet (α=0.1),0.30666666666666664,0.8,0.14653735470993415
iris,75,27,Forcé (1 classe/client),1.0,1.0,0.0
iris,75,28,IID,0.25333333333333335,1.7466666666666666,0.4710942160000215
iris,75,28,Dirichlet (α=10.0),0.08,1.88,0.5930370852143391
iris,75,28,Dirichlet (α=1.0),0.25333333333333335,1.56,0.41313417296705846
iris,75,28,Dirichlet (α=0.5),0.22666666666666666,1.2666666666666666,0.32047323335661115
iris,75,28,Dirichlet (α=0.1),0.22666666666666666,0.8266666666666667,0.1900186713339819
iris,75,28,Forcé (1 classe/client),1.0,1.0,0.0
iris,75,29,IID,0.37333333333333335,1.6266666666666667,0.39538264557144664
iris,75,29,Dirichlet (α=10.0),0.04,1.8666666666666667,0.6021642201905293
iris,75,29,Dirichlet (α=1.0),0.30666666666666664,1.56,0.40159039939708596
iris,75,29,Dirichlet (α=0.5),0.3333333333333333,1.4533333333333334,0.35334251283654355
iris,75,29,Dirichlet (α=0.1),0.28,0.76,0.1408919725045323
iris,75,29,Forcé (1 classe/client),1.0,1.0,0.0
iris,100,0,IID,0.67,1.33,0.20820681867858096
iris,100,0,Dirichlet (α=10.0),0.01,1.5,0.4963092975357145
iris,100,0,Dirichlet (α=1.0),0.15,1.3,0.3729887306894002
iris,100,0,Dirichlet (α=0.5),0.3,1.16,0.27548126280682467
iris,100,0,Dirichlet (α=0.1),0.27,0.64,0.118434176050289
iris,100,0,Forcé (1 classe/client),1.0,1.0,0.0
iris,100,1,IID,0.65,1.35,0.22082541375001008
iris,100,1,Dirichlet (α=10.0),0.01,1.5,0.4963092975357145
iris,100,1,Dirichlet (α=1.0),0.22,1.34,0.36487599952864785
iris,100,1,Dirichlet (α=0.5),0.22,1.11,0.2817739543952984
iris,100,1,Dirichlet (α=0.1),0.22,0.7,0.1485452569794895
iris,100,1,Forcé (1 classe/client),1.0,1.0,0.0
iris,100,2,IID,0.62,1.38,0.2397533063571538
iris,100,2,Dirichlet (α=10.0),0.02,1.49,0.48946394630357176
iris,100,2,Dirichlet (α=1.0),0.22,1.31,0.35525073854657796
iris,100,2,Dirichlet (α=0.5),0.22,1.16,0.29699630016089934
iris,100,2,Dirichlet (α=0.1),0.29,0.74,0.13539723192182948
iris,100,2,Forcé (1 classe/client),1.0,1.0,0.0
iris,100,3,IID,0.67,1.33,0.20820681867858096
iris,100,3,Dirichlet (α=10.0),0.0,1.49,0.4957732438392864
iris,100,3,Dirichlet (α=1.0),0.18,1.29,0.35997388844647155
iris,100,3,Dirichlet (α=0.5),0.23,1.18,0.29943130357392883
iris,100,3,Dirichlet (α=0.1),0.19,0.62,0.12826921753305384
iris,100,3,Forcé (1 classe/client),1.0,1.0,0.0
iris,100,4,IID,0.62,1.38,0.2397533063571538
iris,100,4,Dirichlet (α=10.0),0.0,1.5,0.49999999999999994
iris,100,4,Dirichlet (α=1.0),0.14,1.24,0.35463275033593755
iris,100,4,Dirichlet (α=0.5),0.27,1.12,0.266283334332221
iris,100,4,Dirichlet (α=0.1),0.24,0.65,0.11848626171392017
iris,100,4,Forcé (1 classe/client),1.0,1.0,0.0
iris,100,5,IID,0.59,1.41,0.25868119896429753
iris,100,5,Dirichlet (α=10.0),0.0,1.5,0.49999999999999994
iris,100,5,Dirichlet (α=1.0),0.2,1.32,0.3658816683001494
iris,100,5,Dirichlet (α=0.5),0.25,1.17,0.2907740756508847
iris,100,5,Dirichlet (α=0.1),0.25,0.71,0.14452269228655062
iris,100,5,Forcé (1 classe/client),1.0,1.0,0.0
iris,100,6,IID,0.7,1.3,0.18927892607143723
iris,100,6,Dirichlet (α=10.0),0.0,1.5,0.49999999999999994
iris,100,6,Dirichlet (α=1.0),0.24,1.31,0.34751595440361144
iris,100,6,Dirichlet (α=0.5),0.26,1.18,0.293186705925115
iris,100,6,Dirichlet (α=0.1),0.18,0.61,0.12374992931860529
iris,100,6,Forcé (1 classe/client),1.0,1.0,0.0
iris,100,7,IID,0.67,1.33,0.20820681867858096
iris,100,7,Dirichlet (α=10.0),0.0,1.5,0.49999999999999994
iris,100,7,Dirichlet (α=1.0),0.22,1.34,0.36415982570011385
iris,100,7,Dirichlet (α=0.5),0.27,1.24,0.3135675039928972
iris,100,7,Dirichlet (α=0.1),0.26,0.75,0.1517974077488173
iris,100,7,Forcé (1 classe/client),1.0,1.0,0.0
iris,100,8,IID,0.68,1.32,0.20189752114286633
iris,100,8,Dirichlet (α=10.0),0.0,1.48,0.49154648767857284
iris,100,8,Dirichlet (α=1.0),0.17,1.27,0.35630228813586373
iris,100,8,Dirichlet (α=0.5),0.2,1.17,0.3134345463014915
iris,100,8,Dirichlet (α=0.1),0.28,0.67,0.12026396194526527
iris,100,8,Forcé (1 classe/client),1.0,1.0,0.0
iris,100,9,IID,0.62,1.38,0.2397533063571538
iris,100,9,Dirichlet (α=10.0),0.0,1.5,0.49999999999999994
iris,100,9,Dirichlet (α=1.0),0.17,1.34,0.3818587512858275
iris,100,9,Dirichlet (α=0.5),0.21,1.2,0.31217428603306335
iris,100,9,Dirichlet (α=0.1),0.24,0.78,0.16677754018046242
iris,100,9,Forcé (1 classe/client),1.0,1.0,0.0
iris,100,10,IID,0.66,1.34,0.21451611621429553
iris,100,10,Dirichlet (α=10.0),0.03,1.49,0.4857732438392864
iris,100,10,Dirichlet (α=1.0),0.22,1.29,0.34775299619643474
iris,100,10,Dirichlet (α=0.5),0.19,1.16,0.3060021986444236
iris,100,10,Dirichlet (α=0.1),0.29,0.73,0.12773974689285067
iris,100,10,Forcé (1 classe/client),1.0,1.0,0.0
iris,100,11,IID,0.7,1.3,0.18927892607143726
iris,100,11,Dirichlet (α=10.0),0.02,1.49,0.48946394630357176
iris,100,11,Dirichlet (α=1.0),0.17,1.27,0.3565804455358282
iris,100,11,Dirichlet (α=0.5),0.26,1.21,0.3052859902430422
iris,100,11,Dirichlet (α=0.1),0.24,0.65,0.1198708846856308
iris,100,11,Forcé (1 classe/client),1.0,1.0,0.0
iris,100,12,IID,0.67,1.33,0.20820681867858093
iris,100,12,Dirichlet (α=10.0),0.01,1.5,0.4963092975357145
iris,100,12,Dirichlet (α=1.0),0.22,1.33,0.3590010653715424
iris,100,12,Dirichlet (α=0.5),0.29,1.19,0.29287341842838827
iris,100,12,Dirichlet (α=0.1),0.22,0.76,0.1643903162727755
iris,100,12,Forcé (1 classe/client),1.0,1.0,0.0
iris,100,13,IID,0.7,1.3,0.18927892607143726
iris,100,13,Dirichlet (α=10.0),0.0,1.5,0.49999999999999994
iris,100,13,Dirichlet (α=1.0),0.19,1.32,0.36670159495718396
iris,100,13,Dirichlet (α=0.5),0.26,1.21,0.3060255863857922
iris,100,13,Dirichlet (α=0.1),0.27,0.7,0.13622736302150223
iris,100,13,Forcé (1 classe/client),1.0,1.0,0.0
iris,100,14,IID,0.63,1.37,0.23344400882143923
iris,100,14,Dirichlet (α=10.0),0.0,1.48,0.49154648767857284
iris,100,14,Dirichlet (α=1.0),0.27,1.35,0.35114498345718526
iris,100,14,Dirichlet (α=0.5),0.27,1.24,0.31195949125364764
iris,100,14,Dirichlet (α=0.1),0.28,0.73,0.14125289916449701
iris,100,14,Forcé (1 classe/client),1.0,1.0,0.0
iris,100,15,IID,0.72,1.28,0.1766603310000081
iris,100,15,Dirichlet (α=10.0),0.0,1.48,0.49154648767857284
iris,100,15,Dirichlet (α=1.0),0.15,1.26,0.3581066721109003
iris,100,15,Dirichlet (α=0.5),0.23,1.21,0.3164027314036141
iris,100,15,Dirichlet (α=0.1),0.29,0.72,0.13617433698703818
iris,100,15,Forcé (1 classe/client),1.0,1.0,0.0
iris,100,16,IID,0.66,1.34,0.21451611621429553
iris,100,16,Dirichlet (α=10.0),0.02,1.48,0.48523719014285815
iris,100,16,Dirichlet (α=1.0),0.19,1.34,0.3743613056357541
iris,100,16,Dirichlet (α=0.5),0.28,1.19,0.2908968607626127
iris,100,16,Dirichlet (α=0.1),0.31,0.84,0.16538368776158585
iris,100,16,Forcé (1 classe/client),1.0,1.0,0.0
iris,100,17,IID,0.63,1.37,0.23344400882143923
iris,100,17,Dirichlet (α=10.0),0.01,1.5,0.4963092975357145
iris,100,17,Dirichlet (α=1.0),0.2,1.27,0.3456087814107222
iris,100,17,Dirichlet (α=0.5),0.24,1.13,0.2845439763232192
iris,100,17,Dirichlet (α=0.1),0.28,0.75,0.14555828112254057
iris,100,17,Forcé (1 classe/client),1.0,1.0,0.0
iris,100,18,IID,0.68,1.32,0.20189752114286638
iris,100,18,Dirichlet (α=10.0),0.0,1.5,0.49999999999999994
iris,100,18,Dirichlet (α=1.0),0.18,1.31,0.3670976937786484
iris,100,18,Dirichlet (α=0.5),0.27,1.16,0.2806218576881794
iris,100,18,Dirichlet (α=0.1),0.25,0.72,0.1517159786893587
iris,100,18,Forcé (1 classe/client),1.0,1.0,0.0
iris,100,19,IID,0.74,1.26,0.16404173592857896
iris,100,19,Dirichlet (α=10.0),0.0,1.49,0.4957732438392864
iris,100,19,Dirichlet (α=1.0),0.15,1.28,0.36592820276786253
iris,100,19,Dirichlet (α=0.5),0.32,1.21,0.28511399167147006
iris,100,19,Dirichlet (α=0.1),0.31,0.72,0.12686696079174697
iris,100,19,Forcé (1 classe/client),1.0,1.0,0.0
iris,100,20,IID,0.68,1.32,0.20189752114286638
iris,100,20,Dirichlet (α=10.0),0.0,1.49,0.4957732438392864
iris,100,20,Dirichlet (α=1.0),0.13,1.25,0.3630429383238358
iris,100,20,Dirichlet (α=0.5),0.3,1.18,0.2875144987537185
iris,100,20,Dirichlet (α=0.1),0.24,0.66,0.124817497639234
iris,100,20,Forcé (1 classe/client),1.0,1.0,0.0
iris,100,21,IID,0.66,1.34,0.2145161162142955
iris,100,21,Dirichlet (α=10.0),0.0,1.49,0.4957732438392864
iris,100,21,Dirichlet (α=1.0),0.17,1.31,0.37009022586804385
iris,100,21,Dirichlet (α=0.5),0.28,1.2,0.2946053446121354
iris,100,21,Dirichlet (α=0.1),0.24,0.77,0.16259839302518608
iris,100,21,Forcé (1 classe/client),1.0,1.0,0.0
iris,100,22,IID,0.64,1.36,0.22713471128572466
iris,100,22,Dirichlet (α=10.0),0.0,1.49,0.4957732438392864
iris,100,22,Dirichlet (α=1.0),0.16,1.26,0.3565699445656363
iris,100,22,Dirichlet (α=0.5),0.26,1.1,0.26687978078309044
iris,100,22,Dirichlet (α=0.1),0.26,0.75,0.1426793527049893
iris,100,22,Forcé (1 classe/client),1.0,1.0,0.0
iris,100,23,IID,0.66,1.34,0.2145161162142955
iris,100,23,Dirichlet (α=10.0),0.01,1.48,0.48892789260714364
iris,100,23,Dirichlet (α=1.0),0.25,1.31,0.3460649496429706
iris,100,23,Dirichlet (α=0.5),0.23,1.15,0.29154968346213556
iris,100,23,Dirichlet (α=0.1),0.26,0.72,0.1430078796322181
iris,100,23,Forcé (1 classe/client),1.0,1.0,0.0
iris,100,24,IID,0.67,1.33,0.20820681867858096
iris,100,24,Dirichlet (α=10.0),0.02,1.5,0.4926185950714291
iris,100,24,Dirichlet (α=1.0),0.13,1.21,0.34806705335801214
iris,100,24,Dirichlet (α=0.5),0.24,1.13,0.28028995345372143
iris,100,24,Dirichlet (α=0.1),0.23,0.7,0.14459532929874316
iris,100,24,Forcé (1 classe/client),1.0,1.0,0.0
iris,100,25,IID,0.68,1.32,0.20189752114286638
iris,100,25,Dirichlet (α=10.0),0.04,1.49,0.4820825413750009
iris,100,25,Dirichlet (α=1.0),0.19,1.29,0.35525219419647086
iris,100,25,Dirichlet (α=0.5),0.31,1.15,0.2705077312821832
iris,100,25,Dirichlet (α=0.1),0.2,0.76,0.17139200029324983
iris,100,25,Forcé (1 classe/client),1.0,1.0,0.0
iris,100,26,IID,0.61,1.39,0.24606260389286838
iris,100,26,Dirichlet (α=10.0),0.0,1.5,0.49999999999999994
iris,100,26,Dirichlet (α=1.0),0.16,1.28,0.3600730244143639
iris,100,26,Dirichlet (α=0.5),0.33,1.18,0.27306046093349035
iris,100,26,Dirichlet (α=0.1),0.27,0.77,0.15401182653454032
iris,100,26,Forcé (1 classe/client),1.0,1.0,0.0
iris,100,27,IID,0.72,1.28,0.17666033100000805
iris,100,27,Dirichlet (α=10.0),0.02,1.5,0.4926185950714291
iris,100,27,Dirichlet (α=1.0),0.18,1.35,0.3829103008751133
iris,100,27,Dirichlet (α=0.5),0.24,1.23,0.3155366204984011
iris,100,27,Dirichlet (α=0.1),0.22,0.7,0.1393263454288679
iris,100,27,Forcé (1 classe/client),1.0,1.0,0.0
iris,100,28,IID,0.69,1.31,0.19558822360715183
iris,100,28,Dirichlet (α=10.0),0.0,1.5,0.49999999999999994
iris,100,28,Dirichlet (α=1.0),0.26,1.32,0.34410340933929034
iris,100,28,Dirichlet (α=0.5),0.29,1.21,0.29516819717157694
iris,100,28,Dirichlet (α=0.1),0.25,0.63,0.11255146046445905
iris,100,28,Forcé (1 classe/client),1.0,1.0,0.0
iris,100,29,IID,0.67,1.33,0.20820681867858096
iris,100,29,Dirichlet (α=10.0),0.0,1.5,0.49999999999999994
iris,100,29,Dirichlet (α=1.0),0.19,1.34,0.3744379831000783
iris,100,29,Dirichlet (α=0.5),0.25,1.2,0.30322701953229214
iris,100,29,Dirichlet (α=0.1),0.23,0.67,0.13256752280860812
iris,100,29,Forcé (1 classe/client),1.0,1.0,0.0
breast_cancer,5,0,IID,0.0,2.0,0.9483157066840938
breast_cancer,5,0,Dirichlet (α=10.0),0.0,2.0,0.9209783796653396
breast_cancer,5,0,Dirichlet (α=1.0),0.0,2.0,0.8087172788476591
breast_cancer,5,0,Dirichlet (α=0.5),0.2,1.8,0.26530462821105577
breast_cancer,5,0,Dirichlet (α=0.1),0.4,1.2,0.20341131782563032
breast_cancer,5,0,Forcé (1 classe/client),1.0,1.0,0.0
breast_cancer,5,1,IID,0.0,2.0,0.949642658425546
breast_cancer,5,1,Dirichlet (α=10.0),0.0,2.0,0.9160301965021398
breast_cancer,5,1,Dirichlet (α=1.0),0.0,2.0,0.7700621670887267
breast_cancer,5,1,Dirichlet (α=0.5),0.0,2.0,0.6386906562385348
breast_cancer,5,1,Dirichlet (α=0.1),0.0,1.2,0.3437214418344135
breast_cancer,5,1,Forcé (1 classe/client),1.0,1.0,0.0
breast_cancer,5,2,IID,0.0,2.0,0.9486888906094931
breast_cancer,5,2,Dirichlet (α=10.0),0.0,2.0,0.9478882671289337
breast_cancer,5,2,Dirichlet (α=1.0),0.0,2.0,0.6121129403344556
breast_cancer,5,2,Dirichlet (α=0.5),0.0,2.0,0.6272405896593862
breast_cancer,5,2,Dirichlet (α=0.1),0.4,1.6,0.578847423483477
breast_cancer,5,2,Forcé (1 classe/client),1.0,1.0,0.0
breast_cancer,5,3,IID,0.0,2.0,0.9506724609556929
breast_cancer,5,3,Dirichlet (α=10.0),0.0,2.0,0.9432207464057271
breast_cancer,5,3,Dirichlet (α=1.0),0.0,2.0,0.6397922787402591
breast_cancer,5,3,Dirichlet (α=0.5),0.0,2.0,0.8165852122412769
breast_cancer,5,3,Dirichlet (α=0.1),0.2,1.8,0.48090380543351846
breast_cancer,5,3,Forcé (1 classe/client),1.0,1.0,0.0
breast_cancer,5,4,IID,0.0,2.0,0.9475553529575794
breast_cancer,5,4,Dirichlet (α=10.0),0.0,2.0,0.9153029692795581
breast_cancer,5,4,Dirichlet (α=1.0),0.0,2.0,0.7300727670281296
breast_cancer,5,4,Dirichlet (α=0.5),0.0,2.0,0.5342582425763889
breast_cancer,5,4,Dirichlet (α=0.1),0.2,1.4,0.1898454061028914
breast_cancer,5,4,Forcé (1 classe/client),1.0,1.0,0.0
breast_cancer,5,5,IID,0.0,2.0,0.9456137751684448
breast_cancer,5,5,Dirichlet (α=10.0),0.0,2.0,0.8882803223897472
breast_cancer,5,5,Dirichlet (α=1.0),0.0,2.0,0.6735942602050335
breast_cancer,5,5,Dirichlet (α=0.5),0.0,2.0,0.8287569983604195
breast_cancer,5,5,Dirichlet (α=0.1),0.8,1.2,0.013182882468648339
breast_cancer,5,5,Forcé (1 classe/client),1.0,1.0,0.0
breast_cancer,5,6,IID,0.0,2.0,0.9490214924638247
breast_cancer,5,6,Dirichlet (α=10.0),0.0,2.0,0.9111319155455295
breast_cancer,5,6,Dirichlet (α=1.0),0.0,2.0,0.6420432905065443
breast_cancer,5,6,Dirichlet (α=0.5),0.2,1.8,0.25727756115218864
breast_cancer,5,6,Dirichlet (α=0.1),0.2,1.4,0.2134275290783286
breast_cancer,5,6,Forcé (1 classe/client),1.0,1.0,0.0
breast_cancer,5,7,IID,0.0,2.0,0.9487744489593866
breast_cancer,5,7,Dirichlet (α=10.0),0.0,2.0,0.9404308158750977
breast_cancer,5,7,Dirichlet (α=1.0),0.0,2.0,0.7686257867611579
breast_cancer,5,7,Dirichlet (α=0.5),0.0,2.0,0.4375013539687842
breast_cancer,5,7,Dirichlet (α=0.1),0.2,1.4,0.3295339093610933
breast_cancer,5,7,Forcé (1 classe/client),1.0,1.0,0.0
breast_cancer,5,8,IID,0.0,2.0,0.9509639254299159
breast_cancer,5,8,Dirichlet (α=10.0),0.0,2.0,0.9291777168340936
breast_cancer,5,8,Dirichlet (α=1.0),0.0,2.0,0.9494473364333367
breast_cancer,5,8,Dirichlet (α=0.5),0.0,2.0,0.3025090861854422
breast_cancer,5,8,Dirichlet (α=0.1),0.2,1.4,0.5043911778485659
breast_cancer,5,8,Forcé (1 classe/client),1.0,1.0,0.0
breast_cancer,5,9,IID,0.0,2.0,0.9490654539321067
breast_cancer,5,9,Dirichlet (α=10.0),0.0,2.0,0.933829935114038
breast_cancer,5,9,Dirichlet (α=1.0),0.0,2.0,0.9482949462918618
breast_cancer,5,9,Dirichlet (α=0.5),0.0,2.0,0.6390240046972344
breast_cancer,5,9,Dirichlet (α=0.1),0.0,1.2,0.07134269351538128
breast_cancer,5,9,Forcé (1 classe/client),1.0,1.0,0.0
breast_cancer,5,10,IID,0.0,2.0,0.9497820886241668
breast_cancer,5,10,Dirichlet (α=10.0),0.0,2.0,0.9214437522564669
breast_cancer,5,10,Dirichlet (α=1.0),0.0,2.0,0.7484789847824255
breast_cancer,5,10,Dirichlet (α=0.5),0.0,2.0,0.6304920528693413
breast_cancer,5,10,Dirichlet (α=0.1),0.6,1.0,0.2
breast_cancer,5,10,Forcé (1 classe/client),1.0,1.0,0.0
breast_cancer,5,11,IID,0.0,2.0,0.9504512018537573
breast_cancer,5,11,Dirichlet (α=10.0),0.0,2.0,0.9033121564343434
breast_cancer,5,11,Dirichlet (α=1.0),0.0,2.0,0.7850724405041927
breast_cancer,5,11,Dirichlet (α=0.5),0.0,2.0,0.6464385209372533
breast_cancer,5,11,Dirichlet (α=0.1),0.2,1.4,0.4255343195788598
breast_cancer,5,11,Forcé (1 classe/client),1.0,1.0,0.0
breast_cancer,5,12,IID,0.0,2.0,0.9467965783439789
breast_cancer,5,12,Dirichlet (α=10.0),0.0,2.0,0.9298005972787571
breast_cancer,5,12,Dirichlet (α=1.0),0.0,2.0,0.7090593182200757
breast_cancer,5,12,Dirichlet (α=0.5),0.0,2.0,0.626554626389592
breast_cancer,5,12,Dirichlet (α=0.1),0.4,0.8,0.010978778204891064
breast_cancer,5,12,Forcé (1 classe/client),1.0,1.0,0.0
breast_cancer,5,13,IID,0.0,2.0,0.9439455802587613
breast_cancer,5,13,Dirichlet (α=10.0),0.0,2.0,0.9193707488771435
breast_cancer,5,13,Dirichlet (α=1.0),0.0,2.0,0.7542545082240529
breast_cancer,5,13,Dirichlet (α=0.5),0.0,2.0,0.8099892548109036
breast_cancer,5,13,Dirichlet (α=0.1),0.6,1.0,0.11684776232857119
breast_cancer,5,13,Forcé (1 classe/client),1.0,1.0,0.0
breast_cancer,5,14,IID,0.0,2.0,0.9429595840933315
breast_cancer,5,14,Dirichlet (α=10.0),0.0,2.0,0.9384062764121349
breast_cancer,5,14,Dirichlet (α=1.0),0.0,2.0,0.9180256743431956
breast_cancer,5,14,Dirichlet (α=0.5),0.0,2.0,0.5747147506466741
breast_cancer,5,14,Dirichlet (α=0.1),0.6,1.4,0.1651970301675968
breast_cancer,5,14,Forcé (1 classe/client),1.0,1.0,0.0
breast_cancer,5,15,IID,0.0,2.0,0.9398231914032602
breast_cancer,5,15,Dirichlet (α=10.0),0.0,2.0,0.9012012729246852
breast_cancer,5,15,Dirichlet (α=1.0),0.0,2.0,0.7717075914965819
breast_cancer,5,15,Dirichlet (α=0.5),0.2,1.8,0.4506606574869614
breast_cancer,5,15,Dirichlet (α=0.1),0.2,1.0,0.3869506336250116
breast_cancer,5,15,Forcé (1 classe/client),1.0,1.0,0.0
breast_cancer,5,16,IID,0.0,2.0,0.9503468532347229
breast_cancer,5,16,Dirichlet (α=10.0),0.0,2.0,0.9495905721166734
breast_cancer,5,16,Dirichlet (α=1.0),0.0,2.0,0.7351606346746473
breast_cancer,5,16,Dirichlet (α=0.5),0.0,2.0,0.6686643924089857
breast_cancer,5,16,Dirichlet (α=0.1),0.2,1.0,0.33678473729434594
breast_cancer,5,16,Forcé (1 classe/client),1.0,1.0,0.0
breast_cancer,5,17,IID,0.0,2.0,0.9485505312139493
breast_cancer,5,17,Dirichlet (α=10.0),0.0,2.0,0.9293461852537156
breast_cancer,5,17,Dirichlet (α=1.0),0.0,2.0,0.9017061435374597
breast_cancer,5,17,Dirichlet (α=0.5),0.2,1.8,0.5458876063837346
breast_cancer,5,17,Dirichlet (α=0.1),0.2,1.0,0.18406902968618194
breast_cancer,5,17,Forcé (1 classe/client),1.0,1.0,0.0
breast_cancer,5,18,IID,0.0,2.0,0.9497276404176356
breast_cancer,5,18,Dirichlet (α=10.0),0.0,2.0,0.927008485379214
breast_cancer,5,18,Dirichlet (α=1.0),0.0,2.0,0.5853063673913721
breast_cancer,5,18,Dirichlet (α=0.5),0.0,2.0,0.5755876453256012
breast_cancer,5,18,Dirichlet (α=0.1),0.6,1.4,0.24606594597636916
breast_cancer,5,18,Forcé (1 classe/client),1.0,1.0,0.0
breast_cancer,5,19,IID,0.0,2.0,0.9450152612308267
breast_cancer,5,19,Dirichlet (α=10.0),0.0,2.0,0.9024465320416974
breast_cancer,5,19,Dirichlet (α=1.0),0.0,2.0,0.5749934460088658
breast_cancer,5,19,Dirichlet (α=0.5),0.2,1.8,0.3959903728563672
breast_cancer,5,19,Dirichlet (α=0.1),0.2,1.4,0.3757442048674071
breast_cancer,5,19,Forcé (1 classe/client),1.0,1.0,0.0
breast_cancer,5,20,IID,0.0,2.0,0.9488075431127131
breast_cancer,5,20,Dirichlet (α=10.0),0.0,2.0,0.9395338924495371
breast_cancer,5,20,Dirichlet (α=1.0),0.0,2.0,0.6964956170660557
breast_cancer,5,20,Dirichlet (α=0.5),0.0,2.0,0.717854878451539
breast_cancer,5,20,Dirichlet (α=0.1),0.4,1.6,0.41205607691021695
breast_cancer,5,20,Forcé (1 classe/client),1.0,1.0,0.0
breast_cancer,5,21,IID,0.0,2.0,0.9397527671602923
breast_cancer,5,21,Dirichlet (α=10.0),0.0,2.0,0.9234965894074041
breast_cancer,5,21,Dirichlet (α=1.0),0.2,1.8,0.7550757035477529
breast_cancer,5,21,Dirichlet (α=0.5),0.0,2.0,0.9308272102407129
breast_cancer,5,21,Dirichlet (α=0.1),0.6,1.4,0.1678943514932999
breast_cancer,5,21,Forcé (1 classe/client),1.0,1.0,0.0
breast_cancer,5,22,IID,0.0,2.0,0.9472039830166477
breast_cancer,5,22,Dirichlet (α=10.0),0.0,2.0,0.9281952922899483
breast_cancer,5,22,Dirichlet (α=1.0),0.0,2.0,0.9539135455877344
breast_cancer,5,22,Dirichlet (α=0.5),0.2,1.8,0.5072385460433163
breast_cancer,5,22,Dirichlet (α=0.1),0.6,1.4,0.2991271380477821
breast_cancer,5,22,Forcé (1 classe/client),1.0,1.0,0.0
breast_cancer,5,23,IID,0.0,2.0,0.9363053699617492
breast_cancer,5,23,Dirichlet (α=10.0),0.0,2.0,0.9219867360830156
breast_cancer,5,23,Dirichlet (α=1.0),0.0,2.0,0.6208037607265074
breast_cancer,5,23,Dirichlet (α=0.5),0.2,1.8,0.7099099705522769
breast_cancer,5,23,Dirichlet (α=0.1),0.4,1.2,0.2921145347472852
breast_cancer,5,23,Forcé (1 classe/client),1.0,1.0,0.0
breast_cancer,5,24,IID,0.0,2.0,0.9417879242377187
breast_cancer,5,24,Dirichlet (α=10.0),0.0,2.0,0.9071584688968117
breast_cancer,5,24,Dirichlet (α=1.0),0.2,1.8,0.3647539167487369
breast_cancer,5,24,Dirichlet (α=0.5),0.0,2.0,0.8351014561848901
breast_cancer,5,24,Dirichlet (α=0.1),0.4,1.2,0.28751251735451383
breast_cancer,5,24,Forcé (1 classe/client),1.0,1.0,0.0
breast_cancer,5,25,IID,0.0,2.0,0.9509923134025817
breast_cancer,5,25,Dirichlet (α=10.0),0.0,2.0,0.9078824802117827
breast_cancer,5,25,Dirichlet (α=1.0),0.0,2.0,0.6957386732797027
breast_cancer,5,25,Dirichlet (α=0.5),0.0,2.0,0.6200024073676047
breast_cancer,5,25,Dirichlet (α=0.1),0.4,1.2,0.05586816032549437
breast_cancer,5,25,Forcé (1 classe/client),1.0,1.0,0.0
breast_cancer,5,26,IID,0.0,2.0,0.9498710438085821
breast_cancer,5,26,Dirichlet (α=10.0),0.0,2.0,0.9236673152041934
breast_cancer,5,26,Dirichlet (α=1.0),0.0,2.0,0.8280139368954306
breast_cancer,5,26,Dirichlet (α=0.5),0.0,2.0,0.5068781293677533
breast_cancer,5,26,Dirichlet (α=0.1),0.2,1.4,0.268356636785619
breast_cancer,5,26,Forcé (1 classe/client),1.0,1.0,0.0
breast_cancer,5,27,IID,0.0,2.0,0.9483107468093767
breast_cancer,5,27,Dirichlet (α=10.0),0.0,2.0,0.9195197640796392
breast_cancer,5,27,Dirichlet (α=1.0),0.2,1.8,0.37977892930822715
breast_cancer,5,27,Dirichlet (α=0.5),0.0,2.0,0.7111248169193252
breast_cancer,5,27,Dirichlet (α=0.1),0.6,1.4,0.2449289632558967
breast_cancer,5,27,Forcé (1 classe/client),1.0,1.0,0.0
breast_cancer,5,28,IID,0.0,2.0,0.9509200119114807
breast_cancer,5,28,Dirichlet (α=10.0),0.0,2.0,0.9447812816357228
breast_cancer,5,28,Dirichlet (α=1.0),0.0,2.0,0.6499330435674492
breast_cancer,5,28,Dirichlet (α=0.5),0.0,2.0,0.44915775025455895
breast_cancer,5,28,Dirichlet (α=0.1),0.2,1.0,0.18492730313894185
breast_cancer,5,28,Forcé (1 classe/client),1.0,1.0,0.0
breast_cancer,5,29,IID,0.0,2.0,0.9511186676665936
breast_cancer,5,29,Dirichlet (α=10.0),0.0,2.0,0.9354136370917978
breast_cancer,5,29,Dirichlet (α=1.0),0.0,2.0,0.6973905897270425
breast_cancer,5,29,Dirichlet (α=0.5),0.0,2.0,0.6229634388371824
breast_cancer,5,29,Dirichlet (α=0.1),0.4,1.2,0.38579027224852397
breast_cancer,5,29,Forcé (1 classe/client),1.0,1.0,0.0
breast_cancer,10,0,IID,0.0,2.0,0.9384960243344287
breast_cancer,10,0,Dirichlet (α=10.0),0.0,2.0,0.921083843522031
breast_cancer,10,0,Dirichlet (α=1.0),0.0,2.0,0.8272413648630381
breast_cancer,10,0,Dirichlet (α=0.5),0.0,2.0,0.8024561113355029
breast_cancer,10,0,Dirichlet (α=0.1),0.6,1.4,0.19655493742741562
breast_cancer,10,0,Forcé (1 classe/client),1.0,1.0,0.0
breast_cancer,10,1,IID,0.0,2.0,0.9341498885047601
breast_cancer,10,1,Dirichlet (α=10.0),0.0,2.0,0.930742392381408
breast_cancer,10,1,Dirichlet (α=1.0),0.0,2.0,0.7970517695604366
breast_cancer,10,1,Dirichlet (α=0.5),0.3,1.7,0.4382045741111648
breast_cancer,10,1,Dirichlet (α=0.1),0.4,1.4,0.42849136042324726
breast_cancer,10,1,Forcé (1 classe/client),1.0,1.0,0.0
breast_cancer,10,2,IID,0.0,2.0,0.9452785119997399
breast_cancer,10,2,Dirichlet (α=10.0),0.0,2.0,0.9298191729090671
breast_cancer,10,2,Dirichlet (α=1.0),0.0,2.0,0.8614614290738093
breast_cancer,10,2,Dirichlet (α=0.5),0.1,1.9,0.5698087064857017
breast_cancer,10,2,Dirichlet (α=0.1),0.4,1.0,0.08339255618285768
breast_cancer,10,2,Forcé (1 classe/client),1.0,1.0,0.0
breast_cancer,10,3,IID,0.0,2.0,0.937495943005489
breast_cancer,10,3,Dirichlet (α=10.0),0.0,2.0,0.8986944197010691
breast_cancer,10,3,Dirichlet (α=1.0),0.0,2.0,0.663163098555976
breast_cancer,10,3,Dirichlet (α=0.5),0.0,2.0,0.644740079770219
breast_cancer,10,3,Dirichlet (α=0.1),0.4,1.4,0.3749269311637695
breast_cancer,10,3,Forcé (1 classe/client),1.0,1.0,0.0
breast_cancer,10,4,IID,0.0,2.0,0.9420792344739247
breast_cancer,10,4,Dirichlet (α=10.0),0.0,2.0,0.941310893925208
breast_cancer,10,4,Dirichlet (α=1.0),0.0,2.0,0.7954743304898727
breast_cancer,10,4,Dirichlet (α=0.5),0.0,2.0,0.7735994863700875
breast_cancer,10,4,Dirichlet (α=0.1),0.5,1.1,0.26501341831414665
breast_cancer,10,4,Forcé (1 classe/client),1.0,1.0,0.0
breast_cancer,10,5,IID,0.0,2.0,0.9396692113743489
breast_cancer,10,5,Dirichlet (α=10.0),0.0,2.0,0.9434087077671117
breast_cancer,10,5,Dirichlet (α=1.0),0.0,2.0,0.7876619601029865
breast_cancer,10,5,Dirichlet (α=0.5),0.2,1.8,0.576088332303472
breast_cancer,10,5,Dirichlet (α=0.1),0.3,1.3,0.2441137644729535
breast_cancer,10,5,Forcé (1 classe/client),1.0,1.0,0.0
breast_cancer,10,6,IID,0.0,2.0,0.9338384463693841
breast_cancer,10,6,Dirichlet (α=10.0),0.0,2.0,0.9353081773703295
breast_cancer,10,6,Dirichlet (α=1.0),0.0,2.0,0.7800879842839616
breast_cancer,10,6,Dirichlet (α=0.5),0.2,1.8,0.4158093957186403
breast_cancer,10,6,Dirichlet (α=0.1),0.4,1.2,0.1947745342025275
breast_cancer,10,6,Forcé (1 classe/client),1.0,1.0,0.0
breast_cancer,10,7,IID,0.0,2.0,0.9443492313768813
breast_cancer,10,7,Dirichlet (α=10.0),0.0,2.0,0.936488974044288
breast_cancer,10,7,Dirichlet (α=1.0),0.0,2.0,0.7065698206899265
breast_cancer,10,7,Dirichlet (α=0.5),0.0,2.0,0.5843174297097291
breast_cancer,10,7,Dirichlet (α=0.1),0.4,1.0,0.12555591662961613
breast_cancer,10,7,Forcé (1 classe/client),1.0,1.0,0.0
breast_cancer,10,8,IID,0.0,2.0,0.9427612198375062
breast_cancer,10,8,Dirichlet (α=10.0),0.0,2.0,0.9278389976307777
breast_cancer,10,8,Dirichlet (α=1.0),0.0,2.0,0.8814364195608213
breast_cancer,10,8,Dirichlet (α=0.5),0.0,2.0,0.6150580350949392
breast_cancer,10,8,Dirichlet (α=0.1),0.3,1.1,0.14199115443226173
breast_cancer,10,8,Forcé (1 classe/client),1.0,1.0,0.0
breast_cancer,10,9,IID,0.0,2.0,0.9408754218490933
breast_cancer,10,9,Dirichlet (α=10.0),0.0,2.0,0.9389798203461247
breast_cancer,10,9,Dirichlet (α=1.0),0.0,2.0,0.7091447636001436
breast_cancer,10,9,Dirichlet (α=0.5),0.0,2.0,0.812835747838581
breast_cancer,10,9,Dirichlet (α=0.1),0.2,1.6,0.3939228717101831
breast_cancer,10,9,Forcé (1 classe/client),1.0,1.0,0.0
breast_cancer,10,10,IID,0.0,2.0,0.9420409799277778
breast_cancer,10,10,Dirichlet (α=10.0),0.0,2.0,0.9290734096116167
breast_cancer,10,10,Dirichlet (α=1.0),0.0,2.0,0.5668121208824457
breast_cancer,10,10,Dirichlet (α=0.5),0.1,1.9,0.4799119061490423
breast_cancer,10,10,Dirichlet (α=0.1),0.7,1.3,0.17960775784652833
breast_cancer,10,10,Forcé (1 classe/client),1.0,1.0,0.0
breast_cancer,10,11,IID,0.0,2.0,0.9472609320935398
breast_cancer,10,11,Dirichlet (α=10.0),0.0,2.0,0.9403649408554811
breast_cancer,10,11,Dirichlet (α=1.0),0.0,2.0,0.7699216182194576
breast_cancer,10,11,Dirichlet (α=0.5),0.1,1.9,0.689903343451087
breast_cancer,10,11,Dirichlet (α=0.1),0.3,1.3,0.32561312665814723
breast_cancer,10,11,Forcé (1 classe/client),1.0,1.0,0.0
breast_cancer,10,12,IID,0.0,2.0,0.9442966992783088
breast_cancer,10,12,Dirichlet (α=10.0),0.0,2.0,0.9340690031370084
breast_cancer,10,12,Dirichlet (α=1.0),0.0,2.0,0.7872838255638405
breast_cancer,10,12,Dirichlet (α=0.5),0.1,1.9,0.7093247402450424
breast_cancer,10,12,Dirichlet (α=0.1),0.1,1.1,0.4465147197718965
breast_cancer,10,12,Forcé (1 classe/client),1.0,1.0,0.0
breast_cancer,10,13,IID,0.0,2.0,0.9475391288600425
breast_cancer,10,13,Dirichlet (α=10.0),0.0,2.0,0.9345932258625396
breast_cancer,10,13,Dirichlet (α=1.0),0.0,2.0,0.7685535125565931
breast_cancer,10,13,Dirichlet (α=0.5),0.0,2.0,0.633621327467805
breast_cancer,10,13,Dirichlet (α=0.1),0.3,1.3,0.350426486511195
breast_cancer,10,13,Forcé (1 classe/client),1.0,1.0,0.0
breast_cancer,10,14,IID,0.0,2.0,0.9471015201129885
breast_cancer,10,14,Dirichlet (α=10.0),0.0,2.0,0.9081945415056186
breast_cancer,10,14,Dirichlet (α=1.0),0.0,2.0,0.7174091749819322
breast_cancer,10,14,Dirichlet (α=0.5),0.0,2.0,0.8720199346880408
breast_cancer,10,14,Dirichlet (α=0.1),0.6,1.2,0.20731653352876417
breast_cancer,10,14,Forcé (1 classe/client),1.0,1.0,0.0
breast_cancer,10,15,IID,0.0,2.0,0.9362543604164065
breast_cancer,10,15,Dirichlet (α=10.0),0.0,2.0,0.9296630901399394
breast_cancer,10,15,Dirichlet (α=1.0),0.0,2.0,0.6144841850818835
breast_cancer,10,15,Dirichlet (α=0.5),0.1,1.9,0.3305167591029471
breast_cancer,10,15,Dirichlet (α=0.1),0.5,1.3,0.15255068732294702
breast_cancer,10,15,Forcé (1 classe/client),1.0,1.0,0.0
breast_cancer,10,16,IID,0.0,2.0,0.9434892654588068
breast_cancer,10,16,Dirichlet (α=10.0),0.0,2.0,0.9286434346634085
breast_cancer,10,16,Dirichlet (α=1.0),0.0,2.0,0.779310792164338
breast_cancer,10,16,Dirichlet (α=0.5),0.0,2.0,0.42799262899437424
breast_cancer,10,16,Dirichlet (α=0.1),0.4,1.4,0.2677112324009
breast_cancer,10,16,Forcé (1 classe/client),1.0,1.0,0.0
breast_cancer,10,17,IID,0.0,2.0,0.9368201431837747
breast_cancer,10,17,Dirichlet (α=10.0),0.0,2.0,0.9286521437222799
breast_cancer,10,17,Dirichlet (α=1.0),0.2,1.8,0.5472618143121691
breast_cancer,10,17,Dirichlet (α=0.5),0.0,2.0,0.6895385286155286
breast_cancer,10,17,Dirichlet (α=0.1),0.2,1.6,0.49068254003168105
breast_cancer,10,17,Forcé (1 classe/client),1.0,1.0,0.0
breast_cancer,10,18,IID,0.0,2.0,0.9409827420885033
breast_cancer,10,18,Dirichlet (α=10.0),0.0,2.0,0.9288919526159445
breast_cancer,10,18,Dirichlet (α=1.0),0.0,2.0,0.7888127666244124
breast_cancer,10,18,Dirichlet (α=0.5),0.3,1.7,0.30789417856902757
breast_cancer,10,18,Dirichlet (α=0.1),0.6,1.2,0.13189307119384647
breast_cancer,10,18,Forcé (1 classe/client),1.0,1.0,0.0
breast_cancer,10,19,IID,0.0,2.0,0.9339574222706732
breast_cancer,10,19,Dirichlet (α=10.0),0.0,2.0,0.9337169676976638
breast_cancer,10,19,Dirichlet (α=1.0),0.0,2.0,0.7671313739472645
breast_cancer,10,19,Dirichlet (α=0.5),0.1,1.9,0.53908630310279
breast_cancer,10,19,Dirichlet (α=0.1),0.6,1.2,0.20958469045635447
breast_cancer,10,19,Forcé (1 classe/client),1.0,1.0,0.0
breast_cancer,10,20,IID,0.0,2.0,0.945943318064262
breast_cancer,10,20,Dirichlet (α=10.0),0.0,2.0,0.9402477922424897
breast_cancer,10,20,Dirichlet (α=1.0),0.0,2.0,0.7678392394064405
breast_cancer,10,20,Dirichlet (α=0.5),0.0,2.0,0.7028268163103865
breast_cancer,10,20,Dirichlet (α=0.1),0.5,1.3,0.26489550959859376
breast_cancer,10,20,Forcé (1 classe/client),1.0,1.0,0.0
breast_cancer,10,21,IID,0.0,2.0,0.9419462738605946
breast_cancer,10,21,Dirichlet (α=10.0),0.0,2.0,0.9110511943562164
breast_cancer,10,21,Dirichlet (α=1.0),0.1,1.9,0.7091935670259921
breast_cancer,10,21,Dirichlet (α=0.5),0.2,1.8,0.4919550452500519
breast_cancer,10,21,Dirichlet (α=0.1),0.5,0.9,0.04539412446762342
breast_cancer,10,21,Forcé (1 classe/client),1.0,1.0,0.0
breast_cancer,10,22,IID,0.0,2.0,0.9473191389247425
breast_cancer,10,22,Dirichlet (α=10.0),0.0,2.0,0.9139517133605983
breast_cancer,10,22,Dirichlet (α=1.0),0.0,2.0,0.7241439350643727
breast_cancer,10,22,Dirichlet (α=0.5),0.0,2.0,0.5892832251855107
breast_cancer,10,22,Dirichlet (α=0.1),0.4,1.4,0.23213726476908803
breast_cancer,10,22,Forcé (1 classe/client),1.0,1.0,0.0
breast_cancer,10,23,IID,0.0,2.0,0.937546331576697
breast_cancer,10,23,Dirichlet (α=10.0),0.0,2.0,0.9139948411149348
breast_cancer,10,23,Dirichlet (α=1.0),0.0,2.0,0.5759627865567393
breast_cancer,10,23,Dirichlet (α=0.5),0.1,1.9,0.6271445157649518
breast_cancer,10,23,Dirichlet (α=0.1),0.6,1.0,0.009946496537681876
breast_cancer,10,23,Forcé (1 classe/client),1.0,1.0,0.0
breast_cancer,10,24,IID,0.0,2.0,0.9396437189073877
breast_cancer,10,24,Dirichlet (α=10.0),0.0,2.0,0.9231121281498419
breast_cancer,10,24,Dirichlet (α=1.0),0.1,1.9,0.6445588398801847
breast_cancer,10,24,Dirichlet (α=0.5),0.2,1.8,0.5316179637546967
breast_cancer,10,24,Dirichlet (α=0.1),0.4,1.2,0.18469918947497693
breast_cancer,10,24,Forcé (1 classe/client),1.0,1.0,0.0
breast_cancer,10,25,IID,0.0,2.0,0.9346763401674458
breast_cancer,10,25,Dirichlet (α=10.0),0.0,2.0,0.9391454772442028
breast_cancer,10,25,Dirichlet (α=1.0),0.0,2.0,0.7657271663098206
breast_cancer,10,25,Dirichlet (α=0.5),0.1,1.9,0.6324778670491904
breast_cancer,10,25,Dirichlet (α=0.1),0.4,1.2,0.26143654787934395
breast_cancer,10,25,Forcé (1 classe/client),1.0,1.0,0.0
breast_cancer,10,26,IID,0.0,2.0,0.9340889551862448
breast_cancer,10,26,Dirichlet (α=10.0),0.0,2.0,0.9264672094882606
breast_cancer,10,26,Dirichlet (α=1.0),0.0,2.0,0.7644396089498755
breast_cancer,10,26,Dirichlet (α=0.5),0.1,1.9,0.6300626291648905
breast_cancer,10,26,Dirichlet (α=0.1),0.4,1.0,0.16330867466468796
breast_cancer,10,26,Forcé (1 classe/client),1.0,1.0,0.0
breast_cancer,10,27,IID,0.0,2.0,0.9375626793584464
breast_cancer,10,27,Dirichlet (α=10.0),0.0,2.0,0.9182844752746637
breast_cancer,10,27,Dirichlet (α=1.0),0.0,2.0,0.5977713520448388
breast_cancer,10,27,Dirichlet (α=0.5),0.1,1.9,0.5394868820267762
breast_cancer,10,27,Dirichlet (α=0.1),0.2,1.2,0.25759182163460415
breast_cancer,10,27,Forcé (1 classe/client),1.0,1.0,0.0
breast_cancer,10,28,IID,0.0,2.0,0.9471442204397553
breast_cancer,10,28,Dirichlet (α=10.0),0.0,2.0,0.926510746760763
breast_cancer,10,28,Dirichlet (α=1.0),0.0,2.0,0.7257175654449258
breast_cancer,10,28,Dirichlet (α=0.5),0.2,1.8,0.42200962213629517
breast_cancer,10,28,Dirichlet (α=0.1),0.7,1.1,0.10905438532696429
breast_cancer,10,28,Forcé (1 classe/client),1.0,1.0,0.0
breast_cancer,10,29,IID,0.0,2.0,0.947269444780517
breast_cancer,10,29,Dirichlet (α=10.0),0.0,2.0,0.9223821388511751
breast_cancer,10,29,Dirichlet (α=1.0),0.0,2.0,0.7485487110655302
breast_cancer,10,29,Dirichlet (α=0.5),0.1,1.9,0.7442134349900048
breast_cancer,10,29,Dirichlet (α=0.1),0.4,1.0,0.18182883915165107
breast_cancer,10,29,Forcé (1 classe/client),1.0,1.0,0.0
breast_cancer,20,0,IID,0.0,2.0,0.9329765178118843
breast_cancer,20,0,Dirichlet (α=10.0),0.0,2.0,0.9221535827326296
breast_cancer,20,0,Dirichlet (α=1.0),0.05,1.95,0.702506177466893
breast_cancer,20,0,Dirichlet (α=0.5),0.2,1.7,0.532524859012541
breast_cancer,20,0,Dirichlet (α=0.1),0.45,0.85,0.13675852190247878
breast_cancer,20,0,Forcé (1 classe/client),1.0,1.0,0.0
breast_cancer,20,1,IID,0.0,2.0,0.9277834888929755
breast_cancer,20,1,Dirichlet (α=10.0),0.0,2.0,0.9314333700838453
breast_cancer,20,1,Dirichlet (α=1.0),0.0,2.0,0.772521424434244
breast_cancer,20,1,Dirichlet (α=0.5),0.2,1.8,0.5186300669962899
breast_cancer,20,1,Dirichlet (α=0.1),0.3,1.1,0.25419213054017387
breast_cancer,20,1,Forcé (1 classe/client),1.0,1.0,0.0
breast_cancer,20,2,IID,0.0,2.0,0.9303141626145418
breast_cancer,20,2,Dirichlet (α=10.0),0.0,2.0,0.9175342570665498
breast_cancer,20,2,Dirichlet (α=1.0),0.0,2.0,0.6531330721873435
breast_cancer,20,2,Dirichlet (α=0.5),0.0,2.0,0.6916601170292113
breast_cancer,20,2,Dirichlet (α=0.1),0.55,0.95,0.15769088579822776
breast_cancer,20,2,Forcé (1 classe/client),1.0,1.0,0.0
breast_cancer,20,3,IID,0.0,2.0,0.9391632970990325
breast_cancer,20,3,Dirichlet (α=10.0),0.0,2.0,0.938456298342164
breast_cancer,20,3,Dirichlet (α=1.0),0.1,1.9,0.6894806330245034
breast_cancer,20,3,Dirichlet (α=0.5),0.05,1.75,0.615091741755702
breast_cancer,20,3,Dirichlet (α=0.1),0.45,1.05,0.18761949303417308
breast_cancer,20,3,Forcé (1 classe/client),1.0,1.0,0.0
breast_cancer,20,4,IID,0.0,2.0,0.930058951916744
breast_cancer,20,4,Dirichlet (α=10.0),0.0,2.0,0.9372905537317399
breast_cancer,20,4,Dirichlet (α=1.0),0.15,1.85,0.6310035988855235
breast_cancer,20,4,Dirichlet (α=0.5),0.15,1.85,0.5100405158134658
breast_cancer,20,4,Dirichlet (α=0.1),0.3,1.0,0.23972479467880378
breast_cancer,20,4,Forcé (1 classe/client),1.0,1.0,0.0
breast_cancer,20,5,IID,0.0,2.0,0.9417220870812011
breast_cancer,20,5,Dirichlet (α=10.0),0.0,2.0,0.9238465199564022
breast_cancer,20,5,Dirichlet (α=1.0),0.2,1.8,0.6553964803824661
breast_cancer,20,5,Dirichlet (α=0.5),0.15,1.85,0.51579519376333
breast_cancer,20,5,Dirichlet (α=0.1),0.35,1.05,0.1638127813048223
breast_cancer,20,5,Forcé (1 classe/client),1.0,1.0,0.0
breast_cancer,20,6,IID,0.0,2.0,0.9382172190928809
breast_cancer,20,6,Dirichlet (α=10.0),0.0,2.0,0.9158297923577369
breast_cancer,20,6,Dirichlet (α=1.0),0.05,1.95,0.6441846414703921
breast_cancer,20,6,Dirichlet (α=0.5),0.15,1.85,0.6462801374991655
breast_cancer,20,6,Dirichlet (α=0.1),0.45,1.25,0.2809240812650263
breast_cancer,20,6,Forcé (1 classe/client),1.0,1.0,0.0
breast_cancer,20,7,IID,0.0,2.0,0.9302741718448443
breast_cancer,20,7,Dirichlet (α=10.0),0.0,2.0,0.9315797961082783
breast_cancer,20,7,Dirichlet (α=1.0),0.0,1.9,0.7205950053757907
breast_cancer,20,7,Dirichlet (α=0.5),0.15,1.85,0.5592748354884175
breast_cancer,20,7,Dirichlet (α=0.1),0.35,1.05,0.15132149755215304
breast_cancer,20,7,Forcé (1 classe/client),1.0,1.0,0.0
breast_cancer,20,8,IID,0.0,2.0,0.9432131707095305
breast_cancer,20,8,Dirichlet (α=10.0),0.0,2.0,0.9394404788133563
breast_cancer,20,8,Dirichlet (α=1.0),0.0,2.0,0.8698783030162233
breast_cancer,20,8,Dirichlet (α=0.5),0.15,1.85,0.5241636425450069
breast_cancer,20,8,Dirichlet (α=0.1),0.3,0.8,0.08425266356416546
breast_cancer,20,8,Forcé (1 classe/client),1.0,1.0,0.0
breast_cancer,20,9,IID,0.0,2.0,0.9250669931754114
breast_cancer,20,9,Dirichlet (α=10.0),0.0,2.0,0.9155786987266694
breast_cancer,20,9,Dirichlet (α=1.0),0.05,1.95,0.7484049992654807
breast_cancer,20,9,Dirichlet (α=0.5),0.05,1.85,0.5961015547416768
breast_cancer,20,9,Dirichlet (α=0.1),0.55,1.05,0.17795541663409237
breast_cancer,20,9,Forcé (1 classe/client),1.0,1.0,0.0
breast_cancer,20,10,IID,0.0,2.0,0.9221813341133611
breast_cancer,20,10,Dirichlet (α=10.0),0.0,2.0,0.9287361702910191
breast_cancer,20,10,Dirichlet (α=1.0),0.15,1.85,0.6694608360878176
breast_cancer,20,10,Dirichlet (α=0.5),0.15,1.85,0.49567316079613494
breast_cancer,20,10,Dirichlet (α=0.1),0.6,1.0,0.10365073011241659
breast_cancer,20,10,Forcé (1 classe/client),1.0,1.0,0.0
breast_cancer,20,11,IID,0.0,2.0,0.9305670900655143
breast_cancer,20,11,Dirichlet (α=10.0),0.0,2.0,0.9258742019482333
breast_cancer,20,11,Dirichlet (α=1.0),0.1,1.9,0.6331220734561638
breast_cancer,20,11,Dirichlet (α=0.5),0.2,1.8,0.5016823251580266
breast_cancer,20,11,Dirichlet (α=0.1),0.45,0.85,0.07123107725707684
breast_cancer,20,11,Forcé (1 classe/client),1.0,1.0,0.0
breast_cancer,20,12,IID,0.0,2.0,0.9288017492328013
breast_cancer,20,12,Dirichlet (α=10.0),0.0,2.0,0.9223010272017353
breast_cancer,20,12,Dirichlet (α=1.0),0.1,1.9,0.661440201365745
breast_cancer,20,12,Dirichlet (α=0.5),0.15,1.85,0.5765508158248622
breast_cancer,20,12,Dirichlet (α=0.1),0.45,0.85,0.12763343227190654
breast_cancer,20,12,Forcé (1 classe/client),1.0,1.0,0.0
breast_cancer,20,13,IID,0.0,2.0,0.929960037382461
breast_cancer,20,13,Dirichlet (α=10.0),0.0,2.0,0.937145479581997
breast_cancer,20,13,Dirichlet (α=1.0),0.15,1.85,0.5881648401562709
breast_cancer,20,13,Dirichlet (α=0.5),0.15,1.85,0.6121344186483884
breast_cancer,20,13,Dirichlet (α=0.1),0.65,1.05,0.18647869792568111
breast_cancer,20,13,Forcé (1 classe/client),1.0,1.0,0.0
breast_cancer,20,14,IID,0.0,2.0,0.925816317187959
breast_cancer,20,14,Dirichlet (α=10.0),0.0,2.0,0.9197102980172425
breast_cancer,20,14,Dirichlet (α=1.0),0.1,1.9,0.630569266752869
breast_cancer,20,14,Dirichlet (α=0.5),0.05,1.85,0.6969407579191257
breast_cancer,20,14,Dirichlet (α=0.1),0.4,1.2,0.19271386264122065
breast_cancer,20,14,Forcé (1 classe/client),1.0,1.0,0.0
breast_cancer,20,15,IID,0.0,2.0,0.9258662472801544
breast_cancer,20,15,Dirichlet (α=10.0),0.0,2.0,0.920577187386645
breast_cancer,20,15,Dirichlet (α=1.0),0.1,1.9,0.6655176497216495
breast_cancer,20,15,Dirichlet (α=0.5),0.2,1.8,0.5245897806590067
breast_cancer,20,15,Dirichlet (α=0.1),0.25,0.75,0.1685020625996241
breast_cancer,20,15,Forcé (1 classe/client),1.0,1.0,0.0
breast_cancer,20,16,IID,0.0,2.0,0.9360651733537411
breast_cancer,20,16,Dirichlet (α=10.0),0.0,2.0,0.9339775018800875
breast_cancer,20,16,Dirichlet (α=1.0),0.05,1.95,0.6129171585494944
breast_cancer,20,16,Dirichlet (α=0.5),0.2,1.7,0.419772081989845
breast_cancer,20,16,Dirichlet (α=0.1),0.3,1.0,0.3160234290114691
breast_cancer,20,16,Forcé (1 classe/client),1.0,1.0,0.0
breast_cancer,20,17,IID,0.0,2.0,0.924266819852442
breast_cancer,20,17,Dirichlet (α=10.0),0.0,2.0,0.9393612155727885
breast_cancer,20,17,Dirichlet (α=1.0),0.0,2.0,0.6455978045946237
breast_cancer,20,17,Dirichlet (α=0.5),0.1,1.9,0.528909250252327
breast_cancer,20,17,Dirichlet (α=0.1),0.5,1.3,0.22861102909205816
breast_cancer,20,17,Forcé (1 classe/client),1.0,1.0,0.0
breast_cancer,20,18,IID,0.0,2.0,0.9276693818729628
breast_cancer,20,18,Dirichlet (α=10.0),0.0,2.0,0.9303687756308149
breast_cancer,20,18,Dirichlet (α=1.0),0.15,1.85,0.5943806760452499
breast_cancer,20,18,Dirichlet (α=0.5),0.1,1.9,0.526634741482824
breast_cancer,20,18,Dirichlet (α=0.1),0.45,1.25,0.3159792882430273
breast_cancer,20,18,Forcé (1 classe/client),1.0,1.0,0.0
breast_cancer,20,19,IID,0.0,2.0,0.9370823822139009
breast_cancer,20,19,Dirichlet (α=10.0),0.0,2.0,0.91814565395059
breast_cancer,20,19,Dirichlet (α=1.0),0.05,1.95,0.6792853579975253
breast_cancer,20,19,Dirichlet (α=0.5),0.1,1.8,0.5924792396094326
breast_cancer,20,19,Dirichlet (α=0.1),0.45,1.35,0.32441682422323537
breast_cancer,20,19,Forcé (1 classe/client),1.0,1.0,0.0
breast_cancer,20,20,IID,0.0,2.0,0.9227709755150109
breast_cancer,20,20,Dirichlet (α=10.0),0.0,2.0,0.8999987966556683
breast_cancer,20,20,Dirichlet (α=1.0),0.1,1.9,0.6358517978806958
breast_cancer,20,20,Dirichlet (α=0.5),0.15,1.75,0.6048415495009427
breast_cancer,20,20,Dirichlet (α=0.1),0.3,1.1,0.26001443653018086
breast_cancer,20,20,Forcé (1 classe/client),1.0,1.0,0.0
breast_cancer,20,21,IID,0.0,2.0,0.931067785424518
breast_cancer,20,21,Dirichlet (α=10.0),0.0,2.0,0.9250757620487434
breast_cancer,20,21,Dirichlet (α=1.0),0.05,1.85,0.6042753633973049
breast_cancer,20,21,Dirichlet (α=0.5),0.1,1.9,0.6569431042393068
breast_cancer,20,21,Dirichlet (α=0.1),0.4,0.8,0.14750664220847926
breast_cancer,20,21,Forcé (1 classe/client),1.0,1.0,0.0
breast_cancer,20,22,IID,0.0,2.0,0.9225509906177646
breast_cancer,20,22,Dirichlet (α=10.0),0.0,2.0,0.9267568253458647
breast_cancer,20,22,Dirichlet (α=1.0),0.2,1.8,0.5993218605591483
breast_cancer,20,22,Dirichlet (α=0.5),0.1,1.8,0.5451362643862759
breast_cancer,20,22,Dirichlet (α=0.1),0.25,0.65,0.029588992009600423
breast_cancer,20,22,Forcé (1 classe/client),1.0,1.0,0.0
breast_cancer,20,23,IID,0.0,2.0,0.9406730573679221
breast_cancer,20,23,Dirichlet (α=10.0),0.0,2.0,0.9239679200235242
breast_cancer,20,23,Dirichlet (α=1.0),0.05,1.95,0.7166758469807404
breast_cancer,20,23,Dirichlet (α=0.5),0.2,1.8,0.48709905804412623
breast_cancer,20,23,Dirichlet (α=0.1),0.45,0.75,0.11087220198301082
breast_cancer,20,23,Forcé (1 classe/client),1.0,1.0,0.0
breast_cancer,20,24,IID,0.0,2.0,0.9326512900969364
breast_cancer,20,24,Dirichlet (α=10.0),0.0,2.0,0.9116216848264747
breast_cancer,20,24,Dirichlet (α=1.0),0.05,1.95,0.7240085385978153
breast_cancer,20,24,Dirichlet (α=0.5),0.2,1.8,0.5479425842421309
breast_cancer,20,24,Dirichlet (α=0.1),0.45,0.75,0.062465103116957965
breast_cancer,20,24,Forcé (1 classe/client),1.0,1.0,0.0
breast_cancer,20,25,IID,0.0,2.0,0.9381644575838474
breast_cancer,20,25,Dirichlet (α=10.0),0.0,2.0,0.9182582297732387
breast_cancer,20,25,Dirichlet (α=1.0),0.05,1.95,0.6788252409980793
breast_cancer,20,25,Dirichlet (α=0.5),0.15,1.75,0.5204353437388562
breast_cancer,20,25,Dirichlet (α=0.1),0.3,1.1,0.26291680683742874
breast_cancer,20,25,Forcé (1 classe/client),1.0,1.0,0.0
breast_cancer,20,26,IID,0.0,2.0,0.9114611948240918
breast_cancer,20,26,Dirichlet (α=10.0),0.0,2.0,0.9280477822084489
breast_cancer,20,26,Dirichlet (α=1.0),0.0,2.0,0.7301503262747078
breast_cancer,20,26,Dirichlet (α=0.5),0.25,1.65,0.46920438261704306
breast_cancer,20,26,Dirichlet (α=0.1),0.25,0.95,0.21760766467061007
breast_cancer,20,26,Forcé (1 classe/client),1.0,1.0,0.0
breast_cancer,20,27,IID,0.0,2.0,0.9383659034268563
breast_cancer,20,27,Dirichlet (α=10.0),0.0,2.0,0.9315365837942489
breast_cancer,20,27,Dirichlet (α=1.0),0.1,1.9,0.6386319716806622
breast_cancer,20,27,Dirichlet (α=0.5),0.3,1.7,0.48288432960984096
breast_cancer,20,27,Dirichlet (α=0.1),0.35,1.05,0.21202752841994804
breast_cancer,20,27,Forcé (1 classe/client),1.0,1.0,0.0
breast_cancer,20,28,IID,0.0,2.0,0.9159407822395215
breast_cancer,20,28,Dirichlet (α=10.0),0.0,2.0,0.9014812277981401
breast_cancer,20,28,Dirichlet (α=1.0),0.0,2.0,0.8153959490282313
breast_cancer,20,28,Dirichlet (α=0.5),0.25,1.75,0.4965647571562296
breast_cancer,20,28,Dirichlet (α=0.1),0.4,1.0,0.18155029501210404
breast_cancer,20,28,Forcé (1 classe/client),1.0,1.0,0.0
breast_cancer,20,29,IID,0.0,2.0,0.9257820350118035
breast_cancer,20,29,Dirichlet (α=10.0),0.0,2.0,0.9371370949396359
breast_cancer,20,29,Dirichlet (α=1.0),0.15,1.85,0.6221418929554905
breast_cancer,20,29,Dirichlet (α=0.5),0.15,1.65,0.530984726204921
breast_cancer,20,29,Dirichlet (α=0.1),0.6,0.8,0.02773988120484982
breast_cancer,20,29,Forcé (1 classe/client),1.0,1.0,0.0
breast_cancer,50,0,IID,0.0,2.0,0.8907869835885106
breast_cancer,50,0,Dirichlet (α=10.0),0.0,2.0,0.9024481117304849
breast_cancer,50,0,Dirichlet (α=1.0),0.18,1.82,0.6307378895765475
breast_cancer,50,0,Dirichlet (α=0.5),0.18,1.66,0.5264253356956692
breast_cancer,50,0,Dirichlet (α=0.1),0.42,0.9,0.17018437866448502
breast_cancer,50,0,Forcé (1 classe/client),1.0,1.0,0.0
breast_cancer,50,1,IID,0.02,1.98,0.869902938666425
breast_cancer,50,1,Dirichlet (α=10.0),0.0,2.0,0.9166752593049604
breast_cancer,50,1,Dirichlet (α=1.0),0.12,1.84,0.6997333439181669
breast_cancer,50,1,Dirichlet (α=0.5),0.2,1.56,0.5158429851819029
breast_cancer,50,1,Dirichlet (α=0.1),0.34,0.9,0.19353889364312338
breast_cancer,50,1,Forcé (1 classe/client),1.0,1.0,0.0
breast_cancer,50,2,IID,0.0,2.0,0.8919996858926096
breast_cancer,50,2,Dirichlet (α=10.0),0.0,2.0,0.9132817218431402
breast_cancer,50,2,Dirichlet (α=1.0),0.14,1.78,0.6638122996200347
breast_cancer,50,2,Dirichlet (α=0.5),0.3,1.62,0.4893431524271035
breast_cancer,50,2,Dirichlet (α=0.1),0.36,0.96,0.2114540482682662
breast_cancer,50,2,Forcé (1 classe/client),1.0,1.0,0.0
breast_cancer,50,3,IID,0.0,2.0,0.8725877122106175
breast_cancer,50,3,Dirichlet (α=10.0),0.0,2.0,0.9305759906254528
breast_cancer,50,3,Dirichlet (α=1.0),0.18,1.78,0.621183950389696
breast_cancer,50,3,Dirichlet (α=0.5),0.38,1.58,0.45706937401465114
breast_cancer,50,3,Dirichlet (α=0.1),0.4,1.0,0.22548739298127501
breast_cancer,50,3,Forcé (1 classe/client),1.0,1.0,0.0
breast_cancer,50,4,IID,0.02,1.98,0.8713575582141064
breast_cancer,50,4,Dirichlet (α=10.0),0.0,2.0,0.9236763784232294
breast_cancer,50,4,Dirichlet (α=1.0),0.14,1.86,0.6632621082041851
breast_cancer,50,4,Dirichlet (α=0.5),0.32,1.68,0.5009936648937974
breast_cancer,50,4,Dirichlet (α=0.1),0.44,0.84,0.15328384261451733
breast_cancer,50,4,Forcé (1 classe/client),1.0,1.0,0.0
breast_cancer,50,5,IID,0.0,2.0,0.9027065518835026
breast_cancer,50,5,Dirichlet (α=10.0),0.0,2.0,0.9154308453202334
breast_cancer,50,5,Dirichlet (α=1.0),0.06,1.86,0.7024928848990535
breast_cancer,50,5,Dirichlet (α=0.5),0.26,1.58,0.46940469301258503
breast_cancer,50,5,Dirichlet (α=0.1),0.4,0.92,0.21580396407536814
breast_cancer,50,5,Forcé (1 classe/client),1.0,1.0,0.0
breast_cancer,50,6,IID,0.0,2.0,0.8880418099280172
breast_cancer,50,6,Dirichlet (α=10.0),0.0,2.0,0.9264437902411129
breast_cancer,50,6,Dirichlet (α=1.0),0.08,1.88,0.6800647499754977
breast_cancer,50,6,Dirichlet (α=0.5),0.32,1.52,0.4465296304318829
breast_cancer,50,6,Dirichlet (α=0.1),0.42,0.82,0.14643735042949935
breast_cancer,50,6,Forcé (1 classe/client),1.0,1.0,0.0
breast_cancer,50,7,IID,0.0,2.0,0.8820214885635886
breast_cancer,50,7,Dirichlet (α=10.0),0.0,2.0,0.9108830291762905
breast_cancer,50,7,Dirichlet (α=1.0),0.26,1.74,0.5994951920227052
breast_cancer,50,7,Dirichlet (α=0.5),0.3,1.54,0.4860601003267951
breast_cancer,50,7,Dirichlet (α=0.1),0.44,0.92,0.131430476155408
breast_cancer,50,7,Forcé (1 classe/client),1.0,1.0,0.0
breast_cancer,50,8,IID,0.02,1.98,0.8637795272209347
breast_cancer,50,8,Dirichlet (α=10.0),0.0,2.0,0.9280245846578363
breast_cancer,50,8,Dirichlet (α=1.0),0.2,1.72,0.5808016605208473
breast_cancer,50,8,Dirichlet (α=0.5),0.3,1.7,0.5359390460271644
breast_cancer,50,8,Dirichlet (α=0.1),0.28,0.88,0.23092429948076645
breast_cancer,50,8,Forcé (1 classe/client),1.0,1.0,0.0
breast_cancer,50,9,IID,0.0,2.0,0.8951668092548588
breast_cancer,50,9,Dirichlet (α=10.0),0.0,2.0,0.9221346526683066
breast_cancer,50,9,Dirichlet (α=1.0),0.1,1.86,0.7178524006271212
breast_cancer,50,9,Dirichlet (α=0.5),0.18,1.74,0.5689806617130744
breast_cancer,50,9,Dirichlet (α=0.1),0.32,0.88,0.21222991063464874
breast_cancer,50,9,Forcé (1 classe/client),1.0,1.0,0.0
breast_cancer,50,10,IID,0.02,1.98,0.8767917668142639
breast_cancer,50,10,Dirichlet (α=10.0),0.0,2.0,0.9232122378204948
breast_cancer,50,10,Dirichlet (α=1.0),0.14,1.82,0.6539415752033204
breast_cancer,50,10,Dirichlet (α=0.5),0.26,1.54,0.4590006516505863
breast_cancer,50,10,Dirichlet (α=0.1),0.36,0.92,0.22999538717155335
breast_cancer,50,10,Forcé (1 classe/client),1.0,1.0,0.0
breast_cancer,50,11,IID,0.0,2.0,0.9025620801944062
breast_cancer,50,11,Dirichlet (α=10.0),0.0,2.0,0.9112765280306082
breast_cancer,50,11,Dirichlet (α=1.0),0.16,1.8,0.6400594877867769
breast_cancer,50,11,Dirichlet (α=0.5),0.16,1.72,0.5985197177658556
breast_cancer,50,11,Dirichlet (α=0.1),0.38,0.94,0.2164961748063928
breast_cancer,50,11,Forcé (1 classe/client),1.0,1.0,0.0
breast_cancer,50,12,IID,0.0,2.0,0.9006961084813665
breast_cancer,50,12,Dirichlet (α=10.0),0.0,2.0,0.9296801324759528
breast_cancer,50,12,Dirichlet (α=1.0),0.14,1.82,0.6878719763147352
breast_cancer,50,12,Dirichlet (α=0.5),0.22,1.7,0.5270111721582631
breast_cancer,50,12,Dirichlet (α=0.1),0.36,1.0,0.21396326396986204
breast_cancer,50,12,Forcé (1 classe/client),1.0,1.0,0.0
breast_cancer,50,13,IID,0.02,1.98,0.8719721409378073
breast_cancer,50,13,Dirichlet (α=10.0),0.0,2.0,0.9141362186947982
breast_cancer,50,13,Dirichlet (α=1.0),0.18,1.82,0.6122069866388311
breast_cancer,50,13,Dirichlet (α=0.5),0.42,1.46,0.37911355154575643
breast_cancer,50,13,Dirichlet (α=0.1),0.3,1.06,0.3219881332384493
breast_cancer,50,13,Forcé (1 classe/client),1.0,1.0,0.0
breast_cancer,50,14,IID,0.0,2.0,0.9017684142388991
breast_cancer,50,14,Dirichlet (α=10.0),0.0,2.0,0.927072389188905
breast_cancer,50,14,Dirichlet (α=1.0),0.16,1.8,0.662368893356448
breast_cancer,50,14,Dirichlet (α=0.5),0.36,1.52,0.43118656951374407
breast_cancer,50,14,Dirichlet (α=0.1),0.28,0.84,0.22484229905815106
breast_cancer,50,14,Forcé (1 classe/client),1.0,1.0,0.0
breast_cancer,50,15,IID,0.0,2.0,0.8724698497869123
breast_cancer,50,15,Dirichlet (α=10.0),0.0,2.0,0.9238970202133368
breast_cancer,50,15,Dirichlet (α=1.0),0.14,1.86,0.6874357664682854
breast_cancer,50,15,Dirichlet (α=0.5),0.24,1.64,0.5196860481418497
breast_cancer,50,15,Dirichlet (α=0.1),0.4,0.96,0.18301793480809325
breast_cancer,50,15,Forcé (1 classe/client),1.0,1.0,0.0
breast_cancer,50,16,IID,0.0,2.0,0.8784906718482637
breast_cancer,50,16,Dirichlet (α=10.0),0.0,2.0,0.9254120131923821
breast_cancer,50,16,Dirichlet (α=1.0),0.2,1.76,0.6128902382646706
breast_cancer,50,16,Dirichlet (α=0.5),0.22,1.66,0.5392142378361923
breast_cancer,50,16,Dirichlet (α=0.1),0.38,0.74,0.1209777108568893
breast_cancer,50,16,Forcé (1 classe/client),1.0,1.0,0.0
breast_cancer,50,17,IID,0.0,2.0,0.9022459868031845
breast_cancer,50,17,Dirichlet (α=10.0),0.0,2.0,0.915149201035717
breast_cancer,50,17,Dirichlet (α=1.0),0.14,1.82,0.6713310724449236
breast_cancer,50,17,Dirichlet (α=0.5),0.24,1.68,0.5465111224425173
breast_cancer,50,17,Dirichlet (α=0.1),0.28,1.0,0.2507592734620378
breast_cancer,50,17,Forcé (1 classe/client),1.0,1.0,0.0
breast_cancer,50,18,IID,0.0,2.0,0.8870988896086217
breast_cancer,50,18,Dirichlet (α=10.0),0.0,2.0,0.9114714527032355
breast_cancer,50,18,Dirichlet (α=1.0),0.18,1.82,0.6467068952282944
breast_cancer,50,18,Dirichlet (α=0.5),0.26,1.62,0.5369002366204427
breast_cancer,50,18,Dirichlet (α=0.1),0.42,0.9,0.1413535853929924
breast_cancer,50,18,Forcé (1 classe/client),1.0,1.0,0.0
breast_cancer,50,19,IID,0.02,1.98,0.8668866814293713
breast_cancer,50,19,Dirichlet (α=10.0),0.0,2.0,0.9269576269896931
breast_cancer,50,19,Dirichlet (α=1.0),0.12,1.88,0.7069184268129781
breast_cancer,50,19,Dirichlet (α=0.5),0.24,1.68,0.5152386861707962
breast_cancer,50,19,Dirichlet (α=0.1),0.4,0.96,0.24772209274309767
breast_cancer,50,19,Forcé (1 classe/client),1.0,1.0,0.0
breast_cancer,50,20,IID,0.0,2.0,0.8867929882059232
breast_cancer,50,20,Dirichlet (α=10.0),0.0,2.0,0.9215085722243971
breast_cancer,50,20,Dirichlet (α=1.0),0.16,1.84,0.6321472264590864
breast_cancer,50,20,Dirichlet (α=0.5),0.24,1.6,0.5171955986895572
breast_cancer,50,20,Dirichlet (α=0.1),0.24,1.04,0.31340192339292555
breast_cancer,50,20,Forcé (1 classe/client),1.0,1.0,0.0
breast_cancer,50,21,IID,0.02,1.98,0.8585793922701842
breast_cancer,50,21,Dirichlet (α=10.0),0.0,2.0,0.9167270661441345
breast_cancer,50,21,Dirichlet (α=1.0),0.12,1.88,0.6809207302856101
breast_cancer,50,21,Dirichlet (α=0.5),0.32,1.6,0.4827432828781648
breast_cancer,50,21,Dirichlet (α=0.1),0.32,1.16,0.3403481462165032
breast_cancer,50,21,Forcé (1 classe/client),1.0,1.0,0.0
breast_cancer,50,22,IID,0.0,2.0,0.8855083814313978
breast_cancer,50,22,Dirichlet (α=10.0),0.0,2.0,0.9302614877810705
breast_cancer,50,22,Dirichlet (α=1.0),0.08,1.84,0.7005259623278406
breast_cancer,50,22,Dirichlet (α=0.5),0.22,1.7,0.5288063704463328
breast_cancer,50,22,Dirichlet (α=0.1),0.36,0.92,0.19582112441884209
breast_cancer,50,22,Forcé (1 classe/client),1.0,1.0,0.0
breast_cancer,50,23,IID,0.0,2.0,0.8960454122743117
breast_cancer,50,23,Dirichlet (α=10.0),0.0,2.0,0.9081674234077204
breast_cancer,50,23,Dirichlet (α=1.0),0.1,1.9,0.7189837156677524
breast_cancer,50,23,Dirichlet (α=0.5),0.32,1.64,0.49188209933740723
breast_cancer,50,23,Dirichlet (α=0.1),0.36,0.84,0.1751937316190746
breast_cancer,50,23,Forcé (1 classe/client),1.0,1.0,0.0
breast_cancer,50,24,IID,0.02,1.98,0.8621022628063195
breast_cancer,50,24,Dirichlet (α=10.0),0.0,2.0,0.9101823911960919
breast_cancer,50,24,Dirichlet (α=1.0),0.14,1.86,0.6807480331471107
breast_cancer,50,24,Dirichlet (α=0.5),0.24,1.68,0.5005232008631793
breast_cancer,50,24,Dirichlet (α=0.1),0.28,0.92,0.21091775729883622
breast_cancer,50,24,Forcé (1 classe/client),1.0,1.0,0.0
breast_cancer,50,25,IID,0.0,2.0,0.8911408181356805
breast_cancer,50,25,Dirichlet (α=10.0),0.0,2.0,0.9246671497082589
breast_cancer,50,25,Dirichlet (α=1.0),0.2,1.72,0.5993584977420938
breast_cancer,50,25,Dirichlet (α=0.5),0.16,1.76,0.6435070799891897
breast_cancer,50,25,Dirichlet (α=0.1),0.38,0.78,0.1325680855176702
breast_cancer,50,25,Forcé (1 classe/client),1.0,1.0,0.0
breast_cancer,50,26,IID,0.0,2.0,0.8903258926314556
breast_cancer,50,26,Dirichlet (α=10.0),0.0,2.0,0.9131991710330888
breast_cancer,50,26,Dirichlet (α=1.0),0.2,1.8,0.5927464186488764
breast_cancer,50,26,Dirichlet (α=0.5),0.28,1.68,0.5193749262308992
breast_cancer,50,26,Dirichlet (α=0.1),0.44,0.88,0.1649688034134697
breast_cancer,50,26,Forcé (1 classe/client),1.0,1.0,0.0
breast_cancer,50,27,IID,0.02,1.98,0.8721533375128988
breast_cancer,50,27,Dirichlet (α=10.0),0.0,2.0,0.9237354240054784
breast_cancer,50,27,Dirichlet (α=1.0),0.1,1.82,0.6460457497767466
breast_cancer,50,27,Dirichlet (α=0.5),0.18,1.62,0.5428988441351347
breast_cancer,50,27,Dirichlet (α=0.1),0.38,0.94,0.22255091672346392
breast_cancer,50,27,Forcé (1 classe/client),1.0,1.0,0.0
breast_cancer,50,28,IID,0.0,2.0,0.8986238072492765
breast_cancer,50,28,Dirichlet (α=10.0),0.0,2.0,0.9154688973567287
breast_cancer,50,28,Dirichlet (α=1.0),0.12,1.88,0.7083152509724059
breast_cancer,50,28,Dirichlet (α=0.5),0.3,1.58,0.5012928576176144
breast_cancer,50,28,Dirichlet (α=0.1),0.3,0.94,0.24463823104653032
breast_cancer,50,28,Forcé (1 classe/client),1.0,1.0,0.0
breast_cancer,50,29,IID,0.0,2.0,0.9061736909902878
breast_cancer,50,29,Dirichlet (α=10.0),0.0,2.0,0.921385250480693
breast_cancer,50,29,Dirichlet (α=1.0),0.16,1.76,0.6332583411213978
breast_cancer,50,29,Dirichlet (α=0.5),0.24,1.56,0.48317018872436557
breast_cancer,50,29,Dirichlet (α=0.1),0.38,0.94,0.24048657921944014
breast_cancer,50,29,Forcé (1 classe/client),1.0,1.0,0.0
breast_cancer,75,0,IID,0.0,2.0,0.8720225673151247
breast_cancer,75,0,Dirichlet (α=10.0),0.0,2.0,0.9133593352492689
breast_cancer,75,0,Dirichlet (α=1.0),0.24,1.7333333333333334,0.6232198196553085
breast_cancer,75,0,Dirichlet (α=0.5),0.22666666666666666,1.6933333333333334,0.6042148589385674
breast_cancer,75,0,Dirichlet (α=0.1),0.30666666666666664,0.6533333333333333,0.16151146382227402
breast_cancer,75,0,Forcé (1 classe/client),1.0,1.0,0.0
breast_cancer,75,1,IID,0.02666666666666667,1.9733333333333334,0.8409592859099239
breast_cancer,75,1,Dirichlet (α=10.0),0.0,2.0,0.9230108653260138
breast_cancer,75,1,Dirichlet (α=1.0),0.21333333333333335,1.68,0.5936230721851151
breast_cancer,75,1,Dirichlet (α=0.5),0.41333333333333333,1.5333333333333334,0.4407628917246177
breast_cancer,75,1,Dirichlet (α=0.1),0.28,0.8933333333333333,0.2431424559855427
breast_cancer,75,1,Forcé (1 classe/client),1.0,1.0,0.0
breast_cancer,75,2,IID,0.02666666666666667,1.9733333333333334,0.8452296868560214
breast_cancer,75,2,Dirichlet (α=10.0),0.0,2.0,0.9243763147090328
breast_cancer,75,2,Dirichlet (α=1.0),0.09333333333333334,1.8533333333333333,0.7155062969995991
breast_cancer,75,2,Dirichlet (α=0.5),0.32,1.4933333333333334,0.43876773956044407
breast_cancer,75,2,Dirichlet (α=0.1),0.37333333333333335,0.96,0.22966563996376063
breast_cancer,75,2,Forcé (1 classe/client),1.0,1.0,0.0
breast_cancer,75,3,IID,0.04,1.96,0.8514629767416555
breast_cancer,75,3,Dirichlet (α=10.0),0.0,2.0,0.9167997075535808
breast_cancer,75,3,Dirichlet (α=1.0),0.17333333333333334,1.8,0.6780891707894483
breast_cancer,75,3,Dirichlet (α=0.5),0.32,1.6,0.5102963905497544
breast_cancer,75,3,Dirichlet (α=0.1),0.32,0.7733333333333333,0.18897851556621756
breast_cancer,75,3,Forcé (1 classe/client),1.0,1.0,0.0
breast_cancer,75,4,IID,0.04,1.96,0.8365726361710089
breast_cancer,75,4,Dirichlet (α=10.0),0.0,2.0,0.9265396575975444
breast_cancer,75,4,Dirichlet (α=1.0),0.22666666666666666,1.6933333333333334,0.5814655138195106
breast_cancer,75,4,Dirichlet (α=0.5),0.3333333333333333,1.48,0.4179180173039902
breast_cancer,75,4,Dirichlet (α=0.1),0.36,0.8933333333333333,0.1923661783838367
breast_cancer,75,4,Forcé (1 classe/client),1.0,1.0,0.0
breast_cancer,75,5,IID,0.0,2.0,0.8676430708885728
breast_cancer,75,5,Dirichlet (α=10.0),0.0,2.0,0.9161365581123022
breast_cancer,75,5,Dirichlet (α=1.0),0.2,1.7466666666666666,0.6117730674590356
breast_cancer,75,5,Dirichlet (α=0.5),0.32,1.4933333333333334,0.4596088247552859
breast_cancer,75,5,Dirichlet (α=0.1),0.3333333333333333,0.8133333333333334,0.19296396592817422
breast_cancer,75,5,Forcé (1 classe/client),1.0,1.0,0.0
breast_cancer,75,6,IID,0.02666666666666667,1.9733333333333334,0.8484267867108195
breast_cancer,75,6,Dirichlet (α=10.0),0.0,2.0,0.916456531802045
breast_cancer,75,6,Dirichlet (α=1.0),0.16,1.7866666666666666,0.6722140671839358
breast_cancer,75,6,Dirichlet (α=0.5),0.29333333333333333,1.52,0.47054202604405815
breast_cancer,75,6,Dirichlet (α=0.1),0.3466666666666667,0.8,0.16441806379525328
breast_cancer,75,6,Forcé (1 classe/client),1.0,1.0,0.0
breast_cancer,75,7,IID,0.04,1.96,0.8375463415257676
breast_cancer,75,7,Dirichlet (α=10.0),0.0,2.0,0.9115558643654301
breast_cancer,75,7,Dirichlet (α=1.0),0.24,1.7066666666666668,0.5885058338895286
breast_cancer,75,7,Dirichlet (α=0.5),0.30666666666666664,1.5866666666666667,0.48362429904574156
breast_cancer,75,7,Dirichlet (α=0.1),0.28,0.7866666666666666,0.20884730822503325
breast_cancer,75,7,Forcé (1 classe/client),1.0,1.0,0.0
breast_cancer,75,8,IID,0.013333333333333334,1.9866666666666666,0.8785242241169686
breast_cancer,75,8,Dirichlet (α=10.0),0.013333333333333334,1.9866666666666666,0.9107959500630972
breast_cancer,75,8,Dirichlet (α=1.0),0.16,1.7333333333333334,0.6222935480551813
breast_cancer,75,8,Dirichlet (α=0.5),0.28,1.6133333333333333,0.5212818499703318
breast_cancer,75,8,Dirichlet (α=0.1),0.26666666666666666,0.72,0.18093492800344269
breast_cancer,75,8,Forcé (1 classe/client),1.0,1.0,0.0
breast_cancer,75,9,IID,0.02666666666666667,1.9733333333333334,0.8621261813056611
breast_cancer,75,9,Dirichlet (α=10.0),0.0,2.0,0.9070969097949214
breast_cancer,75,9,Dirichlet (α=1.0),0.13333333333333333,1.7866666666666666,0.6906478343140166
breast_cancer,75,9,Dirichlet (α=0.5),0.28,1.4533333333333334,0.44946847190734057
breast_cancer,75,9,Dirichlet (α=0.1),0.28,0.8133333333333334,0.20078269177479086
breast_cancer,75,9,Forcé (1 classe/client),1.0,1.0,0.0
breast_cancer,75,10,IID,0.0,2.0,0.8607324493366214
breast_cancer,75,10,Dirichlet (α=10.0),0.0,2.0,0.9120319411460553
breast_cancer,75,10,Dirichlet (α=1.0),0.17333333333333334,1.8,0.6548083138635282
breast_cancer,75,10,Dirichlet (α=0.5),0.30666666666666664,1.4266666666666667,0.44612301610246485
breast_cancer,75,10,Dirichlet (α=0.1),0.3466666666666667,0.8533333333333334,0.19138543812496428
breast_cancer,75,10,Forcé (1 classe/client),1.0,1.0,0.0
breast_cancer,75,11,IID,0.0,2.0,0.877189960242482
breast_cancer,75,11,Dirichlet (α=10.0),0.0,2.0,0.9173228705565836
breast_cancer,75,11,Dirichlet (α=1.0),0.14666666666666667,1.8,0.6644745783852621
breast_cancer,75,11,Dirichlet (α=0.5),0.37333333333333335,1.52,0.44897434341442655
breast_cancer,75,11,Dirichlet (α=0.1),0.3466666666666667,0.8266666666666667,0.19825790585554862
breast_cancer,75,11,Forcé (1 classe/client),1.0,1.0,0.0
breast_cancer,75,12,IID,0.08,1.92,0.803415579495338
breast_cancer,75,12,Dirichlet (α=10.0),0.0,2.0,0.9133944009019043
breast_cancer,75,12,Dirichlet (α=1.0),0.09333333333333334,1.8533333333333333,0.7252684232047778
breast_cancer,75,12,Dirichlet (α=0.5),0.26666666666666666,1.5466666666666666,0.5049606933938211
breast_cancer,75,12,Dirichlet (α=0.1),0.44,0.84,0.1617302078563447
breast_cancer,75,12,Forcé (1 classe/client),1.0,1.0,0.0
breast_cancer,75,13,IID,0.05333333333333334,1.9466666666666668,0.8191796799246011
breast_cancer,75,13,Dirichlet (α=10.0),0.0,2.0,0.9155076169216659
breast_cancer,75,13,Dirichlet (α=1.0),0.2,1.7466666666666666,0.633736623638953
breast_cancer,75,13,Dirichlet (α=0.5),0.26666666666666666,1.4666666666666666,0.4326517034388124
breast_cancer,75,13,Dirichlet (α=0.1),0.24,0.7733333333333333,0.2006877729978604
breast_cancer,75,13,Forcé (1 classe/client),1.0,1.0,0.0
breast_cancer,75,14,IID,0.0,2.0,0.8657977024887256
breast_cancer,75,14,Dirichlet (α=10.0),0.0,2.0,0.9248144256974166
breast_cancer,75,14,Dirichlet (α=1.0),0.29333333333333333,1.6,0.5190282260838929
breast_cancer,75,14,Dirichlet (α=0.5),0.38666666666666666,1.4266666666666667,0.3923492673359858
breast_cancer,75,14,Dirichlet (α=0.1),0.4666666666666667,0.76,0.12177483887009108
breast_cancer,75,14,Forcé (1 classe/client),1.0,1.0,0.0
breast_cancer,75,15,IID,0.02666666666666667,1.9733333333333334,0.8505966115096814
breast_cancer,75,15,Dirichlet (α=10.0),0.0,2.0,0.9201953239329412
breast_cancer,75,15,Dirichlet (α=1.0),0.18666666666666668,1.76,0.6389562987251252
breast_cancer,75,15,Dirichlet (α=0.5),0.22666666666666666,1.5333333333333334,0.5090142524353176
breast_cancer,75,15,Dirichlet (α=0.1),0.28,0.84,0.20122007109466275
breast_cancer,75,15,Forcé (1 classe/client),1.0,1.0,0.0
breast_cancer,75,16,IID,0.013333333333333334,1.9866666666666666,0.8584214334451055
breast_cancer,75,16,Dirichlet (α=10.0),0.0,2.0,0.9222218567476187
breast_cancer,75,16,Dirichlet (α=1.0),0.2,1.72,0.6259512016358044
breast_cancer,75,16,Dirichlet (α=0.5),0.28,1.4,0.411630798591587
breast_cancer,75,16,Dirichlet (α=0.1),0.38666666666666666,0.76,0.1344818741444356
breast_cancer,75,16,Forcé (1 classe/client),1.0,1.0,0.0
breast_cancer,75,17,IID,0.02666666666666667,1.9733333333333334,0.8627665151982592
breast_cancer,75,17,Dirichlet (α=10.0),0.0,2.0,0.9165941890692673
breast_cancer,75,17,Dirichlet (α=1.0),0.29333333333333333,1.7066666666666668,0.5778510336336745
breast_cancer,75,17,Dirichlet (α=0.5),0.38666666666666666,1.5333333333333334,0.4386429334236292
breast_cancer,75,17,Dirichlet (α=0.1),0.44,0.76,0.11320641685514081
breast_cancer,75,17,Forcé (1 classe/client),1.0,1.0,0.0
breast_cancer,75,18,IID,0.04,1.96,0.8281638848935364
breast_cancer,75,18,Dirichlet (α=10.0),0.0,2.0,0.9122700229553133
breast_cancer,75,18,Dirichlet (α=1.0),0.18666666666666668,1.76,0.619237795676525
breast_cancer,75,18,Dirichlet (α=0.5),0.36,1.48,0.4203577242309037
breast_cancer,75,18,Dirichlet (α=0.1),0.37333333333333335,0.8266666666666667,0.16344739628153696
breast_cancer,75,18,Forcé (1 classe/client),1.0,1.0,0.0
breast_cancer,75,19,IID,0.02666666666666667,1.9733333333333334,0.8401220844124659
breast_cancer,75,19,Dirichlet (α=10.0),0.0,2.0,0.9196710006124105
breast_cancer,75,19,Dirichlet (α=1.0),0.29333333333333333,1.6533333333333333,0.5422749721219005
breast_cancer,75,19,Dirichlet (α=0.5),0.41333333333333333,1.3733333333333333,0.37966868160064365
breast_cancer,75,19,Dirichlet (α=0.1),0.32,0.8,0.18470331127095288
breast_cancer,75,19,Forcé (1 classe/client),1.0,1.0,0.0
breast_cancer,75,20,IID,0.013333333333333334,1.9866666666666666,0.8646846615405615
breast_cancer,75,20,Dirichlet (α=10.0),0.0,2.0,0.909892022397389
breast_cancer,75,20,Dirichlet (α=1.0),0.18666666666666668,1.7866666666666666,0.6530627271414834
breast_cancer,75,20,Dirichlet (α=0.5),0.30666666666666664,1.5333333333333334,0.4675441850160511
breast_cancer,75,20,Dirichlet (α=0.1),0.28,0.76,0.18639842039517224
breast_cancer,75,20,Forcé (1 classe/client),1.0,1.0,0.0
breast_cancer,75,21,IID,0.02666666666666667,1.9733333333333334,0.8691258203407773
breast_cancer,75,21,Dirichlet (α=10.0),0.0,2.0,0.9129771454104387
breast_cancer,75,21,Dirichlet (α=1.0),0.21333333333333335,1.7066666666666668,0.5927812673050081
breast_cancer,75,21,Dirichlet (α=0.5),0.24,1.5733333333333333,0.5167956104111465
breast_cancer,75,21,Dirichlet (α=0.1),0.41333333333333333,0.8666666666666667,0.17959135900195713
breast_cancer,75,21,Forcé (1 classe/client),1.0,1.0,0.0
breast_cancer,75,22,IID,0.05333333333333334,1.9466666666666668,0.8198050897843274
breast_cancer,75,22,Dirichlet (α=10.0),0.013333333333333334,1.9866666666666666,0.9120475037487901
breast_cancer,75,22,Dirichlet (α=1.0),0.2,1.72,0.6089497789362862
breast_cancer,75,22,Dirichlet (α=0.5),0.29333333333333333,1.5466666666666666,0.48826108853603595
breast_cancer,75,22,Dirichlet (α=0.1),0.37333333333333335,0.88,0.209126171977051
breast_cancer,75,22,Forcé (1 classe/client),1.0,1.0,0.0
breast_cancer,75,23,IID,0.02666666666666667,1.9733333333333334,0.8712766982076409
breast_cancer,75,23,Dirichlet (α=10.0),0.02666666666666667,1.9733333333333334,0.8897714279570414
breast_cancer,75,23,Dirichlet (α=1.0),0.18666666666666668,1.7866666666666666,0.6474345466815196
breast_cancer,75,23,Dirichlet (α=0.5),0.28,1.3733333333333333,0.3978684920395139
breast_cancer,75,23,Dirichlet (α=0.1),0.29333333333333333,0.9066666666666666,0.22547627767860598
breast_cancer,75,23,Forcé (1 classe/client),1.0,1.0,0.0
breast_cancer,75,24,IID,0.013333333333333334,1.9866666666666666,0.8597346804532988
breast_cancer,75,24,Dirichlet (α=10.0),0.0,2.0,0.9192074149963048
breast_cancer,75,24,Dirichlet (α=1.0),0.16,1.8133333333333332,0.6818307404181714
breast_cancer,75,24,Dirichlet (α=0.5),0.38666666666666666,1.48,0.4179610182767241
breast_cancer,75,24,Dirichlet (α=0.1),0.3466666666666667,0.7733333333333333,0.1703364403272558
breast_cancer,75,24,Forcé (1 classe/client),1.0,1.0,0.0
breast_cancer,75,25,IID,0.02666666666666667,1.9733333333333334,0.863975797528301
breast_cancer,75,25,Dirichlet (α=10.0),0.013333333333333334,1.9866666666666666,0.8984557020668514
breast_cancer,75,25,Dirichlet (α=1.0),0.2,1.7733333333333334,0.6424558884223587
breast_cancer,75,25,Dirichlet (α=0.5),0.3466666666666667,1.5733333333333333,0.4990516130096851
breast_cancer,75,25,Dirichlet (α=0.1),0.30666666666666664,0.9466666666666667,0.2151377150025444
breast_cancer,75,25,Forcé (1 classe/client),1.0,1.0,0.0
breast_cancer,75,26,IID,0.013333333333333334,1.9866666666666666,0.831659320907988
breast_cancer,75,26,Dirichlet (α=10.0),0.0,2.0,0.9139359586249933
breast_cancer,75,26,Dirichlet (α=1.0),0.24,1.68,0.5878660723692307
breast_cancer,75,26,Dirichlet (α=0.5),0.3333333333333333,1.5066666666666666,0.44661896124158335
breast_cancer,75,26,Dirichlet (α=0.1),0.30666666666666664,0.84,0.19773521092313348
breast_cancer,75,26,Forcé (1 classe/client),1.0,1.0,0.0
breast_cancer,75,27,IID,0.02666666666666667,1.9733333333333334,0.8541850641943066
breast_cancer,75,27,Dirichlet (α=10.0),0.0,2.0,0.9155557138671806
breast_cancer,75,27,Dirichlet (α=1.0),0.13333333333333333,1.7066666666666668,0.6452857808139495
breast_cancer,75,27,Dirichlet (α=0.5),0.3466666666666667,1.4933333333333334,0.40246844831475526
breast_cancer,75,27,Dirichlet (α=0.1),0.3333333333333333,0.9466666666666667,0.25552435226680376
breast_cancer,75,27,Forcé (1 classe/client),1.0,1.0,0.0
breast_cancer,75,28,IID,0.04,1.96,0.8235466109322079
breast_cancer,75,28,Dirichlet (α=10.0),0.013333333333333334,1.9866666666666666,0.9140161441871029
breast_cancer,75,28,Dirichlet (α=1.0),0.22666666666666666,1.7466666666666666,0.611080955891695
breast_cancer,75,28,Dirichlet (α=0.5),0.29333333333333333,1.6266666666666667,0.5057512367254516
breast_cancer,75,28,Dirichlet (α=0.1),0.4266666666666667,0.8266666666666667,0.15916510972597187
breast_cancer,75,28,Forcé (1 classe/client),1.0,1.0,0.0
breast_cancer,75,29,IID,0.013333333333333334,1.9866666666666666,0.8487976963753817
breast_cancer,75,29,Dirichlet (α=10.0),0.02666666666666667,1.9733333333333334,0.8948045075216466
breast_cancer,75,29,Dirichlet (α=1.0),0.17333333333333334,1.7733333333333334,0.6530292135715658
breast_cancer,75,29,Dirichlet (α=0.5),0.30666666666666664,1.5066666666666666,0.46204857481828754
breast_cancer,75,29,Dirichlet (α=0.1),0.30666666666666664,0.8666666666666667,0.22278435391078
breast_cancer,75,29,Forcé (1 classe/client),1.0,1.0,0.0
breast_cancer,100,0,IID,0.04,1.96,0.8490801033849639
breast_cancer,100,0,Dirichlet (α=10.0),0.04,1.96,0.8841113960356991
breast_cancer,100,0,Dirichlet (α=1.0),0.2,1.72,0.6512744128845833
breast_cancer,100,0,Dirichlet (α=0.5),0.28,1.46,0.49012516671640965
breast_cancer,100,0,Dirichlet (α=0.1),0.39,0.79,0.16520447382907794
breast_cancer,100,0,Forcé (1 classe/client),1.0,1.0,0.0
breast_cancer,100,1,IID,0.11,1.89,0.7861375561846435
breast_cancer,100,1,Dirichlet (α=10.0),0.03,1.97,0.8899216867218567
breast_cancer,100,1,Dirichlet (α=1.0),0.29,1.65,0.5565921317031557
breast_cancer,100,1,Dirichlet (α=0.5),0.28,1.56,0.5037872590258538
breast_cancer,100,1,Dirichlet (α=0.1),0.36,0.8,0.16950903517021235
breast_cancer,100,1,Forcé (1 classe/client),1.0,1.0,0.0
breast_cancer,100,2,IID,0.1,1.9,0.7780349133055546
breast_cancer,100,2,Dirichlet (α=10.0),0.01,1.99,0.8962524299836161
breast_cancer,100,2,Dirichlet (α=1.0),0.26,1.68,0.6036485189777762
breast_cancer,100,2,Dirichlet (α=0.5),0.29,1.47,0.47764150272997824
breast_cancer,100,2,Dirichlet (α=0.1),0.25,0.71,0.174343887938569
breast_cancer,100,2,Forcé (1 classe/client),1.0,1.0,0.0
breast_cancer,100,3,IID,0.12,1.88,0.7607523030440714
breast_cancer,100,3,Dirichlet (α=10.0),0.02,1.98,0.9030106314100955
breast_cancer,100,3,Dirichlet (α=1.0),0.24,1.68,0.6216629925149448
breast_cancer,100,3,Dirichlet (α=0.5),0.32,1.44,0.4253640723663507
breast_cancer,100,3,Dirichlet (α=0.1),0.26,0.68,0.16661326210911312
breast_cancer,100,3,Forcé (1 classe/client),1.0,1.0,0.0
breast_cancer,100,4,IID,0.02,1.98,0.8552700486535446
breast_cancer,100,4,Dirichlet (α=10.0),0.0,2.0,0.9159215858685031
breast_cancer,100,4,Dirichlet (α=1.0),0.27,1.67,0.5828617714872951
breast_cancer,100,4,Dirichlet (α=0.5),0.34,1.38,0.4039315368950928
breast_cancer,100,4,Dirichlet (α=0.1),0.33,0.81,0.19463815365922474
breast_cancer,100,4,Forcé (1 classe/client),1.0,1.0,0.0
breast_cancer,100,5,IID,0.04,1.96,0.8302702835373403
breast_cancer,100,5,Dirichlet (α=10.0),0.0,2.0,0.9071601154984158
breast_cancer,100,5,Dirichlet (α=1.0),0.21,1.73,0.6272492210685682
breast_cancer,100,5,Dirichlet (α=0.5),0.34,1.46,0.4764879878937731
breast_cancer,100,5,Dirichlet (α=0.1),0.33,0.75,0.17865947989946954
breast_cancer,100,5,Forcé (1 classe/client),1.0,1.0,0.0
breast_cancer,100,6,IID,0.09,1.91,0.8057218569486728
breast_cancer,100,6,Dirichlet (α=10.0),0.01,1.99,0.9134945592611825
breast_cancer,100,6,Dirichlet (α=1.0),0.24,1.66,0.5795681970607847
breast_cancer,100,6,Dirichlet (α=0.5),0.33,1.49,0.4741197899658397
breast_cancer,100,6,Dirichlet (α=0.1),0.33,0.79,0.18430607863886259
breast_cancer,100,6,Forcé (1 classe/client),1.0,1.0,0.0
breast_cancer,100,7,IID,0.1,1.9,0.78645625417066
breast_cancer,100,7,Dirichlet (α=10.0),0.03,1.97,0.8923594061244405
breast_cancer,100,7,Dirichlet (α=1.0),0.24,1.7,0.6100117077142838
breast_cancer,100,7,Dirichlet (α=0.5),0.32,1.36,0.42073874268364037
breast_cancer,100,7,Dirichlet (α=0.1),0.34,0.8,0.17110605683166832
breast_cancer,100,7,Forcé (1 classe/client),1.0,1.0,0.0
breast_cancer,100,8,IID,0.06,1.94,0.8198808208777112
breast_cancer,100,8,Dirichlet (α=10.0),0.01,1.99,0.9160524802919409
breast_cancer,100,8,Dirichlet (α=1.0),0.21,1.73,0.6266511701500972
breast_cancer,100,8,Dirichlet (α=0.5),0.31,1.41,0.437581596972626
breast_cancer,100,8,Dirichlet (α=0.1),0.27,0.81,0.2098330056424868
breast_cancer,100,8,Forcé (1 classe/client),1.0,1.0,0.0
breast_cancer,100,9,IID,0.08,1.92,0.7930980077343688
breast_cancer,100,9,Dirichlet (α=10.0),0.0,2.0,0.9192321282984056
breast_cancer,100,9,Dirichlet (α=1.0),0.22,1.66,0.5949481333027352
breast_cancer,100,9,Dirichlet (α=0.5),0.38,1.48,0.44142233239732986
breast_cancer,100,9,Dirichlet (α=0.1),0.28,0.74,0.1801021407019504
breast_cancer,100,9,Forcé (1 classe/client),1.0,1.0,0.0
breast_cancer,100,10,IID,0.07,1.93,0.8288093942219602
breast_cancer,100,10,Dirichlet (α=10.0),0.0,2.0,0.9123219806077063
breast_cancer,100,10,Dirichlet (α=1.0),0.24,1.66,0.5965733903125501
breast_cancer,100,10,Dirichlet (α=0.5),0.32,1.52,0.4932072031742189
breast_cancer,100,10,Dirichlet (α=0.1),0.38,0.82,0.1878281134396322
breast_cancer,100,10,Forcé (1 classe/client),1.0,1.0,0.0
breast_cancer,100,11,IID,0.05,1.95,0.8246687617406693
breast_cancer,100,11,Dirichlet (α=10.0),0.02,1.98,0.9093446170574387
breast_cancer,100,11,Dirichlet (α=1.0),0.25,1.73,0.6110296150519019
breast_cancer,100,11,Dirichlet (α=0.5),0.32,1.5,0.49522035862804636
breast_cancer,100,11,Dirichlet (α=0.1),0.33,0.83,0.1849061781591887
breast_cancer,100,11,Forcé (1 classe/client),1.0,1.0,0.0
breast_cancer,100,12,IID,0.07,1.93,0.7997155320027756
breast_cancer,100,12,Dirichlet (α=10.0),0.02,1.98,0.8996132605199325
breast_cancer,100,12,Dirichlet (α=1.0),0.17,1.75,0.6612201751033073
breast_cancer,100,12,Dirichlet (α=0.5),0.21,1.45,0.48120187572168954
breast_cancer,100,12,Dirichlet (α=0.1),0.29,0.75,0.19829640467479068
breast_cancer,100,12,Forcé (1 classe/client),1.0,1.0,0.0
breast_cancer,100,13,IID,0.06,1.94,0.8324462549498495
breast_cancer,100,13,Dirichlet (α=10.0),0.01,1.99,0.9053396570355133
breast_cancer,100,13,Dirichlet (α=1.0),0.27,1.63,0.5558848435648908
breast_cancer,100,13,Dirichlet (α=0.5),0.3,1.5,0.4785185642105615
breast_cancer,100,13,Dirichlet (α=0.1),0.28,0.84,0.24388689677454584
breast_cancer,100,13,Forcé (1 classe/client),1.0,1.0,0.0
breast_cancer,100,14,IID,0.03,1.97,0.8348409720670885
breast_cancer,100,14,Dirichlet (α=10.0),0.01,1.99,0.9053322829810482
breast_cancer,100,14,Dirichlet (α=1.0),0.27,1.67,0.573625776602192
breast_cancer,100,14,Dirichlet (α=0.5),0.33,1.41,0.40599529861142175
breast_cancer,100,14,Dirichlet (α=0.1),0.3,0.68,0.12864022357509838
breast_cancer,100,14,Forcé (1 classe/client),1.0,1.0,0.0
breast_cancer,100,15,IID,0.06,1.94,0.8033602978592589
breast_cancer,100,15,Dirichlet (α=10.0),0.01,1.99,0.9017081646978877
breast_cancer,100,15,Dirichlet (α=1.0),0.2,1.64,0.6007969137320301
breast_cancer,100,15,Dirichlet (α=0.5),0.33,1.51,0.4873942744141639
breast_cancer,100,15,Dirichlet (α=0.1),0.33,0.83,0.2205119465595449
breast_cancer,100,15,Forcé (1 classe/client),1.0,1.0,0.0
breast_cancer,100,16,IID,0.07,1.93,0.808404591072734
breast_cancer,100,16,Dirichlet (α=10.0),0.0,2.0,0.9049610790029223
breast_cancer,100,16,Dirichlet (α=1.0),0.19,1.79,0.680166688571653
breast_cancer,100,16,Dirichlet (α=0.5),0.39,1.41,0.4055647410096601
breast_cancer,100,16,Dirichlet (α=0.1),0.38,0.82,0.20123600884771178
breast_cancer,100,16,Forcé (1 classe/client),1.0,1.0,0.0
breast_cancer,100,17,IID,0.05,1.95,0.8440214533590022
breast_cancer,100,17,Dirichlet (α=10.0),0.01,1.99,0.9006059092691007
breast_cancer,100,17,Dirichlet (α=1.0),0.26,1.6,0.5498478285408548
breast_cancer,100,17,Dirichlet (α=0.5),0.27,1.47,0.4841797605184784
breast_cancer,100,17,Dirichlet (α=0.1),0.35,0.83,0.18519820123886369
breast_cancer,100,17,Forcé (1 classe/client),1.0,1.0,0.0
breast_cancer,100,18,IID,0.08,1.92,0.8209774605058753
breast_cancer,100,18,Dirichlet (α=10.0),0.0,2.0,0.9229929701708159
breast_cancer,100,18,Dirichlet (α=1.0),0.2,1.64,0.6024365808582195
breast_cancer,100,18,Dirichlet (α=0.5),0.34,1.34,0.40097871024030496
breast_cancer,100,18,Dirichlet (α=0.1),0.37,0.73,0.14572067844762998
breast_cancer,100,18,Forcé (1 classe/client),1.0,1.0,0.0
breast_cancer,100,19,IID,0.11,1.89,0.7930391228246113
breast_cancer,100,19,Dirichlet (α=10.0),0.01,1.99,0.905431457404381
breast_cancer,100,19,Dirichlet (α=1.0),0.19,1.73,0.646086582153399
breast_cancer,100,19,Dirichlet (α=0.5),0.31,1.51,0.48680089482032074
breast_cancer,100,19,Dirichlet (α=0.1),0.27,0.81,0.21664321559184643
breast_cancer,100,19,Forcé (1 classe/client),1.0,1.0,0.0
breast_cancer,100,20,IID,0.07,1.93,0.8312214191830178
breast_cancer,100,20,Dirichlet (α=10.0),0.0,2.0,0.9215698414393853
breast_cancer,100,20,Dirichlet (α=1.0),0.28,1.62,0.576739089689039
breast_cancer,100,20,Dirichlet (α=0.5),0.27,1.57,0.5351350035564352
breast_cancer,100,20,Dirichlet (α=0.1),0.38,0.82,0.18348918530977845
breast_cancer,100,20,Forcé (1 classe/client),1.0,1.0,0.0
breast_cancer,100,21,IID,0.1,1.9,0.7734276018071299
breast_cancer,100,21,Dirichlet (α=10.0),0.01,1.99,0.9130809346431619
breast_cancer,100,21,Dirichlet (α=1.0),0.24,1.66,0.5874858822915904
breast_cancer,100,21,Dirichlet (α=0.5),0.35,1.45,0.4133921406883856
breast_cancer,100,21,Dirichlet (α=0.1),0.35,0.85,0.19700585536169274
breast_cancer,100,21,Forcé (1 classe/client),1.0,1.0,0.0
breast_cancer,100,22,IID,0.1,1.9,0.8076508787258887
breast_cancer,100,22,Dirichlet (α=10.0),0.01,1.99,0.9110906225191223
breast_cancer,100,22,Dirichlet (α=1.0),0.25,1.63,0.5491484963616446
breast_cancer,100,22,Dirichlet (α=0.5),0.24,1.44,0.48166254042530887
breast_cancer,100,22,Dirichlet (α=0.1),0.4,0.88,0.21906570840536566
breast_cancer,100,22,Forcé (1 classe/client),1.0,1.0,0.0
breast_cancer,100,23,IID,0.1,1.9,0.8013149597072303
breast_cancer,100,23,Dirichlet (α=10.0),0.0,2.0,0.921154751740376
breast_cancer,100,23,Dirichlet (α=1.0),0.27,1.67,0.5672620725109356
breast_cancer,100,23,Dirichlet (α=0.5),0.33,1.47,0.44730765517442866
breast_cancer,100,23,Dirichlet (α=0.1),0.36,0.82,0.1885993329557285
breast_cancer,100,23,Forcé (1 classe/client),1.0,1.0,0.0
breast_cancer,100,24,IID,0.12,1.88,0.7730782228419192
breast_cancer,100,24,Dirichlet (α=10.0),0.03,1.97,0.8932771827678314
breast_cancer,100,24,Dirichlet (α=1.0),0.25,1.69,0.6130195977337133
breast_cancer,100,24,Dirichlet (α=0.5),0.31,1.43,0.4459121239476248
breast_cancer,100,24,Dirichlet (α=0.1),0.35,0.79,0.1763443446428344
breast_cancer,100,24,Forcé (1 classe/client),1.0,1.0,0.0
breast_cancer,100,25,IID,0.06,1.94,0.8387702942046524
breast_cancer,100,25,Dirichlet (α=10.0),0.01,1.99,0.9041560627782151
breast_cancer,100,25,Dirichlet (α=1.0),0.22,1.64,0.5928152304004127
breast_cancer,100,25,Dirichlet (α=0.5),0.29,1.39,0.4493075510599959
breast_cancer,100,25,Dirichlet (α=0.1),0.35,0.77,0.15038519485460847
breast_cancer,100,25,Forcé (1 classe/client),1.0,1.0,0.0
breast_cancer,100,26,IID,0.09,1.91,0.7745069335914749
breast_cancer,100,26,Dirichlet (α=10.0),0.01,1.99,0.8946104751858186
breast_cancer,100,26,Dirichlet (α=1.0),0.22,1.66,0.5887392295735222
breast_cancer,100,26,Dirichlet (α=0.5),0.27,1.43,0.47898908404062013
breast_cancer,100,26,Dirichlet (α=0.1),0.3,0.82,0.2195218177947804
breast_cancer,100,26,Forcé (1 classe/client),1.0,1.0,0.0
breast_cancer,100,27,IID,0.06,1.94,0.8149473760322671
breast_cancer,100,27,Dirichlet (α=10.0),0.0,2.0,0.9090103297930401
breast_cancer,100,27,Dirichlet (α=1.0),0.27,1.73,0.6032480834065308
breast_cancer,100,27,Dirichlet (α=0.5),0.32,1.5,0.48982505174087804
breast_cancer,100,27,Dirichlet (α=0.1),0.29,0.73,0.17900354916976446
breast_cancer,100,27,Forcé (1 classe/client),1.0,1.0,0.0
breast_cancer,100,28,IID,0.07,1.93,0.7830534796370978
breast_cancer,100,28,Dirichlet (α=10.0),0.01,1.99,0.9075382086766264
breast_cancer,100,28,Dirichlet (α=1.0),0.26,1.66,0.6113377828004778
breast_cancer,100,28,Dirichlet (α=0.5),0.28,1.44,0.45474899609351616
breast_cancer,100,28,Dirichlet (α=0.1),0.3,0.82,0.21798942324371567
breast_cancer,100,28,Forcé (1 classe/client),1.0,1.0,0.0
breast_cancer,100,29,IID,0.05,1.95,0.8194448228397717
breast_cancer,100,29,Dirichlet (α=10.0),0.02,1.98,0.898722269258948
breast_cancer,100,29,Dirichlet (α=1.0),0.23,1.65,0.5714052901655169
breast_cancer,100,29,Dirichlet (α=0.5),0.33,1.55,0.49379873839241434
breast_cancer,100,29,Dirichlet (α=0.1),0.28,0.76,0.20078632972047056
breast_cancer,100,29,Forcé (1 classe/client),1.0,1.0,0.0
